date,open,high,low,close,volume
2025-06-30 08:00:00+00:00,201.2,201.52,200.89,201.29,57916
2025-06-30 09:00:00+00:00,201.28,201.67,201.28,201.41,24921
2025-06-30 10:00:00+00:00,201.45,201.71,201.45,201.7,35249
2025-06-30 11:00:00+00:00,201.68,201.94,201.54,201.6,77638
2025-06-30 12:00:00+00:00,201.6,201.94,199.79,201.1,442279
2025-06-30 13:00:00+00:00,201.12,201.39,199.76,199.97,5631285
2025-06-30 14:00:00+00:00,199.96,200.58,198.8,199.18,8217859
2025-06-30 15:00:00+00:00,199.18,199.49,198.84,199.24,5410033
2025-06-30 16:00:00+00:00,199.25,199.69,199.06,199.33,4112138
2025-06-30 17:00:00+00:00,199.33,199.55,199.11,199.48,3920062
2025-06-30 18:00:00+00:00,199.48,201.88,198.47,201.12,10426672
2025-06-30 19:00:00+00:00,201.11,206.57,201.09,204.31,32390259
2025-06-30 20:00:00+00:00,204.25,205.48,203.85,204.64,20587402
2025-06-30 21:00:00+00:00,204.45,204.81,204.32,204.59,195236
2025-06-30 22:00:00+00:00,204.6,204.69,204.19,204.43,177992
2025-06-30 23:00:00+00:00,204.39,205.15,204.36,204.63,182346
2025-07-01 08:00:00+00:00,204.69,204.78,203.8,204.61,124932
2025-07-01 09:00:00+00:00,204.64,204.7,204.35,204.6,28497
2025-07-01 10:00:00+00:00,204.61,204.95,204.61,204.95,45833
2025-07-01 11:00:00+00:00,204.91,205.75,204.89,205.45,189440
2025-07-01 12:00:00+00:00,204.99,206.65,203.63,206.38,1020949
2025-07-01 13:00:00+00:00,206.39,208.28,204.36,208.26,16616758
2025-07-01 14:00:00+00:00,208.23,209.07,206.65,208.13,16427923
2025-07-01 15:00:00+00:00,208.13,209.36,205.97,206.48,11742725
2025-07-01 16:00:00+00:00,206.48,207.71,206.32,206.36,7014418
2025-07-01 17:00:00+00:00,206.36,207.55,206.27,207.33,4947326
2025-07-01 18:00:00+00:00,207.33,207.61,207.03,207.19,4107549
2025-07-01 19:00:00+00:00,207.2,207.53,206.56,207.04,8404572
2025-07-01 20:00:00+00:00,207.04,208.97,206.95,208.4,7567164
2025-07-01 21:00:00+00:00,208.34,208.67,207.0,208.37,401709
2025-07-01 22:00:00+00:00,208.37,208.47,208.17,208.35,56668
2025-07-01 23:00:00+00:00,208.24,208.46,207.97,208.09,70474
2025-07-02 08:00:00+00:00,208.55,208.79,208.18,208.36,54046
2025-07-02 09:00:00+00:00,208.45,208.72,208.38,208.63,31389
2025-07-02 10:00:00+00:00,208.66,208.74,208.47,208.51,49149
2025-07-02 11:00:00+00:00,208.52,209.49,208.37,209.22,204728
2025-07-02 12:00:00+00:00,209.28,210.09,208.35,208.81,974068
2025-07-02 13:00:00+00:00,208.87,212.5,207.32,211.78,15803482
2025-07-02 14:00:00+00:00,211.78,212.13,210.44,211.07,12396006
2025-07-02 15:00:00+00:00,211.08,211.75,210.4,210.71,6505778
2025-07-02 16:00:00+00:00,210.72,211.08,209.39,210.27,6032793
2025-07-02 17:00:00+00:00,210.27,210.88,209.6,210.77,4231458
2025-07-02 18:00:00+00:00,210.77,211.66,210.33,211.43,4469981
2025-07-02 19:00:00+00:00,211.43,212.12,211.0,211.57,10458015
2025-07-02 20:00:00+00:00,211.51,211.8,211.01,211.02,6606619
2025-07-02 21:00:00+00:00,211.0,211.6,210.99,211.24,47696
2025-07-02 22:00:00+00:00,211.18,211.56,211.08,211.16,18998
2025-07-02 23:00:00+00:00,211.17,211.32,211.17,211.27,33095
2025-07-03 08:00:00+00:00,211.96,212.25,211.25,211.29,71308
2025-07-03 09:00:00+00:00,211.29,211.43,209.58,209.6,82701
2025-07-03 10:00:00+00:00,209.59,210.07,209.02,210.07,118750
2025-07-03 11:00:00+00:00,210.07,210.68,210.03,210.31,72586
2025-07-03 12:00:00+00:00,210.09,212.12,208.98,210.96,426434
2025-07-03 13:00:00+00:00,210.95,212.95,210.89,212.49,7387261
2025-07-03 14:00:00+00:00,212.49,213.56,212.2,213.11,9357718
2025-07-03 15:00:00+00:00,213.12,213.8,212.83,213.48,6259814
2025-07-03 16:00:00+00:00,213.49,213.65,212.49,212.75,6270747
2025-07-03 17:00:00+00:00,212.49,212.71,212.35,212.51,4723692
2025-07-03 18:00:00+00:00,212.5,212.51,212.36,212.41,36590
2025-07-03 19:00:00+00:00,212.37,212.78,212.27,212.55,81869
2025-07-03 20:00:00+00:00,212.56,212.75,212.51,212.71,35344
2025-07-07 08:00:00+00:00,212.73,212.73,210.75,210.86,96514
2025-07-07 09:00:00+00:00,210.91,211.28,210.58,211.26,38058
2025-07-07 10:00:00+00:00,211.18,211.75,211.18,211.52,54667
2025-07-07 11:00:00+00:00,211.58,211.8,211.45,211.76,38056
2025-07-07 12:00:00+00:00,211.61,212.33,210.68,211.52,291400
2025-07-07 13:00:00+00:00,211.52,215.38,211.07,212.1,9134589
2025-07-07 14:00:00+00:00,212.09,212.28,210.76,211.27,6317231
2025-07-07 15:00:00+00:00,211.28,211.76,210.69,210.91,3876914
2025-07-07 16:00:00+00:00,210.9,211.38,209.07,209.8,5807288
2025-07-07 17:00:00+00:00,209.8,209.96,208.69,209.22,4131898
2025-07-07 18:00:00+00:00,209.23,209.38,207.97,208.93,4547933
2025-07-07 19:00:00+00:00,208.94,209.42,208.36,209.11,6887856
2025-07-07 20:00:00+00:00,209.1,209.43,208.43,208.63,8649570
2025-07-07 21:00:00+00:00,208.67,209.12,208.12,208.31,176868
2025-07-07 22:00:00+00:00,208.37,208.51,208.17,208.37,44004
2025-07-07 23:00:00+00:00,208.42,208.53,208.04,208.16,95103
2025-07-08 08:00:00+00:00,209.52,209.66,209.07,209.61,53270
2025-07-08 09:00:00+00:00,209.61,209.61,209.2,209.2,23930
2025-07-08 10:00:00+00:00,209.2,209.2,208.8,209.02,27448
2025-07-08 11:00:00+00:00,209.12,209.3,208.97,209.22,30417
2025-07-08 12:00:00+00:00,209.24,209.77,208.81,209.37,298606
2025-07-08 13:00:00+00:00,209.37,209.66,207.66,207.84,5841359
2025-07-08 14:00:00+00:00,207.82,210.0,207.63,209.89,6157883
2025-07-08 15:00:00+00:00,209.9,210.59,208.95,209.72,4895558
2025-07-08 16:00:00+00:00,209.73,210.35,209.43,209.55,3405143
2025-07-08 17:00:00+00:00,209.54,209.6,208.49,209.02,3393092
2025-07-08 18:00:00+00:00,208.98,209.43,208.73,208.87,2610626
2025-07-08 19:00:00+00:00,208.87,209.98,208.47,209.21,6601688
2025-07-08 20:00:00+00:00,209.18,209.37,207.97,209.21,8809399
2025-07-08 21:00:00+00:00,209.07,209.26,208.99,209.17,27686
2025-07-08 22:00:00+00:00,209.14,209.32,209.14,209.32,33516
2025-07-08 23:00:00+00:00,209.31,209.46,209.19,209.33,32854
2025-07-09 08:00:00+00:00,209.22,209.32,209.07,209.18,6359
2025-07-09 09:00:00+00:00,209.34,209.85,209.34,209.41,15867
2025-07-09 10:00:00+00:00,209.42,209.47,209.04,209.08,26783
2025-07-09 11:00:00+00:00,209.08,209.37,208.99,209.07,42893
2025-07-09 12:00:00+00:00,209.11,209.78,208.12,208.47,266759
2025-07-09 13:00:00+00:00,208.48,210.07,208.17,209.03,5573104
2025-07-09 14:00:00+00:00,209.05,209.66,206.63,206.83,7432684
2025-07-09 15:00:00+00:00,206.82,207.15,206.4,206.91,6328561
2025-07-09 16:00:00+00:00,206.92,207.62,206.72,207.39,4053090
2025-07-09 17:00:00+00:00,207.39,208.55,207.15,208.41,4054023
2025-07-09 18:00:00+00:00,208.38,209.23,208.32,209.11,3868142
2025-07-09 19:00:00+00:00,209.11,210.49,208.81,210.27,8172186
2025-07-09 20:00:00+00:00,210.26,210.38,208.8,209.92,8766646
2025-07-09 21:00:00+00:00,209.95,210.06,209.77,209.97,37388
2025-07-09 22:00:00+00:00,209.88,210.06,209.87,209.97,41722
2025-07-09 23:00:00+00:00,209.92,210.04,209.88,209.89,32434
2025-07-10 08:00:00+00:00,209.82,209.82,209.27,209.41,37851
2025-07-10 09:00:00+00:00,209.43,209.57,208.79,208.89,47926
2025-07-10 10:00:00+00:00,208.88,209.17,208.87,209.17,13690
2025-07-10 11:00:00+00:00,209.04,209.43,209.02,209.29,34892
2025-07-10 12:00:00+00:00,209.12,209.78,208.81,209.16,245028
2025-07-10 13:00:00+00:00,209.2,210.45,209.02,210.44,5033301
2025-07-10 14:00:00+00:00,210.44,212.64,209.88,211.52,9829971
2025-07-10 15:00:00+00:00,211.53,212.48,211.39,211.55,5459669
2025-07-10 16:00:00+00:00,211.54,211.56,210.99,211.18,3981197
2025-07-10 17:00:00+00:00,211.18,212.32,211.09,211.53,3296171
2025-07-10 18:00:00+00:00,211.55,212.3,211.47,212.09,2771024
2025-07-10 19:00:00+00:00,212.08,212.61,211.21,211.6,6402421
2025-07-10 20:00:00+00:00,211.57,211.6,211.27,211.38,7116238
2025-07-10 21:00:00+00:00,211.39,211.51,211.21,211.38,89930
2025-07-10 22:00:00+00:00,211.41,211.51,211.41,211.47,25309
2025-07-10 23:00:00+00:00,211.48,211.66,211.46,211.66,20542
2025-07-11 08:00:00+00:00,210.68,210.68,209.49,210.1,57153
2025-07-11 09:00:00+00:00,210.09,210.28,209.52,209.58,34953
2025-07-11 10:00:00+00:00,209.56,209.93,209.47,209.73,35620
2025-07-11 11:00:00+00:00,209.72,210.41,209.69,210.27,55828
2025-07-11 12:00:00+00:00,210.08,211.04,209.52,210.05,151936
2025-07-11 13:00:00+00:00,210.12,210.45,209.03,210.16,5394884
2025-07-11 14:00:00+00:00,210.15,211.29,209.97,210.13,4897404
2025-07-11 15:00:00+00:00,210.12,210.38,209.6,209.84,4079688
2025-07-11 16:00:00+00:00,209.85,210.24,209.62,210.19,2815467
2025-07-11 17:00:00+00:00,210.18,210.46,210.07,210.38,2212178
2025-07-11 18:00:00+00:00,210.37,210.82,210.2,210.3,2423108
2025-07-11 19:00:00+00:00,210.3,210.57,209.79,210.24,5554581
2025-07-11 20:00:00+00:00,210.33,210.33,209.57,209.59,11954656
2025-07-11 21:00:00+00:00,209.66,209.75,209.6,209.67,27998
2025-07-11 22:00:00+00:00,209.68,209.87,209.62,209.78,19685
2025-07-11 23:00:00+00:00,209.77,209.8,209.69,209.69,24343
2025-07-14 08:00:00+00:00,208.97,209.17,208.37,208.38,70108
2025-07-14 09:00:00+00:00,208.41,208.58,208.31,208.35,33064
2025-07-14 10:00:00+00:00,208.38,208.47,208.27,208.45,19121
2025-07-14 11:00:00+00:00,208.5,208.63,208.37,208.54,60840
2025-07-14 12:00:00+00:00,208.37,209.07,208.28,208.65,224612
2025-07-14 13:00:00+00:00,208.62,210.08,206.85,207.07,7132663
2025-07-14 14:00:00+00:00,207.08,207.95,206.72,207.66,6033539
2025-07-14 15:00:00+00:00,207.66,208.32,207.38,208.01,4065416
2025-07-14 16:00:00+00:00,208.0,208.42,207.86,208.07,2438484
2025-07-14 17:00:00+00:00,208.06,208.5,207.94,208.33,2504464
2025-07-14 18:00:00+00:00,208.33,208.62,208.14,208.48,2405853
2025-07-14 19:00:00+00:00,208.49,208.53,207.7,207.72,6221331
2025-07-14 20:00:00+00:00,207.72,207.86,207.59,207.7,7399754
2025-07-14 21:00:00+00:00,207.71,207.8,207.66,207.69,32666
2025-07-14 22:00:00+00:00,207.67,207.7,206.96,207.33,94991
2025-07-14 23:00:00+00:00,207.33,207.37,207.18,207.19,56078
2025-07-15 08:00:00+00:00,207.61,209.05,207.61,208.57,94701
2025-07-15 09:00:00+00:00,208.54,208.91,208.49,208.76,54771
2025-07-15 10:00:00+00:00,208.72,209.05,208.25,208.3,46765
2025-07-15 11:00:00+00:00,208.34,208.53,208.15,208.27,60753
2025-07-15 12:00:00+00:00,208.45,209.1,207.28,208.42,312083
2025-07-15 13:00:00+00:00,208.47,210.3,208.09,208.82,6600565
2025-07-15 14:00:00+00:00,208.82,209.47,208.37,208.52,4795925
2025-07-15 15:00:00+00:00,208.52,211.05,208.43,209.96,6150509
2025-07-15 16:00:00+00:00,209.96,210.15,209.53,209.75,2674823
2025-07-15 17:00:00+00:00,209.73,210.51,209.61,210.45,2212766
2025-07-15 18:00:00+00:00,210.44,210.83,209.6,209.68,3624589
2025-07-15 19:00:00+00:00,209.69,209.85,208.15,208.18,5754548
2025-07-15 20:00:00+00:00,208.28,208.3,208.03,208.06,9770145
2025-07-15 21:00:00+00:00,208.08,208.28,208.03,208.09,36530
2025-07-15 22:00:00+00:00,208.12,208.19,207.93,208.02,41122
2025-07-15 23:00:00+00:00,208.04,208.16,207.95,208.09,30509
2025-07-16 08:00:00+00:00,208.32,208.84,208.32,208.66,39546
2025-07-16 09:00:00+00:00,208.58,208.69,208.51,208.62,8870
2025-07-16 10:00:00+00:00,208.73,209.04,208.6,208.95,49529
2025-07-16 11:00:00+00:00,208.81,208.88,208.67,208.75,27867
2025-07-16 12:00:00+00:00,208.72,209.35,208.25,209.17,1718988
2025-07-16 13:00:00+00:00,209.22,210.38,208.97,210.24,5350710
2025-07-16 14:00:00+00:00,210.22,211.56,209.66,209.95,7975122
2025-07-16 15:00:00+00:00,209.97,210.16,207.82,209.0,7157754
2025-07-16 16:00:00+00:00,209.02,209.6,208.54,209.56,2878892
2025-07-16 17:00:00+00:00,209.56,210.11,209.36,209.44,2699675
2025-07-16 18:00:00+00:00,209.43,209.64,209.04,209.63,2139831
2025-07-16 19:00:00+00:00,209.62,209.8,209.14,209.32,5445197
2025-07-16 20:00:00+00:00,209.29,209.46,208.97,209.23,11855270
2025-07-16 21:00:00+00:00,209.17,209.36,209.17,209.33,23327
2025-07-16 22:00:00+00:00,209.33,209.37,209.09,209.17,34005
2025-07-16 23:00:00+00:00,209.16,209.27,208.96,209.21,29727
2025-07-17 08:00:00+00:00,209.67,209.81,209.32,209.71,52201
2025-07-17 09:00:00+00:00,209.8,210.03,209.79,209.85,15418
2025-07-17 10:00:00+00:00,209.86,209.97,209.17,209.57,24095
2025-07-17 11:00:00+00:00,209.5,209.67,209.42,209.66,23195
2025-07-17 12:00:00+00:00,209.5,210.26,208.81,210.17,314115
2025-07-17 13:00:00+00:00,210.22,210.47,209.15,209.45,6473773
2025-07-17 14:00:00+00:00,209.44,209.77,208.76,209.34,5124613
2025-07-17 15:00:00+00:00,209.34,210.0,209.25,209.82,4611502
2025-07-17 16:00:00+00:00,209.83,210.67,209.7,210.19,5769152
2025-07-17 17:00:00+00:00,210.18,210.66,209.96,210.65,4065534
2025-07-17 18:00:00+00:00,210.65,210.96,210.04,210.1,4660747
2025-07-17 19:00:00+00:00,210.11,210.23,208.91,209.23,9610649
2025-07-17 20:00:00+00:00,209.19,209.63,209.19,209.39,7136897
2025-07-17 21:00:00+00:00,209.47,209.57,209.19,209.37,96090
2025-07-17 22:00:00+00:00,209.3,209.42,209.29,209.29,22829
2025-07-17 23:00:00+00:00,209.28,209.47,209.28,209.41,36926
2025-07-18 08:00:00+00:00,209.73,209.87,209.63,209.72,21771
2025-07-18 09:00:00+00:00,209.75,209.97,209.75,209.87,21137
2025-07-18 10:00:00+00:00,209.84,209.84,209.52,209.57,30191
2025-07-18 11:00:00+00:00,209.62,209.62,209.19,209.52,37035
2025-07-18 12:00:00+00:00,209.32,209.93,208.67,209.7,1645047
2025-07-18 13:00:00+00:00,209.72,211.09,209.06,209.49,11200089
2025-07-18 14:00:00+00:00,209.55,210.18,208.88,209.64,5716312
2025-07-18 15:00:00+00:00,209.68,210.27,209.59,210.24,4290782
2025-07-18 16:00:00+00:00,210.24,210.95,209.84,210.48,4073538
2025-07-18 17:00:00+00:00,210.48,210.7,210.14,210.26,3073955
2025-07-18 18:00:00+00:00,210.27,210.43,209.93,210.13,2593086
2025-07-18 19:00:00+00:00,210.13,210.51,209.11,210.39,5911967
2025-07-18 20:00:00+00:00,210.4,210.4,209.93,210.26,9713621
2025-07-18 21:00:00+00:00,210.18,210.45,210.18,210.37,348231
2025-07-18 22:00:00+00:00,210.37,210.37,210.22,210.24,13101
2025-07-18 23:00:00+00:00,210.25,210.47,210.22,210.37,20199
2025-07-21 08:00:00+00:00,210.39,211.04,210.39,210.93,29973
2025-07-21 09:00:00+00:00,210.94,211.11,210.94,211.06,16739
2025-07-21 10:00:00+00:00,211.1,211.86,211.07,211.56,70925
2025-07-21 11:00:00+00:00,211.44,211.81,211.23,211.71,58897
2025-07-21 12:00:00+00:00,211.47,212.16,210.77,211.6,1811300
2025-07-21 13:00:00+00:00,211.56,214.93,210.74,213.15,12769150
2025-07-21 14:00:00+00:00,213.16,214.34,212.44,212.57,9489565
2025-07-21 15:00:00+00:00,212.57,212.87,212.03,212.56,4995270
2025-07-21 16:00:00+00:00,212.54,213.01,212.3,212.72,2968647
2025-07-21 17:00:00+00:00,212.71,212.89,212.04,212.07,2915689
2025-07-21 18:00:00+00:00,212.07,212.59,211.67,212.21,3656059
2025-07-21 19:00:00+00:00,212.23,212.27,211.22,211.7,5408158
2025-07-21 20:00:00+00:00,211.69,211.91,211.06,211.44,7029824
2025-07-21 21:00:00+00:00,211.41,211.64,211.31,211.41,51972
2025-07-21 22:00:00+00:00,211.58,211.64,211.41,211.64,21472
2025-07-21 23:00:00+00:00,211.64,211.9,211.64,211.83,33638
2025-07-22 08:00:00+00:00,212.04,212.12,211.57,211.96,28420
2025-07-22 09:00:00+00:00,211.96,212.2,211.88,211.88,20525
2025-07-22 10:00:00+00:00,212.02,212.02,211.81,211.96,6169
2025-07-22 11:00:00+00:00,211.94,212.31,211.85,212.21,43995
2025-07-22 12:00:00+00:00,212.08,212.36,211.56,212.26,1659960
2025-07-22 13:00:00+00:00,212.28,213.18,211.39,212.74,7121603
2025-07-22 14:00:00+00:00,212.74,212.93,211.84,212.37,6436816
2025-07-22 15:00:00+00:00,212.37,212.99,211.92,212.42,5084462
2025-07-22 16:00:00+00:00,212.42,212.9,212.0,212.57,3968666
2025-07-22 17:00:00+00:00,212.56,213.63,212.53,213.01,4418979
2025-07-22 18:00:00+00:00,213.02,213.36,212.6,213.32,3013706
2025-07-22 19:00:00+00:00,213.3,214.1,212.98,213.54,7106282
2025-07-22 20:00:00+00:00,213.55,213.71,213.43,213.65,6024815
2025-07-22 21:00:00+00:00,213.65,213.89,213.55,213.88,1320855
2025-07-22 22:00:00+00:00,213.88,214.15,213.76,213.85,43102
2025-07-22 23:00:00+00:00,213.85,214.15,213.7,214.0,65022
2025-07-23 08:00:00+00:00,214.44,214.65,214.22,214.6,39009
2025-07-23 09:00:00+00:00,214.65,214.66,214.42,214.42,14794
2025-07-23 10:00:00+00:00,214.42,214.42,214.1,214.2,30778
2025-07-23 11:00:00+00:00,214.2,214.2,213.84,214.15,35638
2025-07-23 12:00:00+00:00,214.03,214.93,213.85,214.71,1813694
2025-07-23 13:00:00+00:00,214.63,214.78,211.58,211.72,7629796
2025-07-23 14:00:00+00:00,211.72,212.32,211.57,211.82,6166288
2025-07-23 15:00:00+00:00,211.83,212.98,211.81,212.51,4795245
2025-07-23 16:00:00+00:00,212.51,212.88,212.37,212.76,3035160
2025-07-23 17:00:00+00:00,212.75,213.79,212.67,213.61,3946697
2025-07-23 18:00:00+00:00,213.62,213.85,213.4,213.71,3530407
2025-07-23 19:00:00+00:00,213.72,213.78,212.77,213.46,6100439
2025-07-23 20:00:00+00:00,213.3,213.75,212.87,213.35,9408348
2025-07-23 21:00:00+00:00,213.25,213.31,212.71,212.79,154860
2025-07-23 22:00:00+00:00,212.81,213.1,212.76,212.86,51141
2025-07-23 23:00:00+00:00,212.8,212.96,212.76,212.8,36894
2025-07-24 08:00:00+00:00,212.86,213.29,212.26,213.05,40112
2025-07-24 09:00:00+00:00,213.04,213.15,212.96,213.05,36058
2025-07-24 10:00:00+00:00,213.0,213.05,212.56,212.66,56826
2025-07-24 11:00:00+00:00,212.75,213.08,212.75,212.83,39606
2025-07-24 12:00:00+00:00,212.76,213.23,212.5,212.94,1748800
2025-07-24 13:00:00+00:00,212.9,214.84,212.56,212.99,6622907
2025-07-24 14:00:00+00:00,212.99,213.98,212.72,213.48,5848628
2025-07-24 15:00:00+00:00,213.47,214.65,213.46,214.05,6505824
2025-07-24 16:00:00+00:00,214.04,214.04,213.35,213.83,3359073
2025-07-24 17:00:00+00:00,213.82,214.35,213.71,213.83,2524451
2025-07-24 18:00:00+00:00,213.83,214.36,213.48,213.68,2972905
2025-07-24 19:00:00+00:00,213.67,214.17,212.88,212.92,7515203
2025-07-24 20:00:00+00:00,212.92,213.3,212.87,213.1,8583903
2025-07-24 21:00:00+00:00,213.15,213.23,213.04,213.16,43357
2025-07-24 22:00:00+00:00,213.16,213.37,213.14,213.16,71542
2025-07-24 23:00:00+00:00,213.17,213.35,213.16,213.2,13305
2025-07-25 08:00:00+00:00,212.88,213.34,212.88,213.31,19605
2025-07-25 09:00:00+00:00,213.28,213.57,213.26,213.57,10655
2025-07-25 10:00:00+00:00,213.61,213.72,213.45,213.65,15413
2025-07-25 11:00:00+00:00,213.53,213.55,213.29,213.3,25003
2025-07-25 12:00:00+00:00,213.49,213.72,212.96,213.62,2209750
2025-07-25 13:00:00+00:00,213.56,214.01,212.96,213.25,4425469
2025-07-25 14:00:00+00:00,213.24,214.39,212.89,213.88,6334996
2025-07-25 15:00:00+00:00,213.88,213.93,213.24,213.39,5822637
2025-07-25 16:00:00+00:00,213.38,213.77,213.2,213.56,2765328
2025-07-25 17:00:00+00:00,213.56,213.66,213.07,213.14,3246951
2025-07-25 18:00:00+00:00,213.15,213.32,212.86,212.95,2549537
2025-07-25 19:00:00+00:00,212.95,213.15,212.56,213.11,5992072
2025-07-25 20:00:00+00:00,213.11,213.16,212.86,213.15,5289653
2025-07-25 21:00:00+00:00,213.17,213.18,212.97,213.05,1473927
2025-07-25 22:00:00+00:00,213.04,213.15,213.0,213.07,31347
2025-07-25 23:00:00+00:00,213.1,213.2,213.06,213.15,21447
2025-07-28 08:00:00+00:00,213.87,213.9,213.45,213.65,37641
2025-07-28 09:00:00+00:00,213.65,213.69,213.48,213.63,13308
2025-07-28 10:00:00+00:00,213.66,213.85,213.45,213.45,21321
2025-07-28 11:00:00+00:00,213.54,213.65,213.42,213.47,50312
2025-07-28 12:00:00+00:00,213.59,214.08,212.5,213.51,151477
2025-07-28 13:00:00+00:00,213.49,213.82,212.74,213.05,4483529
2025-07-28 14:00:00+00:00,213.08,214.0,213.01,213.57,5173634
2025-07-28 15:00:00+00:00,213.59,213.75,213.27,213.58,3071239
2025-07-28 16:00:00+00:00,213.59,213.9,213.38,213.48,2811105
2025-07-28 17:00:00+00:00,213.49,213.6,212.57,212.89,3610561
2025-07-28 18:00:00+00:00,212.89,213.14,212.22,212.28,3098198
2025-07-28 19:00:00+00:00,212.3,213.25,212.22,213.19,6471176
2025-07-28 20:00:00+00:00,213.18,213.25,213.0,213.05,7551471
2025-07-28 21:00:00+00:00,213.15,213.2,213.05,213.05,1185815
2025-07-28 22:00:00+00:00,213.07,213.43,213.07,213.42,27791
2025-07-28 23:00:00+00:00,213.28,213.35,213.26,213.26,29089
2025-07-29 08:00:00+00:00,213.21,213.34,213.06,213.2,15315
2025-07-29 09:00:00+00:00,213.18,213.29,213.14,213.25,12006
2025-07-29 10:00:00+00:00,213.25,213.25,212.96,212.97,20957
2025-07-29 11:00:00+00:00,212.98,213.19,212.91,213.15,49600
2025-07-29 12:00:00+00:00,212.99,213.3,212.91,213.27,992763
2025-07-29 13:00:00+00:00,213.19,213.96,210.66,211.7,6809232
2025-07-29 14:00:00+00:00,211.72,212.55,211.23,211.76,6807969
2025-07-29 15:00:00+00:00,211.76,211.93,210.85,211.67,5037798
2025-07-29 16:00:00+00:00,211.67,212.09,211.0,211.34,3860356
2025-07-29 17:00:00+00:00,211.32,211.55,209.99,211.24,4387831
2025-07-29 18:00:00+00:00,211.23,211.6,210.97,211.14,2918517
2025-07-29 19:00:00+00:00,211.13,211.21,210.22,210.51,6889771
2025-07-29 20:00:00+00:00,210.52,210.86,210.25,210.47,10891214
2025-07-29 21:00:00+00:00,210.51,210.66,210.37,210.61,1208580
2025-07-29 22:00:00+00:00,210.61,210.65,210.51,210.57,14146
2025-07-29 23:00:00+00:00,210.58,210.62,210.42,210.46,35534
2025-07-30 08:00:00+00:00,210.79,210.8,210.44,210.74,17741
2025-07-30 09:00:00+00:00,210.69,210.88,210.69,210.76,8643
2025-07-30 10:00:00+00:00,210.78,211.25,210.78,211.24,24796
2025-07-30 11:00:00+00:00,211.25,211.25,210.97,210.99,21003
2025-07-30 12:00:00+00:00,211.17,211.31,208.97,209.97,524596
2025-07-30 13:00:00+00:00,209.99,211.55,209.19,209.59,4427100
2025-07-30 14:00:00+00:00,209.6,210.05,209.27,209.6,3988163
2025-07-30 15:00:00+00:00,209.61,209.75,208.74,209.33,3674943
2025-07-30 16:00:00+00:00,209.32,209.59,208.68,208.75,2565621
2025-07-30 17:00:00+00:00,208.76,209.32,208.49,209.09,2719964
2025-07-30 18:00:00+00:00,209.09,209.31,207.48,207.53,4846957
2025-07-30 19:00:00+00:00,207.5,208.28,206.9,208.19,7227390
2025-07-30 20:00:00+00:00,208.22,209.17,206.57,207.42,13461155
2025-07-30 21:00:00+00:00,207.28,207.58,206.95,207.12,204857
2025-07-30 22:00:00+00:00,206.99,207.68,206.84,207.63,1615460
2025-07-30 23:00:00+00:00,207.52,208.15,207.48,207.83,157260
2025-07-31 08:00:00+00:00,208.66,208.97,208.02,208.38,120374
2025-07-31 09:00:00+00:00,208.42,208.47,208.07,208.24,41815
2025-07-31 10:00:00+00:00,208.27,208.76,208.25,208.55,58438
2025-07-31 11:00:00+00:00,208.42,208.56,208.07,208.27,105855
2025-07-31 12:00:00+00:00,208.24,208.78,207.99,208.67,471904
2025-07-31 13:00:00+00:00,208.68,209.06,207.0,207.65,6864832
2025-07-31 14:00:00+00:00,207.62,208.85,207.55,208.16,7409312
2025-07-31 15:00:00+00:00,208.15,208.41,207.25,207.79,5589277
2025-07-31 16:00:00+00:00,207.79,208.55,207.79,208.24,3974379
2025-07-31 17:00:00+00:00,208.24,209.01,207.32,207.49,5076371
2025-07-31 18:00:00+00:00,207.48,208.42,206.76,208.11,5634676
2025-07-31 19:00:00+00:00,208.13,208.56,206.34,206.79,11594276
2025-07-31 20:00:00+00:00,206.79,214.1,206.75,209.57,25773904
2025-07-31 21:00:00+00:00,209.49,216.14,207.68,211.81,5580524
2025-07-31 22:00:00+00:00,211.76,213.39,210.71,211.41,1907765
2025-07-31 23:00:00+00:00,211.41,212.06,210.18,211.75,469812
2025-08-01 08:00:00+00:00,210.56,211.09,208.58,209.89,255785
2025-08-01 09:00:00+00:00,209.86,211.25,209.81,210.82,149358
2025-08-01 10:00:00+00:00,210.77,210.83,209.67,209.9,143305
2025-08-01 11:00:00+00:00,209.9,210.66,209.68,210.25,216194
2025-08-01 12:00:00+00:00,210.17,211.51,209.17,210.37,848985
2025-08-01 13:00:00+00:00,210.27,212.74,205.45,206.23,17789196
2025-08-01 14:00:00+00:00,206.22,206.65,202.82,203.23,16475190
2025-08-01 15:00:00+00:00,203.22,203.79,202.27,202.92,9832142
2025-08-01 16:00:00+00:00,202.91,203.2,201.16,201.29,9191870
2025-08-01 17:00:00+00:00,201.27,201.75,200.7,201.42,8122776
2025-08-01 18:00:00+00:00,201.42,203.51,201.39,203.0,7709158
2025-08-01 19:00:00+00:00,203.0,203.21,201.37,201.47,12230477
2025-08-01 20:00:00+00:00,201.47,201.95,201.46,201.75,14227213
2025-08-01 21:00:00+00:00,201.7,201.88,201.58,201.88,5599084
2025-08-01 22:00:00+00:00,201.88,201.95,201.7,201.74,59799
2025-08-01 23:00:00+00:00,201.71,201.71,201.45,201.45,83233
2025-08-04 08:00:00+00:00,202.22,203.31,202.22,203.31,100960
2025-08-04 09:00:00+00:00,203.31,203.55,203.09,203.14,40255
2025-08-04 10:00:00+00:00,203.07,203.32,203.01,203.07,55252
2025-08-04 11:00:00+00:00,203.02,203.17,202.6,203.08,82207
2025-08-04 12:00:00+00:00,202.9,203.62,202.12,203.02,292865
2025-08-04 13:00:00+00:00,203.11,205.49,202.77,205.36,8499734
2025-08-04 14:00:00+00:00,205.38,207.06,205.12,206.38,10060120
2025-08-04 15:00:00+00:00,206.38,206.59,204.45,204.48,5534186
2025-08-04 16:00:00+00:00,204.49,204.7,203.06,203.32,6165403
2025-08-04 17:00:00+00:00,203.34,203.67,202.77,202.91,4246205
2025-08-04 18:00:00+00:00,202.91,203.41,201.27,201.79,6906730
2025-08-04 19:00:00+00:00,201.79,202.65,200.88,202.54,14894939
2025-08-04 20:00:00+00:00,202.55,203.28,202.08,202.69,16548803
2025-08-04 21:00:00+00:00,202.63,202.69,202.55,202.56,68605
2025-08-04 22:00:00+00:00,202.62,202.65,202.46,202.55,36499
2025-08-04 23:00:00+00:00,202.56,202.65,202.34,202.45,58995
2025-08-05 08:00:00+00:00,202.7,203.18,202.7,203.04,33406
2025-08-05 09:00:00+00:00,203.04,203.13,202.99,203.07,20153
2025-08-05 10:00:00+00:00,203.12,203.45,203.12,203.45,28559
2025-08-05 11:00:00+00:00,203.44,203.51,203.17,203.22,55922
2025-08-05 12:00:00+00:00,203.29,203.54,202.2,202.94,332107
2025-08-05 13:00:00+00:00,202.95,203.45,201.36,202.57,5560898
2025-08-05 14:00:00+00:00,202.55,203.98,202.09,203.42,6907935
2025-08-05 15:00:00+00:00,203.42,204.53,202.87,203.11,5550442
2025-08-05 16:00:00+00:00,203.1,203.13,202.28,203.03,3664744
2025-08-05 17:00:00+00:00,203.02,203.36,202.94,203.22,2827879
2025-08-05 18:00:00+00:00,203.23,203.49,202.39,202.78,3195464
2025-08-05 19:00:00+00:00,202.8,202.88,201.87,202.13,5303055
2025-08-05 20:00:00+00:00,202.12,202.3,201.9,201.95,9030232
2025-08-05 21:00:00+00:00,202.02,202.1,201.7,202.01,70435
2025-08-05 22:00:00+00:00,202.1,202.14,201.81,201.99,28358
2025-08-05 23:00:00+00:00,201.99,202.06,201.9,202.0,29006
2025-08-06 08:00:00+00:00,202.53,203.1,202.53,203.0,32888
2025-08-06 09:00:00+00:00,203.03,203.14,202.89,202.89,9737
2025-08-06 10:00:00+00:00,202.94,203.17,202.81,203.17,13374
2025-08-06 11:00:00+00:00,203.11,203.18,202.92,202.92,41899
2025-08-06 12:00:00+00:00,203.07,206.09,202.55,205.64,1230566
2025-08-06 13:00:00+00:00,205.65,209.49,204.69,208.72,14715562
2025-08-06 14:00:00+00:00,208.72,211.43,208.67,210.24,14791337
2025-08-06 15:00:00+00:00,210.25,214.05,209.83,213.78,17132140
2025-08-06 16:00:00+00:00,213.79,214.14,213.02,213.64,10728804
2025-08-06 17:00:00+00:00,213.64,214.53,213.19,213.54,8351867
2025-08-06 18:00:00+00:00,213.53,214.08,213.28,213.55,6080497
2025-08-06 19:00:00+00:00,213.55,213.7,211.97,212.41,13913087
2025-08-06 20:00:00+00:00,212.42,212.54,210.48,210.76,14853663
2025-08-06 21:00:00+00:00,210.73,219.83,210.61,219.83,2385164
2025-08-06 22:00:00+00:00,219.67,220.13,216.4,218.33,3543899
2025-08-06 23:00:00+00:00,218.33,219.33,218.23,218.39,639154
2025-08-07 08:00:00+00:00,218.1,218.84,217.5,218.83,216013
2025-08-07 09:00:00+00:00,218.82,219.45,218.33,219.27,147110
2025-08-07 10:00:00+00:00,219.13,219.44,218.27,219.0,180754
2025-08-07 11:00:00+00:00,219.03,219.21,217.89,218.63,366696
2025-08-07 12:00:00+00:00,218.76,219.44,217.07,218.0,934865
2025-08-07 13:00:00+00:00,218.0,219.46,215.72,218.69,20651613
2025-08-07 14:00:00+00:00,218.72,219.12,216.7,218.28,13625011
2025-08-07 15:00:00+00:00,218.28,219.33,218.1,218.74,11806113
2025-08-07 16:00:00+00:00,218.73,219.47,217.94,218.34,8796702
2025-08-07 17:00:00+00:00,218.35,218.74,217.84,218.4,5602000
2025-08-07 18:00:00+00:00,218.41,219.98,218.17,219.56,6799955
2025-08-07 19:00:00+00:00,219.58,219.71,218.37,219.26,11607777
2025-08-07 20:00:00+00:00,219.29,220.02,219.16,219.24,7682642
2025-08-07 21:00:00+00:00,219.21,219.33,219.13,219.18,106432
2025-08-07 22:00:00+00:00,219.31,220.91,219.26,220.83,180200
2025-08-07 23:00:00+00:00,220.84,220.98,220.18,220.42,143764
2025-08-08 08:00:00+00:00,220.51,220.62,220.07,220.09,71921
2025-08-08 09:00:00+00:00,220.03,220.3,219.93,220.13,30339
2025-08-08 10:00:00+00:00,220.18,220.18,220.02,220.12,14697
2025-08-08 11:00:00+00:00,220.12,220.59,220.11,220.49,94320
2025-08-08 12:00:00+00:00,220.29,221.01,219.93,220.15,360053
2025-08-08 13:00:00+00:00,220.15,221.42,218.38,221.3,8078476
2025-08-08 14:00:00+00:00,221.31,222.69,220.94,222.07,12267250
2025-08-08 15:00:00+00:00,222.06,225.44,222.02,225.1,13531880
2025-08-08 16:00:00+00:00,225.11,229.65,225.0,228.88,25334987
2025-08-08 17:00:00+00:00,228.88,230.02,227.65,229.34,15712392
2025-08-08 18:00:00+00:00,229.34,230.09,228.16,228.2,10207926
2025-08-08 19:00:00+00:00,228.21,228.78,227.56,228.46,17996514
2025-08-08 20:00:00+00:00,228.44,229.08,228.32,229.07,7644126
2025-08-08 21:00:00+00:00,229.08,229.16,228.94,228.99,2307572
2025-08-08 22:00:00+00:00,228.99,229.03,228.64,228.82,75723
2025-08-08 23:00:00+00:00,228.76,229.09,228.67,229.05,96473
2025-08-11 08:00:00+00:00,228.95,229.18,225.76,227.06,216986
2025-08-11 09:00:00+00:00,226.91,227.11,226.52,226.52,54115
2025-08-11 10:00:00+00:00,226.54,226.96,226.54,226.93,57534
2025-08-11 11:00:00+00:00,226.95,228.15,226.86,227.47,154195
2025-08-11 12:00:00+00:00,227.36,229.26,225.8,227.32,435637
2025-08-11 13:00:00+00:00,227.32,228.08,224.13,225.4,10869965
2025-08-11 14:00:00+00:00,225.4,227.25,225.2,225.88,7685878
2025-08-11 15:00:00+00:00,225.89,228.31,225.46,227.98,8685959
2025-08-11 16:00:00+00:00,227.99,228.91,227.46,227.75,5402260
2025-08-11 17:00:00+00:00,227.76,227.97,226.37,226.58,4951007
2025-08-11 18:00:00+00:00,226.6,227.54,226.45,226.9,4485381
2025-08-11 19:00:00+00:00,226.9,227.3,225.98,226.63,10906632
2025-08-11 20:00:00+00:00,226.54,226.96,225.87,225.98,7210337
2025-08-11 21:00:00+00:00,225.96,226.54,225.92,225.99,558931
2025-08-11 22:00:00+00:00,225.94,226.06,225.85,225.91,48430
2025-08-11 23:00:00+00:00,225.96,226.0,225.61,225.68,44129
2025-08-12 08:00:00+00:00,225.63,226.04,225.37,225.38,29857
2025-08-12 09:00:00+00:00,225.38,225.52,225.21,225.52,14564
2025-08-12 10:00:00+00:00,225.36,225.46,225.27,225.37,20668
2025-08-12 11:00:00+00:00,225.36,225.54,225.13,225.24,47886
2025-08-12 12:00:00+00:00,225.34,227.83,225.16,227.31,644843
2025-08-12 13:00:00+00:00,227.34,229.29,226.33,227.23,7827613
2025-08-12 14:00:00+00:00,227.23,229.07,226.68,228.85,7811007
2025-08-12 15:00:00+00:00,228.88,229.94,227.68,229.05,9418297
2025-08-12 16:00:00+00:00,229.06,230.15,228.8,229.74,5173332
2025-08-12 17:00:00+00:00,229.75,230.06,228.87,229.3,3714232
2025-08-12 18:00:00+00:00,229.3,229.46,228.36,228.64,3055624
2025-08-12 19:00:00+00:00,228.66,229.45,228.27,228.99,6485079
2025-08-12 20:00:00+00:00,228.98,229.01,228.54,229.0,11152126
2025-08-12 21:00:00+00:00,229.0,229.03,228.78,228.85,31295
2025-08-12 22:00:00+00:00,228.81,228.9,228.65,228.69,14852
2025-08-12 23:00:00+00:00,228.66,229.0,228.65,229.0,31661
2025-08-13 08:00:00+00:00,228.95,229.44,228.85,229.27,29292
2025-08-13 09:00:00+00:00,229.16,229.32,229.11,229.29,10090
2025-08-13 10:00:00+00:00,229.22,229.41,229.2,229.41,15765
2025-08-13 11:00:00+00:00,229.38,229.45,229.17,229.35,36206
2025-08-13 12:00:00+00:00,229.29,230.25,227.36,230.18,228545
2025-08-13 13:00:00+00:00,230.18,231.53,229.78,231.12,8518921
2025-08-13 14:00:00+00:00,231.1,233.89,230.51,232.94,12663963
2025-08-13 15:00:00+00:00,232.87,233.26,231.03,232.01,7551911
2025-08-13 16:00:00+00:00,232.02,232.74,231.42,231.45,5519196
2025-08-13 17:00:00+00:00,231.47,232.53,230.91,232.45,5096920
2025-08-13 18:00:00+00:00,232.44,234.34,230.15,232.46,10893714
2025-08-13 19:00:00+00:00,232.46,233.67,232.4,232.66,10197842
2025-08-13 20:00:00+00:00,232.67,233.19,232.52,232.78,8987942
2025-08-13 21:00:00+00:00,232.77,232.91,232.67,232.68,32959
2025-08-13 22:00:00+00:00,232.69,232.69,232.44,232.52,27485
2025-08-13 23:00:00+00:00,232.55,232.59,232.44,232.44,22720
2025-08-14 08:00:00+00:00,232.34,232.56,232.09,232.11,28672
2025-08-14 09:00:00+00:00,232.06,232.09,231.92,232.04,11090
2025-08-14 10:00:00+00:00,232.01,232.05,231.9,231.93,5976
2025-08-14 11:00:00+00:00,232.09,234.33,232.09,233.61,96456
2025-08-14 12:00:00+00:00,233.54,234.24,231.55,232.29,3175343
2025-08-14 13:00:00+00:00,232.18,234.46,231.54,232.75,8417869
2025-08-14 14:00:00+00:00,232.74,232.76,230.89,231.0,7311685
2025-08-14 15:00:00+00:00,231.0,231.64,230.2,230.67,6071792
2025-08-14 16:00:00+00:00,230.67,231.89,230.66,231.83,3221498
2025-08-14 17:00:00+00:00,231.84,232.48,231.8,232.05,3989455
2025-08-14 18:00:00+00:00,232.06,232.71,231.66,232.33,3529094
2025-08-14 19:00:00+00:00,232.33,232.93,232.03,232.17,7029062
2025-08-14 20:00:00+00:00,232.12,232.25,231.77,232.12,8630558
2025-08-14 21:00:00+00:00,232.12,232.34,231.89,231.91,48433
2025-08-14 22:00:00+00:00,231.94,232.04,231.64,231.86,31527
2025-08-14 23:00:00+00:00,231.97,232.11,231.57,231.74,33847
2025-08-15 08:00:00+00:00,231.79,232.53,231.79,232.07,36670
2025-08-15 09:00:00+00:00,232.0,232.52,232.0,232.45,10849
2025-08-15 10:00:00+00:00,232.29,232.29,232.0,232.07,10789
2025-08-15 11:00:00+00:00,232.14,232.64,232.07,232.46,20794
2025-08-15 12:00:00+00:00,232.08,232.77,231.44,232.42,293675
2025-08-15 13:00:00+00:00,232.37,233.62,231.15,231.41,8229608
2025-08-15 14:00:00+00:00,231.35,232.03,230.1,230.22,5648346
2025-08-15 15:00:00+00:00,230.22,230.9,229.82,230.37,4951980
2025-08-15 16:00:00+00:00,230.37,230.71,229.82,230.25,4647568
2025-08-15 17:00:00+00:00,230.26,230.57,229.58,230.24,4656518
2025-08-15 18:00:00+00:00,230.23,230.64,228.69,230.12,6067048
2025-08-15 19:00:00+00:00,230.12,231.12,229.94,231.0,7819671
2025-08-15 20:00:00+00:00,231.0,231.12,230.23,230.51,12511545
2025-08-15 21:00:00+00:00,230.56,230.94,230.45,230.61,224089
2025-08-15 22:00:00+00:00,230.54,230.95,230.54,230.59,11876
2025-08-15 23:00:00+00:00,230.63,230.79,230.54,230.54,16708
2025-08-18 08:00:00+00:00,230.53,230.71,230.25,230.45,38080
2025-08-18 09:00:00+00:00,230.37,230.45,230.33,230.4,21067
2025-08-18 10:00:00+00:00,230.45,230.49,230.35,230.39,11513
2025-08-18 11:00:00+00:00,230.5,230.7,230.39,230.67,22828
2025-08-18 12:00:00+00:00,230.35,231.05,230.31,230.51,88603
2025-08-18 13:00:00+00:00,230.51,232.07,230.15,231.69,4888380
2025-08-18 14:00:00+00:00,231.69,232.46,229.72,229.86,7001316
2025-08-18 15:00:00+00:00,229.88,230.57,229.82,230.25,3604651
2025-08-18 16:00:00+00:00,230.25,230.46,229.46,229.94,2971174
2025-08-18 17:00:00+00:00,229.94,231.02,229.94,230.43,3391360
2025-08-18 18:00:00+00:00,230.44,230.92,230.29,230.82,2323201
2025-08-18 19:00:00+00:00,230.82,231.02,230.23,230.23,4501515
2025-08-18 20:00:00+00:00,230.24,230.47,230.15,230.18,7178068
2025-08-18 21:00:00+00:00,230.15,230.55,230.15,230.35,1132451
2025-08-18 22:00:00+00:00,230.35,230.6,230.3,230.35,11122
2025-08-18 23:00:00+00:00,230.4,230.44,230.15,230.26,14071
2025-08-19 08:00:00+00:00,229.85,229.9,229.55,229.69,13722
2025-08-19 09:00:00+00:00,229.69,229.92,229.66,229.77,6925
2025-08-19 10:00:00+00:00,229.68,229.75,229.3,229.39,15927
2025-08-19 11:00:00+00:00,229.59,229.85,229.41,229.85,17700
2025-08-19 12:00:00+00:00,229.73,229.95,229.35,229.54,346442
2025-08-19 13:00:00+00:00,229.57,231.63,229.47,231.42,4179172
2025-08-19 14:00:00+00:00,231.39,232.21,230.13,230.23,5996221
2025-08-19 15:00:00+00:00,230.23,231.01,229.82,230.74,4051074
2025-08-19 16:00:00+00:00,230.74,230.89,230.05,230.06,3128437
2025-08-19 17:00:00+00:00,230.06,230.25,229.41,230.14,2884725
2025-08-19 18:00:00+00:00,230.14,230.14,228.93,229.11,3750120
2025-08-19 19:00:00+00:00,229.11,230.04,228.7,229.91,5829379
2025-08-19 20:00:00+00:00,229.92,230.12,229.85,229.91,7089111
2025-08-19 21:00:00+00:00,229.86,230.1,229.78,229.82,1954361
2025-08-19 22:00:00+00:00,229.91,230.33,229.78,229.92,38357
2025-08-19 23:00:00+00:00,229.93,230.02,229.12,229.18,59809
2025-08-20 08:00:00+00:00,228.35,229.15,228.33,228.69,38994
2025-08-20 09:00:00+00:00,228.63,228.84,228.6,228.66,14736
2025-08-20 10:00:00+00:00,228.55,228.9,228.48,228.65,12407
2025-08-20 11:00:00+00:00,228.7,229.16,228.47,228.9,37000
2025-08-20 12:00:00+00:00,229.09,229.34,227.87,228.68,231996
2025-08-20 13:00:00+00:00,228.74,229.82,225.86,226.67,6629298
2025-08-20 14:00:00+00:00,226.64,227.14,225.58,225.93,6280810
2025-08-20 15:00:00+00:00,225.9,226.91,225.47,225.92,3960240
2025-08-20 16:00:00+00:00,225.91,226.52,225.25,225.63,3600134
2025-08-20 17:00:00+00:00,225.62,226.21,225.5,225.74,2658980
2025-08-20 18:00:00+00:00,225.74,225.9,225.13,225.44,2634982
2025-08-20 19:00:00+00:00,225.46,226.49,225.28,225.32,6739860
2025-08-20 20:00:00+00:00,225.33,225.37,224.81,225.26,9273739
2025-08-20 21:00:00+00:00,225.26,225.26,225.0,225.01,30554
2025-08-20 22:00:00+00:00,225.11,225.14,224.94,224.97,31288
2025-08-20 23:00:00+00:00,224.94,225.05,224.86,224.96,47619
2025-08-21 08:00:00+00:00,225.35,225.47,224.76,224.8,16960
2025-08-21 09:00:00+00:00,224.59,224.66,224.27,224.27,24144
2025-08-21 10:00:00+00:00,224.19,224.37,223.99,224.37,19575
2025-08-21 11:00:00+00:00,224.49,224.76,224.37,224.7,35278
2025-08-21 12:00:00+00:00,224.56,225.56,224.22,224.92,131948
2025-08-21 13:00:00+00:00,224.74,225.88,224.05,224.56,3831276
2025-08-21 14:00:00+00:00,224.56,225.38,224.38,224.65,3664265
2025-08-21 15:00:00+00:00,224.65,225.21,223.88,224.62,3651356
2025-08-21 16:00:00+00:00,224.62,224.64,223.91,223.98,2455961
2025-08-21 17:00:00+00:00,223.99,224.19,223.15,223.93,3401987
2025-08-21 18:00:00+00:00,223.92,223.96,223.46,223.88,2342104
2025-08-21 19:00:00+00:00,223.87,224.61,223.76,224.28,5469321
2025-08-21 20:00:00+00:00,224.27,224.56,224.04,224.45,5368104
2025-08-21 21:00:00+00:00,224.38,224.38,224.21,224.29,16984
2025-08-21 22:00:00+00:00,224.3,224.84,224.3,224.66,21115
2025-08-21 23:00:00+00:00,224.58,224.75,224.42,224.74,14390
2025-08-22 08:00:00+00:00,224.52,225.04,224.52,225.04,12980
2025-08-22 09:00:00+00:00,225.13,225.13,224.97,225.01,4770
2025-08-22 10:00:00+00:00,225.03,225.38,225.03,225.38,14805
2025-08-22 11:00:00+00:00,225.38,225.61,225.26,225.38,15570
2025-08-22 12:00:00+00:00,225.56,225.64,223.3,225.24,396474
2025-08-22 13:00:00+00:00,225.35,226.35,224.77,225.34,3409163
2025-08-22 14:00:00+00:00,225.37,228.02,225.33,227.58,7652295
2025-08-22 15:00:00+00:00,227.58,228.07,226.67,226.71,3541542
2025-08-22 16:00:00+00:00,226.71,226.84,226.28,226.6,2627056
2025-08-22 17:00:00+00:00,226.59,228.44,226.52,227.24,5578501
2025-08-22 18:00:00+00:00,227.26,227.88,227.15,227.56,5534513
2025-08-22 19:00:00+00:00,227.56,227.73,226.8,227.11,5629236
2025-08-22 20:00:00+00:00,227.13,227.34,226.96,227.19,7967841
2025-08-22 21:00:00+00:00,227.25,227.26,227.12,227.19,17232
2025-08-22 22:00:00+00:00,227.26,227.36,227.19,227.26,19039
2025-08-22 23:00:00+00:00,227.24,227.54,227.19,227.44,20040
2025-08-25 08:00:00+00:00,227.26,227.26,226.35,226.35,40787
2025-08-25 09:00:00+00:00,226.3,226.42,226.22,226.22,9575
2025-08-25 10:00:00+00:00,226.36,226.41,226.1,226.25,9064
2025-08-25 11:00:00+00:00,226.4,226.4,226.09,226.37,31575
2025-08-25 12:00:00+00:00,226.92,227.33,225.56,226.29,222669
2025-08-25 13:00:00+00:00,226.21,228.4,225.59,227.92,4765247
2025-08-25 14:00:00+00:00,227.93,228.59,227.45,228.28,5456302
2025-08-25 15:00:00+00:00,228.28,228.65,227.82,228.51,3068770
2025-08-25 16:00:00+00:00,228.5,228.53,227.7,227.86,2162706
2025-08-25 17:00:00+00:00,227.86,228.11,227.62,227.66,2605086
2025-08-25 18:00:00+00:00,227.67,227.73,226.8,226.91,2728247
2025-08-25 19:00:00+00:00,226.9,227.19,226.48,226.51,4583431
2025-08-25 20:00:00+00:00,226.54,226.77,226.39,226.63,5220268
2025-08-25 21:00:00+00:00,226.59,226.63,226.43,226.46,23098
2025-08-25 22:00:00+00:00,226.52,226.73,226.52,226.57,8567
2025-08-25 23:00:00+00:00,226.64,226.66,226.39,226.43,9166
2025-08-26 08:00:00+00:00,226.16,226.4,226.16,226.23,4917
2025-08-26 09:00:00+00:00,226.36,226.41,226.34,226.4,2595
2025-08-26 10:00:00+00:00,226.4,226.46,226.34,226.36,6855
2025-08-26 11:00:00+00:00,226.4,226.4,225.95,226.06,13382
2025-08-26 12:00:00+00:00,226.41,226.61,225.89,226.11,61344
2025-08-26 13:00:00+00:00,226.17,226.43,224.06,224.62,4533325
2025-08-26 14:00:00+00:00,224.63,226.44,224.25,225.98,5544737
2025-08-26 15:00:00+00:00,225.99,226.66,225.91,226.06,3135371
2025-08-26 16:00:00+00:00,226.07,227.33,226.07,227.06,4398682
2025-08-26 17:00:00+00:00,227.07,227.53,227.0,227.35,2113629
2025-08-26 18:00:00+00:00,227.35,227.88,227.26,227.33,2512772
2025-08-26 19:00:00+00:00,227.34,228.84,226.86,228.65,6594634
2025-08-26 20:00:00+00:00,228.66,228.96,228.43,228.9,25528944
2025-08-26 21:00:00+00:00,228.9,229.22,228.8,229.1,39888
2025-08-26 22:00:00+00:00,229.07,229.25,228.95,229.1,23052
2025-08-26 23:00:00+00:00,229.1,229.34,229.1,229.34,25223
2025-08-27 08:00:00+00:00,229.02,229.08,228.68,228.75,15914
2025-08-27 09:00:00+00:00,228.93,228.95,228.55,228.69,9039
2025-08-27 10:00:00+00:00,228.57,228.7,228.49,228.7,11577
2025-08-27 11:00:00+00:00,228.73,228.87,228.67,228.7,13372
2025-08-27 12:00:00+00:00,228.76,229.47,227.85,228.55,351664
2025-08-27 13:00:00+00:00,228.65,229.6,227.62,229.15,4786318
2025-08-27 14:00:00+00:00,229.11,230.06,228.64,229.53,5388845
2025-08-27 15:00:00+00:00,229.53,229.69,228.65,229.27,3223649
2025-08-27 16:00:00+00:00,229.27,229.44,228.95,229.13,1928001
2025-08-27 17:00:00+00:00,229.12,229.44,229.02,229.34,1788092
2025-08-27 18:00:00+00:00,229.33,230.03,229.24,229.5,2475161
2025-08-27 19:00:00+00:00,229.51,230.25,229.07,229.85,5006959
2025-08-27 20:00:00+00:00,229.8,230.71,229.35,230.63,5105111
2025-08-27 21:00:00+00:00,230.65,230.71,230.36,230.46,1041520
2025-08-27 22:00:00+00:00,230.49,230.49,229.86,230.2,45944
2025-08-27 23:00:00+00:00,230.25,230.25,229.86,229.9,30669
2025-08-28 08:00:00+00:00,230.65,230.95,230.35,230.56,27119
2025-08-28 09:00:00+00:00,230.58,230.73,230.58,230.6,6436
2025-08-28 10:00:00+00:00,230.56,230.62,230.44,230.44,9692
2025-08-28 11:00:00+00:00,230.52,230.52,230.23,230.45,15404
2025-08-28 12:00:00+00:00,230.3,230.95,230.12,230.29,148498
2025-08-28 13:00:00+00:00,230.34,230.85,228.69,229.84,5038448
2025-08-28 14:00:00+00:00,229.79,231.26,229.36,230.71,4330239
2025-08-28 15:00:00+00:00,230.71,231.13,230.06,230.9,2974804
2025-08-28 16:00:00+00:00,230.9,231.93,230.76,231.79,3663250
2025-08-28 17:00:00+00:00,231.8,232.72,231.73,232.51,3207568
2025-08-28 18:00:00+00:00,232.5,232.75,232.03,232.21,2904071
2025-08-28 19:00:00+00:00,232.21,232.67,231.82,231.83,6369143
2025-08-28 20:00:00+00:00,231.83,232.09,231.52,231.84,9218105
2025-08-28 21:00:00+00:00,231.83,232.01,231.75,231.86,68088
2025-08-28 22:00:00+00:00,231.94,231.97,231.68,231.76,14104
2025-08-28 23:00:00+00:00,231.81,231.9,231.75,231.9,15026
2025-08-29 08:00:00+00:00,231.36,231.48,230.85,230.85,19252
2025-08-29 09:00:00+00:00,230.74,230.84,230.61,230.77,5745
2025-08-29 10:00:00+00:00,230.76,230.96,230.64,230.65,16855
2025-08-29 11:00:00+00:00,230.95,231.58,230.95,231.5,16970
2025-08-29 12:00:00+00:00,231.29,232.22,230.65,232.09,121214
2025-08-29 13:00:00+00:00,232.21,232.72,231.18,231.9,4068638
2025-08-29 14:00:00+00:00,231.92,232.5,230.72,232.22,5377057
2025-08-29 15:00:00+00:00,232.2,232.45,230.75,231.12,4526729
2025-08-29 16:00:00+00:00,231.1,232.3,231.08,232.2,2702322
2025-08-29 17:00:00+00:00,232.19,232.2,231.33,231.67,3589423
2025-08-29 18:00:00+00:00,231.67,231.81,231.32,231.5,2344720
2025-08-29 19:00:00+00:00,231.49,232.18,230.83,231.61,6031541
2025-08-29 20:00:00+00:00,231.61,232.2,231.24,231.35,9331891
2025-08-29 21:00:00+00:00,231.44,231.49,231.35,231.45,25243
2025-08-29 22:00:00+00:00,231.45,231.53,231.35,231.45,13293
2025-08-29 23:00:00+00:00,231.45,231.5,231.26,231.36,18075
2025-09-02 08:00:00+00:00,231.23,231.23,230.05,230.55,25320
2025-09-02 09:00:00+00:00,230.41,230.55,230.27,230.27,11101
2025-09-02 10:00:00+00:00,230.24,230.35,229.63,229.77,21699
2025-09-02 11:00:00+00:00,229.84,230.12,229.7,229.98,49035
2025-09-02 12:00:00+00:00,229.62,231.16,228.76,228.88,281707
2025-09-02 13:00:00+00:00,228.73,229.8,227.04,229.54,6414405
2025-09-02 14:00:00+00:00,229.48,230.13,227.36,227.45,5582146
2025-09-02 15:00:00+00:00,227.45,227.79,226.53,226.77,4249400
2025-09-02 16:00:00+00:00,226.77,227.51,226.74,227.37,2604944
2025-09-02 17:00:00+00:00,227.38,228.69,227.21,227.97,2547751
2025-09-02 18:00:00+00:00,227.96,228.25,227.69,227.93,2097545
2025-09-02 19:00:00+00:00,227.93,230.2,226.33,229.08,7110323
2025-09-02 20:00:00+00:00,229.07,238.82,228.16,237.37,12091594
2025-09-02 21:00:00+00:00,237.44,237.93,236.13,236.13,631572
2025-09-02 22:00:00+00:00,236.26,236.35,234.84,234.9,193020
2025-09-02 23:00:00+00:00,235.01,236.3,234.84,235.86,139011
2025-09-03 08:00:00+00:00,235.18,235.53,234.77,235.53,70680
2025-09-03 09:00:00+00:00,235.53,236.53,235.36,236.39,70251
2025-09-03 10:00:00+00:00,236.43,237.3,236.33,236.97,137397
2025-09-03 11:00:00+00:00,236.95,238.72,236.95,237.59,555223
2025-09-03 12:00:00+00:00,237.03,238.78,234.52,237.1,700172
2025-09-03 13:00:00+00:00,237.19,238.08,233.7,235.03,12947188
2025-09-03 14:00:00+00:00,234.97,236.93,234.45,236.33,11552356
2025-09-03 15:00:00+00:00,236.35,236.51,234.83,234.95,6014473
2025-09-03 16:00:00+00:00,234.95,236.68,234.86,236.39,4302235
2025-09-03 17:00:00+00:00,236.39,237.23,235.96,236.39,4947330
2025-09-03 18:00:00+00:00,236.39,236.6,236.09,236.27,4061597
2025-09-03 19:00:00+00:00,236.27,238.18,236.13,237.82,11640693
2025-09-03 20:00:00+00:00,237.82,237.83,237.2,237.52,9224992
2025-09-03 21:00:00+00:00,237.46,237.57,237.01,237.46,53861
2025-09-03 22:00:00+00:00,237.35,237.8,237.19,237.26,85754
2025-09-03 23:00:00+00:00,237.33,237.51,237.24,237.47,48165
2025-09-04 08:00:00+00:00,238.1,238.1,237.52,237.55,21083
2025-09-04 09:00:00+00:00,237.61,237.62,237.36,237.43,13866
2025-09-04 10:00:00+00:00,237.38,238.14,237.09,237.44,68575
2025-09-04 11:00:00+00:00,237.44,237.51,236.83,236.83,63686
2025-09-04 12:00:00+00:00,237.33,237.87,236.33,236.92,260898
2025-09-04 13:00:00+00:00,236.88,239.22,236.36,238.82,7774257
2025-09-04 14:00:00+00:00,238.86,238.91,236.49,236.8,6565403
2025-09-04 15:00:00+00:00,236.8,237.43,236.07,236.74,4687539
2025-09-04 16:00:00+00:00,236.75,237.0,236.3,236.84,2904037
2025-09-04 17:00:00+00:00,236.84,237.55,236.83,237.47,5109133
2025-09-04 18:00:00+00:00,237.48,238.04,237.21,237.8,3337803
2025-09-04 19:00:00+00:00,237.81,239.22,237.66,239.03,8017642
2025-09-04 20:00:00+00:00,239.02,239.24,237.42,239.1,7313398
2025-09-04 21:00:00+00:00,238.86,238.92,238.55,238.65,1330833
2025-09-04 22:00:00+00:00,238.63,238.77,238.52,238.67,22959
2025-09-04 23:00:00+00:00,238.62,238.8,238.46,238.53,30493
2025-09-05 08:00:00+00:00,238.68,238.88,238.58,238.67,24234
2025-09-05 09:00:00+00:00,238.7,238.8,238.58,238.75,12010
2025-09-05 10:00:00+00:00,238.68,238.72,238.48,238.62,12825
2025-09-05 11:00:00+00:00,238.62,238.77,238.48,238.59,33486
2025-09-05 12:00:00+00:00,238.66,239.34,238.09,239.17,2285529
2025-09-05 13:00:00+00:00,239.17,239.98,238.51,239.4,8834171
2025-09-05 14:00:00+00:00,239.41,240.64,237.96,238.32,9708615
2025-09-05 15:00:00+00:00,238.32,239.65,238.12,238.32,5636252
2025-09-05 16:00:00+00:00,238.32,239.04,237.82,238.65,4014661
2025-09-05 17:00:00+00:00,238.62,239.05,238.06,238.2,3219145
2025-09-05 18:00:00+00:00,238.19,239.3,238.18,239.28,3559202
2025-09-05 19:00:00+00:00,239.27,239.45,238.38,238.99,7721998
2025-09-05 20:00:00+00:00,239.0,239.18,238.83,239.01,9284208
2025-09-05 21:00:00+00:00,238.87,239.1,238.84,238.92,20023
2025-09-05 22:00:00+00:00,238.92,238.92,238.53,238.53,18126
2025-09-05 23:00:00+00:00,238.54,238.7,238.34,238.56,16431
2025-09-08 08:00:00+00:00,239.3,239.81,238.83,238.83,29337
2025-09-08 09:00:00+00:00,238.87,239.06,238.82,239.04,5355
2025-09-08 10:00:00+00:00,238.99,239.21,238.92,238.92,14215
2025-09-08 11:00:00+00:00,238.99,239.36,238.92,239.07,21877
2025-09-08 12:00:00+00:00,239.02,240.07,238.82,239.27,119795
2025-09-08 13:00:00+00:00,239.28,239.73,238.07,238.67,7149569
2025-09-08 14:00:00+00:00,238.64,239.16,238.16,238.48,6447619
2025-09-08 15:00:00+00:00,238.47,238.89,237.31,237.61,5080502
2025-09-08 16:00:00+00:00,237.6,237.7,236.19,236.31,4152618
2025-09-08 17:00:00+00:00,236.31,237.28,235.67,237.08,4674881
2025-09-08 18:00:00+00:00,237.08,237.18,235.94,236.21,4052671
2025-09-08 19:00:00+00:00,236.2,237.34,236.08,237.25,6978542
2025-09-08 20:00:00+00:00,237.25,237.63,236.93,237.53,10043556
2025-09-08 21:00:00+00:00,237.38,237.63,237.18,237.31,36773
2025-09-08 22:00:00+00:00,237.33,237.41,237.21,237.41,13325
2025-09-08 23:00:00+00:00,237.39,237.4,237.03,237.19,25351
2025-09-09 08:00:00+00:00,237.2,237.41,236.43,236.47,28062
2025-09-09 09:00:00+00:00,236.48,236.63,235.98,236.29,52618
2025-09-09 10:00:00+00:00,236.28,236.4,236.27,236.38,19907
2025-09-09 11:00:00+00:00,236.48,236.63,236.22,236.63,30034
2025-09-09 12:00:00+00:00,236.35,237.68,236.02,237.06,172663
2025-09-09 13:00:00+00:00,236.97,237.33,235.55,236.13,4825412
2025-09-09 14:00:00+00:00,236.16,236.24,235.11,235.88,5161299
2025-09-09 15:00:00+00:00,235.88,236.02,234.89,235.02,4067169
2025-09-09 16:00:00+00:00,235.02,236.0,234.9,235.95,3809754
2025-09-09 17:00:00+00:00,235.95,238.11,235.65,235.86,14317305
2025-09-09 18:00:00+00:00,235.87,236.12,232.7,233.08,15166810
2025-09-09 19:00:00+00:00,233.08,233.97,232.86,233.69,10409648
2025-09-09 20:00:00+00:00,233.68,233.74,232.34,232.52,7311110
2025-09-09 21:00:00+00:00,232.54,232.64,232.35,232.5,714540
2025-09-09 22:00:00+00:00,232.49,233.2,232.38,232.94,112774
2025-09-09 23:00:00+00:00,232.91,233.09,232.68,232.88,92614
2025-09-10 08:00:00+00:00,233.64,233.64,232.59,232.78,62486
2025-09-10 09:00:00+00:00,232.69,233.07,232.54,232.84,26837
2025-09-10 10:00:00+00:00,232.85,232.94,232.63,232.88,38540
2025-09-10 11:00:00+00:00,232.89,233.18,232.48,232.64,94884
2025-09-10 12:00:00+00:00,233.01,234.14,231.41,232.35,674487
2025-09-10 13:00:00+00:00,232.36,233.43,228.19,228.9,12942045
2025-09-10 14:00:00+00:00,228.89,229.15,226.71,227.09,14153705
2025-09-10 15:00:00+00:00,227.1,227.46,225.6,226.62,11609442
2025-09-10 16:00:00+00:00,226.61,227.41,226.18,226.77,8262367
2025-09-10 17:00:00+00:00,226.76,227.1,225.95,226.05,5231540
2025-09-10 18:00:00+00:00,226.04,226.71,225.71,226.25,6373879
2025-09-10 19:00:00+00:00,226.25,226.66,225.31,226.14,11074338
2025-09-10 20:00:00+00:00,226.15,226.86,226.1,226.28,12598178
2025-09-10 21:00:00+00:00,226.26,226.66,226.15,226.66,133926
2025-09-10 22:00:00+00:00,226.63,226.76,226.58,226.74,58624
2025-09-10 23:00:00+00:00,226.74,226.74,226.26,226.38,70714
2025-09-11 08:00:00+00:00,226.81,227.4,226.7,227.21,53101
2025-09-11 09:00:00+00:00,227.25,227.76,227.16,227.43,66168
2025-09-11 10:00:00+00:00,227.45,227.45,225.86,226.56,114728
2025-09-11 11:00:00+00:00,226.68,227.0,226.46,226.6,54391
2025-09-11 12:00:00+00:00,226.63,227.75,226.01,226.96,1201091
2025-09-11 13:00:00+00:00,226.96,228.5,226.01,228.4,7734515
2025-09-11 14:00:00+00:00,228.37,228.65,227.68,228.39,8777640
2025-09-11 15:00:00+00:00,228.39,228.67,227.55,227.77,4519669
2025-09-11 16:00:00+00:00,227.77,228.14,227.39,228.1,2810849
2025-09-11 17:00:00+00:00,228.11,229.51,228.0,229.41,4403295
2025-09-11 18:00:00+00:00,229.41,229.5,228.53,229.21,4316798
2025-09-11 19:00:00+00:00,229.22,229.8,228.76,229.37,7664138
2025-09-11 20:00:00+00:00,229.37,229.4,228.8,228.87,8297337
2025-09-11 21:00:00+00:00,228.87,229.0,228.66,228.68,36763
2025-09-11 22:00:00+00:00,228.67,228.9,228.37,228.9,45354
2025-09-11 23:00:00+00:00,228.78,228.93,228.66,228.85,28932
2025-09-12 08:00:00+00:00,229.14,229.17,228.73,228.8,33810
2025-09-12 09:00:00+00:00,228.85,228.9,228.65,228.88,19782
2025-09-12 10:00:00+00:00,228.78,228.84,228.46,228.47,13176
2025-09-12 11:00:00+00:00,228.49,228.73,228.37,228.73,46015
2025-09-12 12:00:00+00:00,228.55,229.45,226.86,228.61,2185901
2025-09-12 13:00:00+00:00,228.61,230.58,228.05,230.56,5707366
2025-09-12 14:00:00+00:00,230.45,233.85,230.28,233.28,11656650
2025-09-12 15:00:00+00:00,233.29,233.83,232.7,233.31,6009482
2025-09-12 16:00:00+00:00,233.33,233.6,232.47,232.48,4927211
2025-09-12 17:00:00+00:00,232.47,233.21,232.34,233.0,3690654
2025-09-12 18:00:00+00:00,233.02,233.56,232.36,233.34,6270418
2025-09-12 19:00:00+00:00,233.35,233.79,232.85,233.4,8180078
2025-09-12 20:00:00+00:00,233.39,233.64,233.15,233.36,6556079
2025-09-12 21:00:00+00:00,233.31,233.36,233.24,233.34,448661
2025-09-12 22:00:00+00:00,233.33,233.34,233.19,233.26,25951
2025-09-12 23:00:00+00:00,233.24,233.34,233.15,233.33,22610
2025-09-15 08:00:00+00:00,233.88,236.6,233.46,236.09,178502
2025-09-15 09:00:00+00:00,235.79,235.97,235.45,235.78,33967
2025-09-15 10:00:00+00:00,235.48,235.73,235.23,235.63,73001
2025-09-15 11:00:00+00:00,235.64,236.45,235.35,235.9,157671
2025-09-15 12:00:00+00:00,235.43,237.03,233.68,236.5,871638
2025-09-15 13:00:00+00:00,236.5,237.52,234.37,234.7,9392965
2025-09-15 14:00:00+00:00,234.67,236.35,234.39,236.29,6333718
2025-09-15 15:00:00+00:00,236.28,236.63,235.75,236.4,4292502
2025-09-15 16:00:00+00:00,236.4,236.4,235.41,235.56,2836218
2025-09-15 17:00:00+00:00,235.56,235.7,234.92,235.35,3210279
2025-09-15 18:00:00+00:00,235.35,235.5,234.61,235.5,3086689
2025-09-15 19:00:00+00:00,235.51,236.12,235.02,236.09,6542677
2025-09-15 20:00:00+00:00,236.09,236.67,235.47,235.68,5546652
2025-09-15 21:00:00+00:00,235.63,235.77,235.6,235.63,50806
2025-09-15 22:00:00+00:00,235.66,236.03,235.5,235.55,32404
2025-09-15 23:00:00+00:00,235.57,235.66,235.45,235.63,20625
2025-09-16 08:00:00+00:00,236.05,236.24,235.95,236.23,29871
2025-09-16 09:00:00+00:00,236.14,236.16,235.83,235.83,7598
2025-09-16 10:00:00+00:00,235.88,235.92,235.81,235.9,9131
2025-09-16 11:00:00+00:00,235.93,236.14,235.43,236.14,54887
2025-09-16 12:00:00+00:00,235.83,236.31,235.67,236.13,1101622
2025-09-16 13:00:00+00:00,236.25,239.88,235.66,239.68,11790362
2025-09-16 14:00:00+00:00,239.7,240.54,238.06,238.31,11446010
2025-09-16 15:00:00+00:00,238.32,239.17,237.57,237.98,5979392
2025-09-16 16:00:00+00:00,237.99,238.74,237.96,238.47,4416091
2025-09-16 17:00:00+00:00,238.48,238.72,237.46,237.65,3988993
2025-09-16 18:00:00+00:00,237.65,238.44,237.54,238.39,3741677
2025-09-16 19:00:00+00:00,238.39,238.95,237.41,237.47,8794796
2025-09-16 20:00:00+00:00,237.45,237.63,237.14,237.27,11945729
2025-09-16 21:00:00+00:00,237.28,237.42,237.18,237.28,25547
2025-09-16 22:00:00+00:00,237.28,237.48,237.22,237.27,32948
2025-09-16 23:00:00+00:00,237.33,237.33,237.13,237.24,13421
2025-09-17 08:00:00+00:00,237.11,237.29,236.71,237.04,20217
2025-09-17 09:00:00+00:00,237.0,237.15,236.88,237.15,19739
2025-09-17 10:00:00+00:00,237.16,237.45,237.13,237.14,23888
2025-09-17 11:00:00+00:00,237.16,237.43,237.13,237.43,25491
2025-09-17 12:00:00+00:00,237.26,238.04,236.69,238.04,493227
2025-09-17 13:00:00+00:00,238.05,239.42,237.97,238.55,6435134
2025-09-17 14:00:00+00:00,238.57,239.34,238.39,238.86,5045005
2025-09-17 15:00:00+00:00,238.86,239.1,238.53,238.88,3627418
2025-09-17 16:00:00+00:00,238.88,239.09,238.6,238.91,3178412
2025-09-17 17:00:00+00:00,238.91,238.94,238.24,238.76,2888511
2025-09-17 18:00:00+00:00,238.75,239.15,237.06,237.91,6015269
2025-09-17 19:00:00+00:00,237.91,238.78,237.8,238.28,6901158
2025-09-17 20:00:00+00:00,238.34,239.32,237.59,238.64,11699926
2025-09-17 21:00:00+00:00,238.63,238.76,238.32,238.74,21286
2025-09-17 22:00:00+00:00,238.72,238.96,238.6,238.88,26136
2025-09-17 23:00:00+00:00,238.88,239.07,238.82,239.02,43545
2025-09-18 08:00:00+00:00,240.02,240.3,239.32,240.22,58841
2025-09-18 09:00:00+00:00,240.22,240.25,239.43,239.65,42145
2025-09-18 10:00:00+00:00,239.65,239.65,239.13,239.52,29809
2025-09-18 11:00:00+00:00,239.43,239.6,238.4,238.72,80462
2025-09-18 12:00:00+00:00,239.37,240.29,238.34,238.55,302598
2025-09-18 13:00:00+00:00,238.55,240.52,236.96,237.77,6507313
2025-09-18 14:00:00+00:00,237.76,237.76,235.98,237.56,7084467
2025-09-18 15:00:00+00:00,237.58,238.12,236.68,236.94,3954040
2025-09-18 16:00:00+00:00,236.92,237.51,236.78,237.28,3123159
2025-09-18 17:00:00+00:00,237.28,237.54,236.54,236.72,3448889
2025-09-18 18:00:00+00:00,236.71,237.35,236.64,237.02,3043101
2025-09-18 19:00:00+00:00,237.02,237.44,236.58,237.18,6106448
2025-09-18 20:00:00+00:00,237.21,237.48,237.19,237.36,10319626
2025-09-18 21:00:00+00:00,237.35,237.48,237.21,237.46,30632
2025-09-18 22:00:00+00:00,237.43,237.51,237.4,237.51,63613
2025-09-18 23:00:00+00:00,237.45,237.53,237.43,237.48,19501
2025-09-19 08:00:00+00:00,237.58,237.97,237.33,237.75,36686
2025-09-19 09:00:00+00:00,237.76,239.74,237.73,238.94,147903
2025-09-19 10:00:00+00:00,238.94,239.1,238.46,238.68,39964
2025-09-19 11:00:00+00:00,238.81,240.12,238.66,239.97,183627
2025-09-19 12:00:00+00:00,238.75,240.39,237.25,239.54,695395
2025-09-19 13:00:00+00:00,239.57,242.02,239.12,240.21,20929023
2025-09-19 14:00:00+00:00,240.21,242.47,239.53,242.15,10817312
2025-09-19 15:00:00+00:00,242.16,242.7,241.12,242.6,7280424
2025-09-19 16:00:00+00:00,242.58,245.23,242.48,244.46,14837513
2025-09-19 17:00:00+00:00,244.47,245.26,244.21,244.71,6511699
2025-09-19 18:00:00+00:00,244.71,245.58,244.26,244.82,9673228
2025-09-19 19:00:00+00:00,244.81,245.61,244.05,244.59,17273799
2025-09-19 20:00:00+00:00,244.81,245.11,244.31,244.8,74890986
2025-09-19 21:00:00+00:00,244.8,245.0,244.78,244.8,104510
2025-09-19 22:00:00+00:00,244.81,245.01,244.81,244.96,238547
2025-09-19 23:00:00+00:00,244.97,245.06,244.95,245.0,56027
2025-09-22 08:00:00+00:00,245.44,246.3,244.39,245.9,129123
2025-09-22 09:00:00+00:00,246.17,246.41,245.43,246.05,63754
2025-09-22 10:00:00+00:00,246.18,246.72,245.7,245.76,73229
2025-09-22 11:00:00+00:00,245.72,246.33,245.41,246.3,110769
2025-09-22 12:00:00+00:00,245.65,247.54,243.7,247.31,2043631
2025-09-22 13:00:00+00:00,247.3,250.64,247.05,250.39,17037331
2025-09-22 14:00:00+00:00,250.4,252.97,250.07,252.88,14531386
2025-09-22 15:00:00+00:00,252.9,255.92,252.67,255.33,18963827
2025-09-22 16:00:00+00:00,255.35,255.59,252.45,253.49,12722465
2025-09-22 17:00:00+00:00,253.49,254.22,252.8,253.39,6310920
2025-09-22 18:00:00+00:00,253.38,255.05,253.3,254.68,6379188
2025-09-22 19:00:00+00:00,254.68,255.54,254.59,255.37,13475517
2025-09-22 20:00:00+00:00,255.41,255.88,255.29,255.68,13253227
2025-09-22 21:00:00+00:00,255.68,255.83,255.36,255.7,264627
2025-09-22 22:00:00+00:00,255.7,255.7,255.49,255.55,73002
2025-09-22 23:00:00+00:00,255.51,255.73,255.51,255.73,60632
2025-09-23 08:00:00+00:00,255.96,255.96,254.37,254.38,74947
2025-09-23 09:00:00+00:00,254.33,255.08,254.22,254.93,37879
2025-09-23 10:00:00+00:00,254.93,254.93,254.37,254.58,21453
2025-09-23 11:00:00+00:00,254.56,254.75,253.9,254.36,89345
2025-09-23 12:00:00+00:00,255.69,256.03,253.88,254.31,1062089
2025-09-23 13:00:00+00:00,254.31,256.61,254.03,255.48,9344608
2025-09-23 14:00:00+00:00,255.49,256.27,254.28,254.57,9023444
2025-09-23 15:00:00+00:00,254.59,255.66,254.5,255.24,6096963
2025-09-23 16:00:00+00:00,255.24,255.49,253.96,254.37,4132095
2025-09-23 17:00:00+00:00,254.36,254.51,253.21,253.61,6032820
2025-09-23 18:00:00+00:00,253.62,254.24,253.25,253.41,5528910
2025-09-23 19:00:00+00:00,253.4,253.81,252.86,253.81,7412976
2025-09-23 20:00:00+00:00,253.71,253.93,253.48,253.61,11251766
2025-09-23 21:00:00+00:00,253.68,253.69,253.49,253.54,11842
2025-09-23 22:00:00+00:00,253.56,253.77,253.44,253.63,23947
2025-09-23 23:00:00+00:00,253.56,253.63,253.23,253.46,23029
2025-09-24 08:00:00+00:00,253.49,253.8,253.42,253.8,24597
2025-09-24 09:00:00+00:00,253.89,254.22,253.78,253.83,21103
2025-09-24 10:00:00+00:00,253.88,253.96,253.54,253.69,17304
2025-09-24 11:00:00+00:00,253.7,254.28,253.7,254.28,34758
2025-09-24 12:00:00+00:00,253.79,254.73,253.08,254.39,380665
2025-09-24 13:00:00+00:00,254.4,255.02,251.57,252.54,5740021
2025-09-24 14:00:00+00:00,252.57,252.58,251.01,251.5,5891869
2025-09-24 15:00:00+00:00,251.51,251.6,250.57,250.7,4619241
2025-09-24 16:00:00+00:00,250.7,251.55,250.33,250.83,3714115
2025-09-24 17:00:00+00:00,250.83,251.4,250.61,250.79,1940608
2025-09-24 18:00:00+00:00,250.78,251.13,250.54,251.01,2251374
2025-09-24 19:00:00+00:00,251.01,251.79,250.53,251.53,5257119
2025-09-24 20:00:00+00:00,251.49,251.76,251.3,251.61,12318715
2025-09-24 21:00:00+00:00,251.6,251.76,251.55,251.61,26598
2025-09-24 22:00:00+00:00,251.65,251.65,251.49,251.54,11803
2025-09-24 23:00:00+00:00,251.56,251.57,251.31,251.37,25052
2025-09-25 08:00:00+00:00,250.98,251.14,250.75,250.89,11950
2025-09-25 09:00:00+00:00,250.89,250.99,250.63,250.86,12819
2025-09-25 10:00:00+00:00,250.99,253.22,250.99,252.28,85912
2025-09-25 11:00:00+00:00,252.05,252.51,251.36,251.99,84020
2025-09-25 12:00:00+00:00,253.08,253.14,250.62,251.62,272769
2025-09-25 13:00:00+00:00,251.74,253.6,251.0,251.6,7986781
2025-09-25 14:00:00+00:00,251.62,253.42,251.41,252.96,6136098
2025-09-25 15:00:00+00:00,252.97,253.41,252.12,252.17,3812095
2025-09-25 16:00:00+00:00,252.16,252.66,251.59,252.52,3404335
2025-09-25 17:00:00+00:00,252.52,253.16,252.41,252.5,3289679
2025-09-25 18:00:00+00:00,252.5,255.38,252.14,255.28,7539793
2025-09-25 19:00:00+00:00,255.27,256.44,254.7,256.22,11485772
2025-09-25 20:00:00+00:00,256.22,256.27,255.38,255.54,8831184
2025-09-25 21:00:00+00:00,255.52,255.73,255.38,255.53,77426
2025-09-25 22:00:00+00:00,255.52,255.78,255.51,255.51,32863
2025-09-25 23:00:00+00:00,255.48,256.15,254.99,255.46,76567
2025-09-26 08:00:00+00:00,255.28,255.57,254.68,254.8,26353
2025-09-26 09:00:00+00:00,254.76,255.43,254.69,255.26,32887
2025-09-26 10:00:00+00:00,255.39,255.76,254.95,255.17,53153
2025-09-26 11:00:00+00:00,255.28,255.47,252.87,253.78,223486
2025-09-26 12:00:00+00:00,255.47,255.98,252.87,253.7,492565
2025-09-26 13:00:00+00:00,253.65,255.62,253.06,255.57,7438663
2025-09-26 14:00:00+00:00,255.54,255.88,253.62,254.31,8137472
2025-09-26 15:00:00+00:00,254.3,255.32,254.14,254.34,5173381
2025-09-26 16:00:00+00:00,254.35,255.68,254.2,255.62,3133291
2025-09-26 17:00:00+00:00,255.61,256.87,255.14,255.38,4094411
2025-09-26 18:00:00+00:00,255.37,256.06,255.24,255.48,2865409
2025-09-26 19:00:00+00:00,255.48,255.5,254.18,254.74,6221563
2025-09-26 20:00:00+00:00,254.74,255.15,254.63,254.92,7653746
2025-09-26 21:00:00+00:00,254.9,255.03,254.78,254.79,36597
2025-09-26 22:00:00+00:00,254.83,254.85,254.78,254.78,15564
2025-09-26 23:00:00+00:00,254.78,254.82,254.73,254.77,15591
2025-09-29 08:00:00+00:00,254.78,254.93,253.73,253.88,81702
2025-09-29 09:00:00+00:00,254.06,254.58,253.98,254.38,33188
2025-09-29 10:00:00+00:00,254.39,254.52,253.75,254.0,34689
2025-09-29 11:00:00+00:00,254.18,254.53,253.77,253.88,60633
2025-09-29 12:00:00+00:00,254.08,255.5,253.73,254.62,269977
2025-09-29 13:00:00+00:00,254.62,255.05,252.3,252.99,5789762
2025-09-29 14:00:00+00:00,252.99,253.78,252.56,253.21,4945664
2025-09-29 15:00:00+00:00,253.23,253.45,252.41,252.82,3649803
2025-09-29 16:00:00+00:00,252.82,253.35,252.54,252.63,2796056
2025-09-29 17:00:00+00:00,252.64,252.78,252.42,252.64,3840928
2025-09-29 18:00:00+00:00,252.64,253.9,252.63,253.34,3423959
2025-09-29 19:00:00+00:00,253.34,254.28,252.89,253.63,5478535
2025-09-29 20:00:00+00:00,253.71,253.78,253.32,253.32,9017953
2025-09-29 21:00:00+00:00,253.4,253.71,253.07,253.14,200401
2025-09-29 22:00:00+00:00,253.21,253.47,253.14,253.38,12642
2025-09-29 23:00:00+00:00,253.13,253.57,253.13,253.28,21589
2025-09-30 08:00:00+00:00,252.83,253.02,252.52,253.01,13117
2025-09-30 09:00:00+00:00,252.85,252.93,252.71,252.83,4999
2025-09-30 10:00:00+00:00,252.89,252.89,252.73,252.81,4488
2025-09-30 11:00:00+00:00,252.84,253.13,252.82,253.03,21497
2025-09-30 12:00:00+00:00,253.71,253.71,252.5,253.14,75004
2025-09-30 13:00:00+00:00,253.07,254.92,252.86,254.77,4850611
2025-09-30 14:00:00+00:00,254.76,255.2,253.86,254.78,4270321
2025-09-30 15:00:00+00:00,254.78,254.95,253.1,253.97,3259649
2025-09-30 16:00:00+00:00,253.97,254.26,253.32,253.36,1973491
2025-09-30 17:00:00+00:00,253.35,253.53,252.6,253.01,2516432
2025-09-30 18:00:00+00:00,253.0,253.52,252.4,253.47,2735625
2025-09-30 19:00:00+00:00,253.48,254.46,252.78,253.84,5776274
2025-09-30 20:00:00+00:00,253.81,254.04,253.31,253.91,12122913
2025-09-30 21:00:00+00:00,253.36,253.44,253.28,253.3,14053
2025-09-30 22:00:00+00:00,253.43,253.48,252.88,252.88,19672
2025-09-30 23:00:00+00:00,252.9,253.17,252.79,252.79,18385
2025-10-01 08:00:00+00:00,252.67,252.67,250.8,251.81,32915
2025-10-01 09:00:00+00:00,251.76,252.35,251.7,252.3,24023
2025-10-01 10:00:00+00:00,252.42,253.21,252.42,252.78,23738
2025-10-01 11:00:00+00:00,252.74,253.4,252.69,253.25,32281
2025-10-01 12:00:00+00:00,252.81,255.18,250.4,254.47,353654
2025-10-01 13:00:00+00:00,254.38,258.06,253.6,255.78,9706579
2025-10-01 14:00:00+00:00,255.79,256.6,254.68,254.81,6286828
2025-10-01 15:00:00+00:00,254.81,255.4,254.38,255.39,3772350
2025-10-01 16:00:00+00:00,255.38,256.21,255.22,255.73,3161239
2025-10-01 17:00:00+00:00,255.74,256.11,255.13,255.73,2396783
2025-10-01 18:00:00+00:00,255.73,256.03,255.51,256.02,2186395
2025-10-01 19:00:00+00:00,256.01,256.22,254.56,254.69,6566718
2025-10-01 20:00:00+00:00,254.73,255.39,254.41,254.68,14081177
2025-10-01 21:00:00+00:00,254.66,254.78,254.54,254.68,15575
2025-10-01 22:00:00+00:00,254.68,254.76,254.6,254.62,22962
2025-10-01 23:00:00+00:00,254.63,254.68,254.5,254.56,24781
2025-10-02 08:00:00+00:00,256.18,256.67,255.37,255.97,106616
2025-10-02 09:00:00+00:00,255.88,256.37,255.28,256.01,52228
2025-10-02 10:00:00+00:00,255.76,256.16,255.44,255.44,44276
2025-10-02 11:00:00+00:00,255.41,256.08,255.28,255.66,57970
2025-10-02 12:00:00+00:00,256.29,256.38,254.73,255.47,712120
2025-10-02 13:00:00+00:00,255.5,256.57,253.43,255.31,7936192
2025-10-02 14:00:00+00:00,255.3,256.07,254.93,255.54,4821418
2025-10-02 15:00:00+00:00,255.54,257.26,255.25,257.05,5169608
2025-10-02 16:00:00+00:00,257.04,257.45,256.38,256.79,2909653
2025-10-02 17:00:00+00:00,256.77,257.1,256.33,256.39,2263455
2025-10-02 18:00:00+00:00,256.39,257.44,256.3,257.2,4348900
2025-10-02 19:00:00+00:00,257.2,257.22,256.08,256.41,6796993
2025-10-02 20:00:00+00:00,256.4,256.84,256.4,256.77,7292759
2025-10-02 21:00:00+00:00,256.67,256.76,256.4,256.76,55355
2025-10-02 22:00:00+00:00,256.73,256.76,256.52,256.67,12532
2025-10-02 23:00:00+00:00,256.7,256.72,256.47,256.47,19065
2025-10-03 08:00:00+00:00,257.27,257.27,256.42,256.85,16815
2025-10-03 09:00:00+00:00,256.89,256.89,256.47,256.47,8066
2025-10-03 10:00:00+00:00,256.38,256.57,256.38,256.53,9935
2025-10-03 11:00:00+00:00,256.55,256.87,252.49,253.16,311674
2025-10-03 12:00:00+00:00,256.89,257.27,252.56,253.58,682874
2025-10-03 13:00:00+00:00,253.5,258.32,252.92,257.32,11191987
2025-10-03 14:00:00+00:00,257.31,258.06,256.61,257.45,6708518
2025-10-03 15:00:00+00:00,257.44,258.51,257.17,257.68,5160443
2025-10-03 16:00:00+00:00,257.68,258.2,257.46,258.06,3053220
2025-10-03 17:00:00+00:00,258.08,258.08,256.39,256.71,4589995
2025-10-03 18:00:00+00:00,256.71,257.86,256.24,257.6,4368094
2025-10-03 19:00:00+00:00,257.62,257.68,256.61,257.29,5864955
2025-10-03 20:00:00+00:00,257.31,257.37,257.02,257.25,6586878
2025-10-03 21:00:00+00:00,257.1,257.15,257.04,257.14,22369
2025-10-03 22:00:00+00:00,257.14,257.27,257.08,257.26,32438
2025-10-03 23:00:00+00:00,257.27,257.27,256.98,257.17,14019
2025-10-06 08:00:00+00:00,257.12,257.16,256.83,257.01,19446
2025-10-06 09:00:00+00:00,256.97,257.17,256.84,257.01,19146
2025-10-06 10:00:00+00:00,256.97,257.86,256.92,257.66,39777
2025-10-06 11:00:00+00:00,257.67,258.76,257.27,258.42,119376
2025-10-06 12:00:00+00:00,258.43,258.72,256.54,257.56,306784
2025-10-06 13:00:00+00:00,257.53,258.34,254.33,255.55,7009483
2025-10-06 14:00:00+00:00,255.55,258.02,255.47,257.11,6231969
2025-10-06 15:00:00+00:00,257.12,257.23,256.11,256.44,3352319
2025-10-06 16:00:00+00:00,256.42,256.84,256.05,256.61,2646279
2025-10-06 17:00:00+00:00,256.6,256.67,254.78,254.89,4204305
2025-10-06 18:00:00+00:00,254.9,255.86,254.89,255.5,4674457
2025-10-06 19:00:00+00:00,255.49,256.52,255.41,255.93,5003230
2025-10-06 20:00:00+00:00,255.97,256.18,255.53,255.83,8558311
2025-10-06 21:00:00+00:00,255.83,255.93,255.68,255.73,11507
2025-10-06 22:00:00+00:00,255.7,255.77,254.83,255.03,34987
2025-10-06 23:00:00+00:00,255.02,255.38,254.83,255.08,29769
2025-10-07 08:00:00+00:00,255.07,255.27,254.78,255.27,17213
2025-10-07 09:00:00+00:00,255.26,255.37,254.78,254.78,7938
2025-10-07 10:00:00+00:00,254.95,255.05,254.78,254.78,11848
2025-10-07 11:00:00+00:00,254.88,255.18,254.79,255.06,18020
2025-10-07 12:00:00+00:00,254.92,255.69,254.78,255.6,199037
2025-10-07 13:00:00+00:00,255.6,256.67,255.15,256.44,3707539
2025-10-07 14:00:00+00:00,256.43,256.51,254.88,255.2,4803086
2025-10-07 15:00:00+00:00,255.17,256.38,255.17,255.58,3914878
2025-10-07 16:00:00+00:00,255.57,255.94,255.17,255.36,3244842
2025-10-07 17:00:00+00:00,255.36,255.5,254.71,255.12,2060408
2025-10-07 18:00:00+00:00,255.12,255.49,254.84,255.43,2255866
2025-10-07 19:00:00+00:00,255.43,255.9,255.19,255.76,5358217
2025-10-07 20:00:00+00:00,255.77,255.98,255.56,255.76,6203621
2025-10-07 21:00:00+00:00,255.75,255.75,255.53,255.53,9541
2025-10-07 22:00:00+00:00,255.64,255.74,255.28,255.68,12081
2025-10-07 23:00:00+00:00,255.57,255.57,255.18,255.23,24123
2025-10-08 08:00:00+00:00,255.28,255.54,255.03,255.11,12960
2025-10-08 09:00:00+00:00,255.13,255.19,254.88,254.88,8811
2025-10-08 10:00:00+00:00,254.87,255.22,254.78,255.09,11931
2025-10-08 11:00:00+00:00,255.2,255.28,255.18,255.28,11718
2025-10-08 12:00:00+00:00,255.26,255.81,254.87,255.18,57877
2025-10-08 13:00:00+00:00,255.16,257.16,255.14,256.49,5005665
2025-10-08 14:00:00+00:00,256.49,257.46,256.44,256.88,4739481
2025-10-08 15:00:00+00:00,256.87,257.73,256.83,257.22,3875128
2025-10-08 16:00:00+00:00,257.23,257.79,256.9,257.07,2535389
2025-10-08 17:00:00+00:00,257.07,257.47,256.93,257.09,2147940
2025-10-08 18:00:00+00:00,257.08,257.46,256.92,257.07,2106456
2025-10-08 19:00:00+00:00,257.08,257.76,257.01,257.31,5783858
2025-10-08 20:00:00+00:00,257.3,257.57,257.2,257.32,9192076
2025-10-08 21:00:00+00:00,257.31,257.33,257.11,257.33,177863
2025-10-08 22:00:00+00:00,257.27,257.39,257.26,257.35,11193
2025-10-08 23:00:00+00:00,257.32,257.58,257.27,257.47,19193
2025-10-09 08:00:00+00:00,256.34,256.92,256.28,256.92,29641
2025-10-09 09:00:00+00:00,256.89,257.13,256.78,256.88,9975
2025-10-09 10:00:00+00:00,256.87,256.97,256.42,256.52,11609
2025-10-09 11:00:00+00:00,256.71,257.14,256.64,256.64,33471
2025-10-09 12:00:00+00:00,256.75,257.14,256.27,256.34,119139
2025-10-09 13:00:00+00:00,256.35,257.27,254.05,254.44,5419498
2025-10-09 14:00:00+00:00,254.45,255.11,253.85,254.22,5194429
2025-10-09 15:00:00+00:00,254.23,254.5,253.09,253.38,4771841
2025-10-09 16:00:00+00:00,253.38,254.04,252.81,253.07,3067554
2025-10-09 17:00:00+00:00,253.05,253.18,252.43,252.91,2542550
2025-10-09 18:00:00+00:00,252.91,253.14,252.61,253.09,3353108
2025-10-09 19:00:00+00:00,253.08,253.78,252.84,253.31,6247454
2025-10-09 20:00:00+00:00,253.3,253.51,253.02,253.3,7371496
2025-10-09 21:00:00+00:00,253.28,253.37,253.14,253.25,17815
2025-10-09 22:00:00+00:00,253.32,253.5,253.32,253.44,26865
2025-10-09 23:00:00+00:00,253.48,253.57,253.38,253.57,29876
2025-10-10 08:00:00+00:00,252.96,253.35,252.81,253.11,23027
2025-10-10 09:00:00+00:00,253.06,253.06,252.41,252.49,21877
2025-10-10 10:00:00+00:00,252.63,253.04,252.63,252.87,6231
2025-10-10 11:00:00+00:00,252.96,253.41,252.85,253.38,17867
2025-10-10 12:00:00+00:00,253.07,253.68,252.29,252.64,118798
2025-10-10 13:00:00+00:00,252.67,255.66,252.66,254.74,4822076
2025-10-10 14:00:00+00:00,254.77,255.33,251.81,252.46,4386567
2025-10-10 15:00:00+00:00,252.4,252.4,247.63,248.09,12884749
2025-10-10 16:00:00+00:00,248.08,248.36,246.62,246.79,4909205
2025-10-10 17:00:00+00:00,246.8,247.88,246.36,247.31,4963211
2025-10-10 18:00:00+00:00,247.33,247.35,245.12,245.31,4895959
2025-10-10 19:00:00+00:00,245.31,246.29,243.31,244.59,11075037
2025-10-10 20:00:00+00:00,244.64,245.25,238.81,242.67,12987513
2025-10-10 21:00:00+00:00,242.67,243.19,240.82,241.37,571136
2025-10-10 22:00:00+00:00,241.37,245.01,241.33,243.11,187502
2025-10-10 23:00:00+00:00,243.11,245.31,243.03,244.71,81243
2025-10-13 08:00:00+00:00,247.96,249.61,247.27,248.92,92326
2025-10-13 09:00:00+00:00,248.98,249.0,248.33,248.54,60673
2025-10-13 10:00:00+00:00,248.47,248.99,247.97,248.6,48623
2025-10-13 11:00:00+00:00,248.45,249.06,247.41,248.46,129568
2025-10-13 12:00:00+00:00,248.3,249.94,247.35,248.25,300261
2025-10-13 13:00:00+00:00,248.2,248.8,244.87,245.92,5893242
2025-10-13 14:00:00+00:00,245.94,246.93,245.41,246.24,4753247
2025-10-13 15:00:00+00:00,246.24,248.29,245.96,248.08,5493900
2025-10-13 16:00:00+00:00,248.09,248.93,247.85,248.85,2838606
2025-10-13 17:00:00+00:00,248.86,248.99,247.99,248.35,1824354
2025-10-13 18:00:00+00:00,248.34,248.62,247.62,247.76,2405693
2025-10-13 19:00:00+00:00,247.76,248.01,246.63,246.89,5004052
2025-10-13 20:00:00+00:00,246.88,247.0,246.51,246.56,7252399
2025-10-13 21:00:00+00:00,246.55,246.96,246.55,246.7,28052
2025-10-13 22:00:00+00:00,246.8,246.8,246.57,246.65,17348
2025-10-13 23:00:00+00:00,246.62,246.69,246.5,246.56,16121
2025-10-14 08:00:00+00:00,245.59,246.27,244.17,244.71,65462
2025-10-14 09:00:00+00:00,245.16,245.16,244.6,244.63,8454
2025-10-14 10:00:00+00:00,244.65,245.84,244.5,244.77,92074
2025-10-14 11:00:00+00:00,245.0,246.02,244.76,245.66,53617
2025-10-14 12:00:00+00:00,244.52,246.96,244.16,244.81,327416
2025-10-14 13:00:00+00:00,245.06,246.44,244.01,245.55,3957996
2025-10-14 14:00:00+00:00,245.55,247.0,245.17,246.56,4153225
2025-10-14 15:00:00+00:00,246.56,247.05,245.43,246.68,3103926
2025-10-14 16:00:00+00:00,246.66,247.34,246.15,246.88,2244765
2025-10-14 17:00:00+00:00,246.88,247.2,246.48,246.88,1999774
2025-10-14 18:00:00+00:00,246.88,247.26,246.44,247.24,2402721
2025-10-14 19:00:00+00:00,247.24,248.14,246.01,247.15,6968006
2025-10-14 20:00:00+00:00,247.15,247.45,246.38,246.9,9771912
2025-10-14 21:00:00+00:00,246.92,247.07,246.6,246.76,18661
2025-10-14 22:00:00+00:00,246.89,247.01,246.46,246.8,23695
2025-10-14 23:00:00+00:00,246.98,247.2,246.59,246.66,15491
2025-10-15 08:00:00+00:00,247.53,247.65,246.95,247.65,30197
2025-10-15 09:00:00+00:00,247.68,248.04,247.61,247.87,16497
2025-10-15 10:00:00+00:00,247.73,247.95,247.63,247.95,14896
2025-10-15 11:00:00+00:00,247.98,248.45,247.94,248.37,38202
2025-10-15 12:00:00+00:00,247.4,249.66,246.95,249.39,230350
2025-10-15 13:00:00+00:00,249.42,250.09,247.94,250.07,5026694
2025-10-15 14:00:00+00:00,250.04,251.11,249.57,249.83,4505506
2025-10-15 15:00:00+00:00,249.84,250.14,248.02,248.27,3329453
2025-10-15 16:00:00+00:00,248.25,249.34,248.0,248.25,2261362
2025-10-15 17:00:00+00:00,248.26,249.02,246.77,248.78,2429971
2025-10-15 18:00:00+00:00,248.79,249.28,248.5,249.24,1641645
2025-10-15 19:00:00+00:00,249.25,249.4,247.4,248.73,5521284
2025-10-15 20:00:00+00:00,248.73,249.15,248.3,248.53,8061130
2025-10-15 21:00:00+00:00,248.61,248.69,248.45,248.63,6115
2025-10-15 22:00:00+00:00,248.7,248.9,246.89,248.1,29547
2025-10-15 23:00:00+00:00,248.11,248.59,247.84,248.39,23381
2025-10-16 08:00:00+00:00,249.18,249.54,249.08,249.19,23521
2025-10-16 09:00:00+00:00,249.33,249.53,249.01,249.53,14914
2025-10-16 10:00:00+00:00,249.64,249.93,249.34,249.54,44480
2025-10-16 11:00:00+00:00,249.43,249.65,249.17,249.31,23803
2025-10-16 12:00:00+00:00,249.29,249.87,248.3,249.72,122226
2025-10-16 13:00:00+00:00,249.73,249.79,245.49,246.81,6483522
2025-10-16 14:00:00+00:00,246.86,248.21,246.16,247.9,5542929
2025-10-16 15:00:00+00:00,247.92,248.34,246.8,247.27,3611212
2025-10-16 16:00:00+00:00,247.26,247.5,245.35,246.95,4460044
2025-10-16 17:00:00+00:00,246.95,247.07,245.51,245.87,3168554
2025-10-16 18:00:00+00:00,245.85,246.26,244.44,245.91,4092095
2025-10-16 19:00:00+00:00,245.9,247.27,245.6,246.73,5467826
2025-10-16 20:00:00+00:00,246.82,247.1,246.22,246.5,6558374
2025-10-16 21:00:00+00:00,246.75,246.75,246.31,246.45,33494
2025-10-16 22:00:00+00:00,246.5,246.9,245.58,245.64,25956
2025-10-16 23:00:00+00:00,245.83,246.25,245.57,245.91,16014
2025-10-17 08:00:00+00:00,245.51,245.61,243.38,244.66,72482
2025-10-17 09:00:00+00:00,244.61,245.0,244.29,244.56,18742
2025-10-17 10:00:00+00:00,244.71,245.09,243.71,245.02,56268
2025-10-17 11:00:00+00:00,245.28,246.8,245.08,246.52,77084
2025-10-17 12:00:00+00:00,245.21,247.28,243.32,246.41,207252
2025-10-17 13:00:00+00:00,246.48,248.49,246.05,247.71,7298020
2025-10-17 14:00:00+00:00,247.71,249.61,247.56,248.17,5208485
2025-10-17 15:00:00+00:00,248.21,249.08,247.4,248.87,3930778
2025-10-17 16:00:00+00:00,248.84,250.65,248.75,250.42,4692146
2025-10-17 17:00:00+00:00,250.42,250.66,249.54,250.59,5023219
2025-10-17 18:00:00+00:00,250.61,251.82,250.61,251.56,3901752
2025-10-17 19:00:00+00:00,251.57,252.67,251.39,251.59,9619465
2025-10-17 20:00:00+00:00,251.59,252.7,251.46,251.9,8450646
2025-10-17 21:00:00+00:00,251.87,251.99,251.69,251.84,30540
2025-10-17 22:00:00+00:00,251.94,251.99,251.55,251.55,247620
2025-10-17 23:00:00+00:00,251.49,251.78,251.12,251.69,21945
2025-10-20 08:00:00+00:00,252.85,252.95,252.4,252.6,46229
2025-10-20 09:00:00+00:00,252.44,252.8,252.29,252.8,16445
2025-10-20 10:00:00+00:00,252.73,255.34,252.29,253.98,130644
2025-10-20 11:00:00+00:00,253.88,255.53,253.58,255.38,203565
2025-10-20 12:00:00+00:00,253.88,256.24,250.95,256.07,751031
2025-10-20 13:00:00+00:00,256.07,259.14,254.7,258.25,12582003
2025-10-20 14:00:00+00:00,258.27,260.89,257.34,260.83,14591244
2025-10-20 15:00:00+00:00,260.84,263.63,260.78,262.57,18799292
2025-10-20 16:00:00+00:00,262.58,263.48,261.91,262.88,11006826
2025-10-20 17:00:00+00:00,262.87,263.47,262.08,262.18,6227149
2025-10-20 18:00:00+00:00,262.18,263.09,262.05,262.54,4800537
2025-10-20 19:00:00+00:00,262.56,263.12,261.19,261.49,11104993
2025-10-20 20:00:00+00:00,261.5,262.11,261.37,261.71,9799602
2025-10-20 21:00:00+00:00,261.69,261.94,261.5,261.91,281733
2025-10-20 22:00:00+00:00,261.9,262.19,261.5,262.02,69784
2025-10-20 23:00:00+00:00,262.02,262.18,261.81,261.86,52188
2025-10-21 08:00:00+00:00,261.52,261.52,260.17,260.67,49711
2025-10-21 09:00:00+00:00,260.86,261.15,260.69,261.04,31946
2025-10-21 10:00:00+00:00,261.13,261.31,259.95,260.57,85337
2025-10-21 11:00:00+00:00,260.61,261.29,260.61,261.07,119776
2025-10-21 12:00:00+00:00,260.37,261.83,260.01,260.71,411929
2025-10-21 13:00:00+00:00,260.7,264.54,260.56,263.06,12099534
2025-10-21 14:00:00+00:00,263.05,263.89,261.79,262.31,6851590
2025-10-21 15:00:00+00:00,262.34,263.79,261.76,263.37,5480998
2025-10-21 16:00:00+00:00,263.36,263.64,262.11,262.33,3465206
2025-10-21 17:00:00+00:00,262.32,263.16,262.09,263.03,2760647
2025-10-21 18:00:00+00:00,263.03,263.31,261.41,262.68,3687473
2025-10-21 19:00:00+00:00,262.69,262.83,261.73,262.1,5487317
2025-10-21 20:00:00+00:00,262.03,262.41,261.83,262.24,6054389
2025-10-21 21:00:00+00:00,262.11,262.26,261.91,261.92,38373
2025-10-21 22:00:00+00:00,261.99,261.99,261.76,261.92,14675
2025-10-21 23:00:00+00:00,261.89,261.92,261.66,261.66,25310
2025-10-22 08:00:00+00:00,261.94,261.94,261.38,261.43,11932
2025-10-22 09:00:00+00:00,261.36,261.41,259.07,260.45,87343
2025-10-22 10:00:00+00:00,260.45,260.75,259.86,260.56,46772
2025-10-22 11:00:00+00:00,260.51,261.02,259.96,260.16,78024
2025-10-22 12:00:00+00:00,261.71,262.66,259.22,260.59,215307
2025-10-22 13:00:00+00:00,260.54,262.11,259.2,259.67,5499646
2025-10-22 14:00:00+00:00,259.68,260.63,258.99,260.0,5577304
2025-10-22 15:00:00+00:00,260.01,260.02,256.91,258.57,5831720
2025-10-22 16:00:00+00:00,258.57,258.68,255.65,256.94,4449665
2025-10-22 17:00:00+00:00,256.95,257.09,254.71,255.61,4404042
2025-10-22 18:00:00+00:00,255.59,256.35,255.42,256.25,2967053
2025-10-22 19:00:00+00:00,256.24,258.08,255.78,257.7,6019029
2025-10-22 20:00:00+00:00,257.67,258.23,257.27,257.91,7709456
2025-10-22 21:00:00+00:00,257.82,257.91,257.72,257.89,2012564
2025-10-22 22:00:00+00:00,257.87,258.82,257.87,258.34,48898
2025-10-22 23:00:00+00:00,258.58,258.83,258.09,258.16,26458
2025-10-23 08:00:00+00:00,258.88,258.94,258.34,258.38,17034
2025-10-23 09:00:00+00:00,258.38,258.39,258.07,258.25,6318
2025-10-23 10:00:00+00:00,258.53,258.92,258.37,258.56,13722
2025-10-23 11:00:00+00:00,258.5,258.5,256.91,257.13,39179
2025-10-23 12:00:00+00:00,258.15,259.06,256.83,258.07,136450
2025-10-23 13:00:00+00:00,258.06,259.45,257.28,257.62,3870275
2025-10-23 14:00:00+00:00,257.63,258.93,257.39,258.89,3679937
2025-10-23 15:00:00+00:00,258.88,259.81,258.22,259.52,3398139
2025-10-23 16:00:00+00:00,259.49,259.88,259.19,259.52,2149578
2025-10-23 17:00:00+00:00,259.54,259.81,258.79,259.46,3849076
2025-10-23 18:00:00+00:00,259.49,259.69,258.92,259.12,2014541
2025-10-23 19:00:00+00:00,259.13,259.32,258.35,258.85,4349281
2025-10-23 20:00:00+00:00,258.85,259.44,258.31,258.57,8975616
2025-10-23 21:00:00+00:00,258.57,258.97,258.43,258.77,23762
2025-10-23 22:00:00+00:00,258.97,259.16,258.69,258.92,78271
2025-10-23 23:00:00+00:00,259.07,259.07,258.42,258.8,26580
2025-10-24 08:00:00+00:00,258.94,259.06,258.57,258.85,15654
2025-10-24 09:00:00+00:00,258.56,258.93,258.52,258.71,11326
2025-10-24 10:00:00+00:00,258.81,259.69,258.81,259.61,17429
2025-10-24 11:00:00+00:00,259.57,259.83,259.39,259.77,20609
2025-10-24 12:00:00+00:00,259.51,261.26,258.7,260.17,223065
2025-10-24 13:00:00+00:00,260.24,260.94,258.45,259.43,4415187
2025-10-24 14:00:00+00:00,259.47,261.61,259.15,261.09,5267153
2025-10-24 15:00:00+00:00,261.11,263.04,261.02,262.59,5306608
2025-10-24 16:00:00+00:00,262.6,263.29,262.11,262.37,3356579
2025-10-24 17:00:00+00:00,262.36,263.34,262.35,263.16,2960929
2025-10-24 18:00:00+00:00,263.15,263.38,262.68,262.78,2936741
2025-10-24 19:00:00+00:00,262.77,262.92,261.34,262.03,6392416
2025-10-24 20:00:00+00:00,262.09,262.26,261.87,262.02,7061140
2025-10-24 21:00:00+00:00,262.02,262.46,261.5,262.36,68374
2025-10-24 22:00:00+00:00,262.36,262.43,262.2,262.2,16419
2025-10-24 23:00:00+00:00,262.23,262.42,262.14,262.27,8422
2025-10-27 08:00:00+00:00,263.52,264.91,263.51,263.69,57423
2025-10-27 09:00:00+00:00,263.8,264.59,263.57,264.0,29910
2025-10-27 10:00:00+00:00,263.9,264.39,263.85,264.08,32305
2025-10-27 11:00:00+00:00,263.96,264.51,263.75,264.15,94692
2025-10-27 12:00:00+00:00,264.25,265.13,263.6,264.44,293278
2025-10-27 13:00:00+00:00,264.37,265.91,263.33,265.5,5896562
2025-10-27 14:00:00+00:00,265.49,266.3,264.45,264.65,5150706
2025-10-27 15:00:00+00:00,264.65,265.36,264.3,264.66,3532236
2025-10-27 16:00:00+00:00,264.67,265.37,264.49,264.84,3105573
2025-10-27 17:00:00+00:00,264.84,265.27,264.75,265.11,3238421
2025-10-27 18:00:00+00:00,265.11,265.58,264.72,265.48,2517502
2025-10-27 19:00:00+00:00,265.48,268.36,265.28,267.98,9672105
2025-10-27 20:00:00+00:00,267.99,268.22,266.01,267.96,10962341
2025-10-27 21:00:00+00:00,267.94,268.06,267.8,268.03,61725
2025-10-27 22:00:00+00:00,267.99,268.39,267.93,268.3,110983
2025-10-27 23:00:00+00:00,268.25,268.54,268.09,268.31,86236
2025-10-28 08:00:00+00:00,267.75,268.0,267.6,267.6,16820
2025-10-28 09:00:00+00:00,267.75,267.92,267.57,267.65,17147
2025-10-28 10:00:00+00:00,267.5,267.66,267.37,267.54,20097
2025-10-28 11:00:00+00:00,267.52,267.97,267.48,267.81,52878
2025-10-28 12:00:00+00:00,267.93,268.09,267.29,267.66,774342
2025-10-28 13:00:00+00:00,267.67,269.11,267.06,268.23,7400904
2025-10-28 14:00:00+00:00,268.22,268.38,267.39,268.06,5567751
2025-10-28 15:00:00+00:00,268.11,268.32,267.55,268.15,3156160
2025-10-28 16:00:00+00:00,268.15,269.13,267.9,268.83,3064582
2025-10-28 17:00:00+00:00,268.84,268.98,268.04,268.16,3128258
2025-10-28 18:00:00+00:00,268.14,268.54,268.02,268.36,3273978
2025-10-28 19:00:00+00:00,268.36,268.68,267.84,268.27,7798612
2025-10-28 20:00:00+00:00,268.28,268.63,267.84,267.86,5696110
2025-10-28 21:00:00+00:00,268.01,268.24,267.85,267.93,69488
2025-10-28 22:00:00+00:00,267.85,267.93,267.6,267.64,36054
2025-10-28 23:00:00+00:00,267.64,268.24,267.59,267.59,44963
2025-10-29 08:00:00+00:00,268.64,268.94,267.62,267.89,55389
2025-10-29 09:00:00+00:00,267.79,269.24,267.36,269.08,165962
2025-10-29 10:00:00+00:00,269.08,269.58,268.75,268.82,68483
2025-10-29 11:00:00+00:00,268.88,269.12,268.51,268.88,92876
2025-10-29 12:00:00+00:00,268.79,269.58,267.36,268.44,250260
2025-10-29 13:00:00+00:00,268.53,270.53,267.85,270.15,6201604
2025-10-29 14:00:00+00:00,270.18,270.64,267.86,268.09,5817539
2025-10-29 15:00:00+00:00,268.08,268.45,266.36,267.01,5842898
2025-10-29 16:00:00+00:00,267.02,268.35,266.94,268.11,2998633
2025-10-29 17:00:00+00:00,268.12,269.9,268.11,269.68,4474606
2025-10-29 18:00:00+00:00,269.71,270.17,267.84,268.75,5587819
2025-10-29 19:00:00+00:00,268.77,269.62,267.04,268.95,6205162
2025-10-29 20:00:00+00:00,269.07,269.44,268.24,269.31,10446229
2025-10-29 21:00:00+00:00,269.21,269.49,269.14,269.3,1937795
2025-10-29 22:00:00+00:00,269.48,269.74,269.24,269.47,61936
2025-10-29 23:00:00+00:00,269.5,270.15,269.39,270.15,68106
2025-10-30 08:00:00+00:00,270.29,271.62,269.24,270.86,62358
2025-10-30 09:00:00+00:00,270.92,271.04,270.43,270.68,18546
2025-10-30 10:00:00+00:00,270.62,271.12,270.4,271.09,41210
2025-10-30 11:00:00+00:00,270.98,271.67,270.53,271.38,101994
2025-10-30 12:00:00+00:00,270.75,272.23,269.54,270.27,518286
2025-10-30 13:00:00+00:00,270.42,273.37,269.85,270.3,7624907
2025-10-30 14:00:00+00:00,270.34,270.61,267.72,268.14,6021461
2025-10-30 15:00:00+00:00,268.14,270.98,268.13,270.41,6399056
2025-10-30 16:00:00+00:00,270.4,271.62,270.4,270.53,4958189
2025-10-30 17:00:00+00:00,270.54,271.3,270.28,271.23,3665113
2025-10-30 18:00:00+00:00,271.23,271.53,270.41,270.6,5742234
2025-10-30 19:00:00+00:00,270.58,271.09,270.23,270.61,11077742
2025-10-30 20:00:00+00:00,270.66,283.68,261.05,281.41,20025930
2025-10-30 21:00:00+00:00,281.94,284.2,277.46,278.0,2452642
2025-10-30 22:00:00+00:00,278.04,280.21,276.82,276.87,745478
2025-10-30 23:00:00+00:00,276.82,277.69,270.63,276.97,405378
2025-10-31 08:00:00+00:00,277.34,277.96,274.22,275.45,186253
2025-10-31 09:00:00+00:00,275.67,276.22,274.78,275.39,84917
2025-10-31 10:00:00+00:00,275.66,276.24,275.04,275.97,62041
2025-10-31 11:00:00+00:00,275.97,277.22,275.53,276.33,289497
2025-10-31 12:00:00+00:00,277.42,278.71,274.82,276.12,2193018
2025-10-31 13:00:00+00:00,276.13,276.91,268.4,269.67,16032536
2025-10-31 14:00:00+00:00,269.67,270.79,268.4,269.83,11441299
2025-10-31 15:00:00+00:00,269.84,270.78,269.46,270.68,7092540
2025-10-31 16:00:00+00:00,270.67,272.4,269.97,270.85,6598006
2025-10-31 17:00:00+00:00,270.87,271.02,269.35,270.6,4109808
2025-10-31 18:00:00+00:00,270.59,271.35,270.46,270.9,3718801
2025-10-31 19:00:00+00:00,270.93,271.88,269.2,269.49,12276921
2025-10-31 20:00:00+00:00,269.49,270.55,269.48,269.64,20623266
2025-10-31 21:00:00+00:00,269.64,269.69,269.24,269.49,1357874
2025-10-31 22:00:00+00:00,269.5,269.5,269.25,269.25,32976
2025-10-31 23:00:00+00:00,269.34,269.38,269.14,269.28,34818
2025-11-03 09:00:00+00:00,269.24,270.44,269.24,270.02,34829
2025-11-03 10:00:00+00:00,270.05,270.62,269.74,270.1,25155
2025-11-03 11:00:00+00:00,270.09,270.66,269.74,269.99,35000
2025-11-03 12:00:00+00:00,269.98,270.24,269.29,269.49,42154
2025-11-03 13:00:00+00:00,269.74,270.52,268.76,269.26,1943089
2025-11-03 14:00:00+00:00,269.24,270.09,265.6,266.52,7209869
2025-11-03 15:00:00+00:00,266.62,267.94,265.5,266.8,5955839
2025-11-03 16:00:00+00:00,266.8,267.24,265.75,267.08,4521534
2025-11-03 17:00:00+00:00,267.09,267.39,266.53,266.67,2888231
2025-11-03 18:00:00+00:00,266.7,267.86,266.5,267.37,2817755
2025-11-03 19:00:00+00:00,267.38,267.55,266.16,266.44,2996798
2025-11-03 20:00:00+00:00,266.45,268.36,266.2,268.3,6560927
2025-11-03 21:00:00+00:00,268.29,268.46,267.55,267.9,13181777
2025-11-03 22:00:00+00:00,267.73,268.24,267.6,267.99,28688
2025-11-03 23:00:00+00:00,267.85,268.29,267.39,267.39,23899
2025-11-04 00:00:00+00:00,267.44,267.59,266.63,267.44,36034
2025-11-04 09:00:00+00:00,265.49,266.6,265.36,265.72,60803
2025-11-04 10:00:00+00:00,265.74,266.75,265.35,266.56,44672
2025-11-04 11:00:00+00:00,266.43,266.65,266.33,266.33,10989
2025-11-04 12:00:00+00:00,266.41,266.65,265.79,266.5,55270
2025-11-04 13:00:00+00:00,266.06,266.75,264.84,266.09,3961577
2025-11-04 14:00:00+00:00,266.04,268.83,265.56,267.54,6177188
2025-11-04 15:00:00+00:00,267.53,268.29,266.95,267.52,3435014
2025-11-04 16:00:00+00:00,267.52,270.72,267.51,269.8,6598237
2025-11-04 17:00:00+00:00,269.81,270.17,268.22,270.02,3637797
2025-11-04 18:00:00+00:00,269.98,270.1,269.29,269.73,3346377
2025-11-04 19:00:00+00:00,269.72,270.04,269.11,269.64,3363271
2025-11-04 20:00:00+00:00,269.66,269.73,268.52,269.49,8416734
2025-11-04 21:00:00+00:00,269.45,270.02,268.29,269.84,9969914
2025-11-04 22:00:00+00:00,269.79,269.86,269.31,269.69,40336
2025-11-04 23:00:00+00:00,269.74,270.09,269.39,270.01,50355
2025-11-05 00:00:00+00:00,269.95,269.96,268.74,269.22,72148
2025-11-05 09:00:00+00:00,267.46,270.14,267.46,269.15,51867
2025-11-05 10:00:00+00:00,268.92,268.92,267.94,267.94,16009
2025-11-05 11:00:00+00:00,268.09,269.05,268.09,269.05,21535
2025-11-05 12:00:00+00:00,269.09,269.53,268.96,269.11,19850
2025-11-05 13:00:00+00:00,269.09,270.02,268.12,269.39,2976443
2025-11-05 14:00:00+00:00,269.43,269.43,266.18,268.48,4703342
2025-11-05 15:00:00+00:00,268.44,268.98,267.8,268.61,3603266
2025-11-05 16:00:00+00:00,268.64,269.71,268.17,269.23,2687222
2025-11-05 17:00:00+00:00,269.25,270.03,268.74,269.78,2723917
2025-11-05 18:00:00+00:00,269.78,269.91,269.06,269.3,1846990
2025-11-05 19:00:00+00:00,269.29,270.93,268.88,268.91,4756140
2025-11-05 20:00:00+00:00,268.89,269.68,268.24,269.34,6507982
2025-11-05 21:00:00+00:00,269.31,269.91,268.27,269.54,12518482
2025-11-05 22:00:00+00:00,269.58,269.77,269.44,269.62,22491
2025-11-05 23:00:00+00:00,269.47,269.49,269.13,269.35,22487
2025-11-06 00:00:00+00:00,269.35,269.51,268.11,269.09,36533
2025-11-06 09:00:00+00:00,268.29,269.03,268.28,268.68,14593
2025-11-06 10:00:00+00:00,268.58,269.0,268.47,268.51,13386
2025-11-06 11:00:00+00:00,268.48,268.94,268.44,268.57,10740
2025-11-06 12:00:00+00:00,268.49,268.76,268.35,268.68,14614
2025-11-06 13:00:00+00:00,268.5,269.69,267.74,268.94,134492
2025-11-06 14:00:00+00:00,268.94,269.25,267.13,269.18,4676558
2025-11-06 15:00:00+00:00,269.18,272.63,268.33,271.51,9569111
2025-11-06 16:00:00+00:00,271.52,271.89,269.78,269.82,5303368
2025-11-06 17:00:00+00:00,269.84,271.8,269.63,271.51,3859970
2025-11-06 18:00:00+00:00,271.51,271.69,270.16,270.63,3103064
2025-11-06 19:00:00+00:00,270.64,271.43,269.97,270.47,2969652
2025-11-06 20:00:00+00:00,270.48,270.9,268.8,268.9,6727706
2025-11-06 21:00:00+00:00,269.04,269.61,268.87,269.45,12765951
2025-11-06 22:00:00+00:00,269.44,269.58,269.08,269.11,1897495
2025-11-06 23:00:00+00:00,269.2,269.51,268.87,269.39,23522
2025-11-07 00:00:00+00:00,269.25,269.74,269.04,269.39,25569
2025-11-07 09:00:00+00:00,268.82,268.94,268.48,268.66,16955
2025-11-07 10:00:00+00:00,268.52,268.84,268.42,268.65,7601
2025-11-07 11:00:00+00:00,268.67,269.01,267.91,269.01,24685
2025-11-07 12:00:00+00:00,268.74,269.15,267.98,268.28,31276
2025-11-07 13:00:00+00:00,268.99,269.35,267.91,268.92,158462
2025-11-07 14:00:00+00:00,268.9,269.74,266.52,269.24,6168788
2025-11-07 15:00:00+00:00,269.17,271.52,269.05,269.92,7365616
2025-11-07 16:00:00+00:00,269.89,270.44,267.8,268.14,5319154
2025-11-07 17:00:00+00:00,268.12,268.71,267.51,268.03,4367452
2025-11-07 18:00:00+00:00,268.04,268.29,266.88,267.35,2927024
2025-11-07 19:00:00+00:00,267.37,267.74,266.34,266.87,4621791
2025-11-07 20:00:00+00:00,266.85,267.83,266.02,267.78,7283767
2025-11-07 21:00:00+00:00,267.7,267.94,267.54,267.71,9835776
2025-11-07 22:00:00+00:00,267.77,267.85,267.71,267.79,28428
2025-11-07 23:00:00+00:00,267.78,267.94,267.76,267.92,15038
2025-11-08 00:00:00+00:00,267.93,267.93,267.87,267.93,8573
2025-11-10 09:00:00+00:00,269.33,269.8,269.01,269.12,37136
2025-11-10 10:00:00+00:00,269.04,269.23,268.98,269.03,19700
2025-11-10 11:00:00+00:00,268.95,269.31,268.9,269.24,14384
2025-11-10 12:00:00+00:00,269.15,269.48,269.15,269.27,33544
2025-11-10 13:00:00+00:00,269.48,269.78,268.85,269.59,187144
2025-11-10 14:00:00+00:00,269.52,273.22,268.37,272.77,6603046
2025-11-10 15:00:00+00:00,272.75,272.78,270.08,270.26,4641526
2025-11-10 16:00:00+00:00,270.23,270.29,267.99,268.81,3760916
2025-11-10 17:00:00+00:00,268.83,269.27,268.49,269.05,2562089
2025-11-10 18:00:00+00:00,269.06,269.73,269.01,269.5,2588736
2025-11-10 19:00:00+00:00,269.49,269.81,266.96,269.02,4686029
2025-11-10 20:00:00+00:00,269.03,269.13,268.26,268.86,6014579
2025-11-10 21:00:00+00:00,268.89,269.05,268.51,268.8,10064458
2025-11-10 22:00:00+00:00,268.78,268.8,268.7,268.76,9759
2025-11-10 23:00:00+00:00,268.73,268.92,268.7,268.81,10778
2025-11-11 00:00:00+00:00,268.8,268.96,268.71,268.74,16653
2025-11-11 09:00:00+00:00,268.57,268.81,268.07,268.4,22428
2025-11-11 10:00:00+00:00,268.55,268.8,268.29,268.7,8449
2025-11-11 11:00:00+00:00,268.7,269.37,268.7,269.07,14910
2025-11-11 12:00:00+00:00,269.11,269.39,269.11,269.29,21477
2025-11-11 13:00:00+00:00,269.1,270.0,267.86,269.3,130835
2025-11-11 14:00:00+00:00,269.5,273.86,268.87,273.33,7442894
2025-11-11 15:00:00+00:00,273.33,274.23,272.01,272.46,7289573
2025-11-11 16:00:00+00:00,272.47,273.07,271.28,271.45,3496870
2025-11-11 17:00:00+00:00,271.43,273.39,271.37,273.32,3611453
2025-11-11 18:00:00+00:00,273.32,274.47,273.19,273.95,4010069
2025-11-11 19:00:00+00:00,273.94,275.15,273.67,275.04,4328146
2025-11-11 20:00:00+00:00,275.03,275.4,274.26,274.8,7978797
2025-11-11 21:00:00+00:00,274.84,275.24,274.74,274.79,7698283
2025-11-11 22:00:00+00:00,274.79,274.83,274.65,274.73,25064
2025-11-11 23:00:00+00:00,274.54,274.73,274.24,274.49,52407
2025-11-12 00:00:00+00:00,274.52,274.79,274.25,274.74,15955
2025-11-12 09:00:00+00:00,275.61,276.42,275.61,276.13,23263
2025-11-12 10:00:00+00:00,276.08,276.19,275.69,275.74,20687
2025-11-12 11:00:00+00:00,275.78,275.79,274.95,274.95,14894
2025-11-12 12:00:00+00:00,274.99,275.49,274.99,275.26,48814
2025-11-12 13:00:00+00:00,276.08,276.61,274.44,274.59,182462
2025-11-12 14:00:00+00:00,274.54,274.9,271.2,271.66,6188924
2025-11-12 15:00:00+00:00,271.66,273.89,271.5,273.62,5965820
2025-11-12 16:00:00+00:00,273.6,274.35,273.3,273.66,3603549
2025-11-12 17:00:00+00:00,273.69,274.29,273.22,274.05,1977713
2025-11-12 18:00:00+00:00,274.07,274.95,273.99,274.9,3482286
2025-11-12 19:00:00+00:00,274.93,275.22,273.63,273.83,2782080
2025-11-12 20:00:00+00:00,273.83,273.9,272.46,273.02,6799801
2025-11-12 21:00:00+00:00,273.02,273.18,272.66,272.96,13093310
2025-11-12 22:00:00+00:00,272.98,273.15,272.95,273.07,8980
2025-11-12 23:00:00+00:00,273.08,273.08,271.51,272.18,76580
2025-11-13 00:00:00+00:00,272.34,272.96,272.2,272.76,15974
2025-11-13 09:00:00+00:00,273.51,274.45,272.76,272.79,20811
2025-11-13 10:00:00+00:00,272.79,273.15,272.65,272.67,9207
2025-11-13 11:00:00+00:00,272.68,274.48,272.68,273.28,36672
2025-11-13 12:00:00+00:00,273.08,273.59,272.99,273.0,18375
2025-11-13 13:00:00+00:00,273.49,274.31,272.25,272.27,3201427
2025-11-13 14:00:00+00:00,272.31,276.19,271.94,274.64,6132944
2025-11-13 15:00:00+00:00,274.62,274.65,271.68,272.42,5359157
2025-11-13 16:00:00+00:00,272.44,273.98,271.87,273.24,4162931
2025-11-13 17:00:00+00:00,273.22,273.53,271.95,272.1,2599873
2025-11-13 18:00:00+00:00,272.09,273.34,271.59,272.93,4080114
2025-11-13 19:00:00+00:00,272.95,273.29,272.04,272.47,3208123
2025-11-13 20:00:00+00:00,272.47,273.14,271.93,272.54,6952602
2025-11-13 21:00:00+00:00,272.54,273.19,272.44,272.61,12627647
2025-11-13 22:00:00+00:00,272.62,272.79,272.44,272.49,80268
2025-11-13 23:00:00+00:00,272.71,273.17,272.49,272.6,20139
2025-11-14 00:00:00+00:00,272.58,272.99,272.49,272.94,22412
2025-11-14 09:00:00+00:00,272.74,273.01,272.01,272.08,34088
2025-11-14 10:00:00+00:00,272.05,272.64,271.72,271.85,23749
2025-11-14 11:00:00+00:00,271.81,271.81,271.14,271.8,63351
2025-11-14 12:00:00+00:00,271.77,272.49,270.21,270.96,179561
2025-11-14 13:00:00+00:00,272.81,273.86,270.07,270.85,387873
2025-11-14 14:00:00+00:00,270.77,272.58,269.1,272.49,10007729
2025-11-14 15:00:00+00:00,272.49,274.02,271.66,273.74,6027519
2025-11-14 16:00:00+00:00,273.75,274.44,273.02,274.32,5769618
2025-11-14 17:00:00+00:00,274.29,275.45,274.05,274.62,4194906
2025-11-14 18:00:00+00:00,274.61,274.61,273.33,273.67,2693146
2025-11-14 19:00:00+00:00,273.66,273.91,273.29,273.51,2095565
2025-11-14 20:00:00+00:00,273.51,273.73,271.67,272.09,6142415
2025-11-14 21:00:00+00:00,271.9,272.14,271.5,271.96,9713798
2025-11-14 22:00:00+00:00,272.08,272.08,271.94,271.94,22487
2025-11-14 23:00:00+00:00,271.96,272.08,271.94,272.07,13769
2025-11-15 00:00:00+00:00,272.06,272.32,272.03,272.32,20313
2025-11-17 09:00:00+00:00,272.38,272.38,271.1,271.15,49407
2025-11-17 10:00:00+00:00,271.05,271.2,270.53,270.73,20539
2025-11-17 11:00:00+00:00,270.7,271.23,269.7,270.0,41803
2025-11-17 12:00:00+00:00,270.0,270.0,268.8,269.45,73887
2025-11-17 13:00:00+00:00,269.6,272.49,268.38,269.19,1830317
2025-11-17 14:00:00+00:00,269.2,269.99,266.5,269.54,6844594
2025-11-17 15:00:00+00:00,269.51,269.82,267.26,267.5,4611518
2025-11-17 16:00:00+00:00,267.5,269.05,266.16,269.02,4036019
2025-11-17 17:00:00+00:00,269.01,269.02,267.37,267.39,2440099
2025-11-17 18:00:00+00:00,267.43,267.85,266.67,266.78,2421128
2025-11-17 19:00:00+00:00,266.77,267.01,265.35,265.37,3119036
2025-11-17 20:00:00+00:00,265.35,267.09,265.24,266.96,7344515
2025-11-17 21:00:00+00:00,267.0,267.83,266.95,266.99,10189603
2025-11-17 22:00:00+00:00,267.48,267.48,266.7,266.71,17464
2025-11-17 23:00:00+00:00,266.96,267.5,266.76,267.17,27025
2025-11-18 00:00:00+00:00,267.18,267.4,266.56,267.19,47119
2025-11-18 09:00:00+00:00,266.21,268.3,266.21,268.09,40625
2025-11-18 10:00:00+00:00,268.08,269.2,267.7,268.8,45167
2025-11-18 11:00:00+00:00,268.93,269.08,268.3,268.47,17221
2025-11-18 12:00:00+00:00,268.5,268.6,267.45,267.58,49067
2025-11-18 13:00:00+00:00,268.42,268.99,265.61,267.88,297023
2025-11-18 14:00:00+00:00,268.05,270.21,265.96,266.24,6230595
2025-11-18 15:00:00+00:00,266.23,267.63,264.83,266.06,6456607
2025-11-18 16:00:00+00:00,266.06,267.84,265.53,267.2,4597838
2025-11-18 17:00:00+00:00,267.2,268.29,265.94,268.06,3624880
2025-11-18 18:00:00+00:00,268.08,268.72,267.52,267.77,2782747
2025-11-18 19:00:00+00:00,267.77,268.3,267.18,268.3,2821161
2025-11-18 20:00:00+00:00,268.29,268.43,266.83,266.93,5706924
2025-11-18 21:00:00+00:00,266.91,267.45,266.2,266.5,10963012
2025-11-18 22:00:00+00:00,266.31,266.58,266.28,266.41,11087
2025-11-18 23:00:00+00:00,266.45,267.55,266.45,267.05,71722
2025-11-19 00:00:00+00:00,267.28,267.28,266.06,266.79,26659
2025-11-19 09:00:00+00:00,266.69,266.79,265.94,266.79,10441
2025-11-19 10:00:00+00:00,266.8,267.05,266.77,266.96,7123
2025-11-19 11:00:00+00:00,266.98,267.39,266.81,267.01,12136
2025-11-19 12:00:00+00:00,267.06,267.1,266.61,266.74,13110
2025-11-19 13:00:00+00:00,266.98,267.5,265.67,266.26,93329
2025-11-19 14:00:00+00:00,266.2,270.41,264.16,270.38,5713174
2025-11-19 15:00:00+00:00,270.42,271.71,269.56,269.77,5062391
2025-11-19 16:00:00+00:00,269.75,270.09,268.82,270.06,3030819
2025-11-19 17:00:00+00:00,270.06,270.5,269.12,270.34,2814437
2025-11-19 18:00:00+00:00,270.34,270.81,269.45,270.3,2571724
2025-11-19 19:00:00+00:00,270.38,270.45,268.67,269.23,2323718
2025-11-19 20:00:00+00:00,269.22,270.23,267.64,268.02,6845799
2025-11-19 21:00:00+00:00,268.12,269.4,267.2,268.0,10761141
2025-11-19 22:00:00+00:00,267.59,267.78,265.78,267.27,1017250
2025-11-19 23:00:00+00:00,267.49,268.68,267.49,268.5,46957
2025-11-20 00:00:00+00:00,268.61,269.5,268.41,269.15,35054
2025-11-20 09:00:00+00:00,269.05,269.3,268.3,268.76,19353
2025-11-20 10:00:00+00:00,268.68,269.3,268.47,269.21,13234
2025-11-20 11:00:00+00:00,269.0,269.48,268.8,268.85,18657
2025-11-20 12:00:00+00:00,268.9,269.5,268.9,269.5,28051
2025-11-20 13:00:00+00:00,269.0,270.4,268.6,269.9,223139
2025-11-20 14:00:00+00:00,269.75,274.92,269.3,274.49,8443586
2025-11-20 15:00:00+00:00,274.45,274.59,272.59,273.03,4437889
2025-11-20 16:00:00+00:00,273.09,273.09,268.48,268.85,4377510
2025-11-20 17:00:00+00:00,268.82,269.5,266.52,266.98,6312275
2025-11-20 18:00:00+00:00,267.01,268.71,266.03,266.44,3848644
2025-11-20 19:00:00+00:00,266.46,267.57,265.87,267.31,2762847
2025-11-20 20:00:00+00:00,267.31,267.38,265.43,265.89,6637150
2025-11-20 21:00:00+00:00,265.76,265.76,264.76,264.76,8360207
2025-11-20 22:00:00+00:00,264.72,265.71,264.51,265.71,164820
2025-11-20 23:00:00+00:00,265.71,266.77,265.01,265.76,123709
2025-11-21 00:00:00+00:00,265.96,266.78,265.96,266.41,17794
2025-11-21 09:00:00+00:00,265.51,266.21,264.59,265.5,43048
2025-11-21 10:00:00+00:00,265.55,265.65,263.51,265.51,82603
2025-11-21 11:00:00+00:00,265.76,266.13,265.41,265.76,26798
2025-11-21 12:00:00+00:00,265.65,266.86,264.51,265.59,121241
2025-11-21 13:00:00+00:00,265.67,267.39,263.51,265.14,315804
2025-11-21 14:00:00+00:00,265.06,269.12,263.61,267.79,9299809
2025-11-21 15:00:00+00:00,267.83,270.97,267.31,270.38,9406829
2025-11-21 16:00:00+00:00,270.36,270.64,269.17,270.34,5316191
2025-11-21 17:00:00+00:00,270.36,271.1,269.89,270.73,3921880
2025-11-21 18:00:00+00:00,270.74,272.56,269.7,271.97,4050348
2025-11-21 19:00:00+00:00,271.95,272.82,271.43,271.67,5163415
2025-11-21 20:00:00+00:00,271.65,271.81,270.03,271.0,8118979
2025-11-21 21:00:00+00:00,271.0,271.0,269.5,270.39,12245880
2025-11-21 22:00:00+00:00,270.48,270.5,270.2,270.5,43927
2025-11-21 23:00:00+00:00,270.54,270.99,270.46,270.66,53316
2025-11-22 00:00:00+00:00,270.7,270.97,270.61,270.85,12796
2025-11-24 09:00:00+00:00,271.99,271.99,269.95,270.38,25745
2025-11-24 10:00:00+00:00,270.31,270.5,270.19,270.49,4384
2025-11-24 11:00:00+00:00,270.05,270.97,270.0,270.95,9037
2025-11-24 12:00:00+00:00,270.81,271.69,270.67,271.59,31829
2025-11-24 13:00:00+00:00,270.25,272.39,270.0,271.42,1172551
2025-11-24 14:00:00+00:00,271.49,275.41,270.25,273.0,6594504
2025-11-24 15:00:00+00:00,272.97,273.76,271.84,273.28,5829449
2025-11-24 16:00:00+00:00,273.29,274.88,273.24,274.5,5320143
2025-11-24 17:00:00+00:00,274.5,274.84,274.2,274.69,4012397
2025-11-24 18:00:00+00:00,274.69,276.0,274.64,275.52,4961638
2025-11-24 19:00:00+00:00,275.51,275.94,274.84,275.57,3731173
2025-11-24 20:00:00+00:00,275.59,276.49,274.6,275.29,9082296
2025-11-24 21:00:00+00:00,275.29,275.88,275.07,275.49,21424999
2025-11-24 22:00:00+00:00,275.58,275.64,275.2,275.35,1058336
2025-11-24 23:00:00+00:00,275.14,275.44,274.93,274.93,121945
2025-11-25 00:00:00+00:00,274.56,275.24,274.49,275.19,22288
2025-11-25 09:00:00+00:00,275.14,275.82,273.79,274.0,44965
2025-11-25 10:00:00+00:00,274.48,275.12,274.28,274.55,16725
2025-11-25 11:00:00+00:00,274.72,274.72,274.1,274.17,22401
2025-11-25 12:00:00+00:00,274.28,274.68,273.26,273.7,71109
2025-11-25 13:00:00+00:00,274.59,275.91,273.26,274.21,596264
2025-11-25 14:00:00+00:00,274.1,279.86,273.49,278.86,9478516
2025-11-25 15:00:00+00:00,278.85,279.11,277.15,278.32,6958256
2025-11-25 16:00:00+00:00,278.32,278.53,276.99,278.14,3980638
2025-11-25 17:00:00+00:00,278.13,278.85,277.8,278.01,3400483
2025-11-25 18:00:00+00:00,278.01,278.29,277.71,277.78,2369969
2025-11-25 19:00:00+00:00,277.77,277.86,277.0,277.0,2315256
2025-11-25 20:00:00+00:00,277.01,277.54,276.35,276.38,4856655
2025-11-25 21:00:00+00:00,276.46,276.6,276.05,276.28,12609019
2025-11-25 22:00:00+00:00,276.29,276.39,276.0,276.04,18379
2025-11-25 23:00:00+00:00,276.13,276.39,275.99,276.29,5909
2025-11-26 00:00:00+00:00,276.42,276.99,276.34,276.99,17743
2025-11-26 09:00:00+00:00,277.24,277.8,276.99,277.75,14076
2025-11-26 10:00:00+00:00,277.66,277.66,277.38,277.5,5433
2025-11-26 11:00:00+00:00,277.49,277.67,277.28,277.59,10903
2025-11-26 12:00:00+00:00,277.52,277.69,277.32,277.58,17294
2025-11-26 13:00:00+00:00,277.28,277.94,276.97,277.09,500213
2025-11-26 14:00:00+00:00,277.1,278.53,276.17,276.59,4036728
2025-11-26 15:00:00+00:00,276.5,277.72,276.12,277.56,3406431
2025-11-26 16:00:00+00:00,277.59,279.01,277.35,278.78,4008937
2025-11-26 17:00:00+00:00,278.8,278.91,278.04,278.36,2983887
2025-11-26 18:00:00+00:00,278.35,278.56,277.46,277.6,2125330
2025-11-26 19:00:00+00:00,277.59,277.94,277.41,277.91,2175770
2025-11-26 20:00:00+00:00,277.92,278.42,276.64,276.96,5245831
2025-11-26 21:00:00+00:00,277.04,277.48,276.91,277.31,8656785
2025-11-26 22:00:00+00:00,277.3,277.34,277.23,277.25,12458
2025-11-26 23:00:00+00:00,277.43,277.46,277.23,277.45,6746
2025-11-27 00:00:00+00:00,277.48,277.48,277.33,277.46,9960
2025-11-28 09:00:00+00:00,277.48,278.2,277.48,278.08,15572
2025-11-28 10:00:00+00:00,278.1,278.29,278.1,278.29,2749
2025-11-28 11:00:00+00:00,278.12,278.31,278.08,278.23,21185
2025-11-28 12:00:00+00:00,278.23,278.23,277.82,277.99,22276
2025-11-28 13:00:00+00:00,277.73,278.24,277.28,277.94,307968
2025-11-28 14:00:00+00:00,277.94,278.08,275.51,275.76,3378644
2025-11-28 15:00:00+00:00,275.79,276.42,275.62,275.95,2672330
2025-11-28 16:00:00+00:00,275.95,276.41,275.47,276.14,2401568
2025-11-28 17:00:00+00:00,276.15,278.48,275.92,278.34,5163647
2025-11-28 18:00:00+00:00,278.34,278.48,276.97,277.88,5103205
2025-11-28 19:00:00+00:00,277.74,278.04,277.59,277.69,30275
2025-11-28 20:00:00+00:00,277.81,278.16,277.4,277.93,26285
2025-11-28 21:00:00+00:00,278.31,278.48,277.32,277.82,11681
2025-12-01 09:00:00+00:00,275.45,277.33,275.45,276.54,21785
2025-12-01 10:00:00+00:00,276.74,277.08,276.74,276.91,16218
2025-12-01 11:00:00+00:00,276.74,277.08,276.73,276.99,10284
2025-12-01 12:00:00+00:00,276.95,277.02,276.5,276.99,29955
2025-12-01 13:00:00+00:00,276.81,278.33,275.49,276.89,177826
2025-12-01 14:00:00+00:00,276.79,278.26,275.63,277.06,4467924
2025-12-01 15:00:00+00:00,277.1,277.79,276.37,277.54,3460483
2025-12-01 16:00:00+00:00,277.54,278.77,277.16,278.31,2826520
2025-12-01 17:00:00+00:00,278.28,279.42,278.23,278.99,2557016
2025-12-01 18:00:00+00:00,278.97,280.52,278.96,280.4,4293419
2025-12-01 19:00:00+00:00,280.4,281.2,280.14,280.97,4583210
2025-12-01 20:00:00+00:00,280.98,282.89,280.94,282.79,10144899
2025-12-01 21:00:00+00:00,282.8,282.87,282.39,282.67,12921169
2025-12-01 22:00:00+00:00,282.75,282.95,282.57,282.72,953182
2025-12-01 23:00:00+00:00,282.75,282.84,282.33,282.55,59132
2025-12-02 00:00:00+00:00,282.49,282.72,282.48,282.57,35202
2025-12-02 09:00:00+00:00,282.77,282.77,281.76,281.8,26914
2025-12-02 10:00:00+00:00,281.93,282.01,281.78,281.88,13486
2025-12-02 11:00:00+00:00,281.87,282.68,281.64,282.4,46474
2025-12-02 12:00:00+00:00,282.34,282.74,281.73,282.57,118205
2025-12-02 13:00:00+00:00,281.8,282.74,281.54,282.18,940793
2025-12-02 14:00:00+00:00,282.08,284.52,281.55,282.86,5942435
2025-12-02 15:00:00+00:00,282.87,286.45,282.73,286.42,8689689
2025-12-02 16:00:00+00:00,286.41,286.87,284.3,284.62,5595440
2025-12-02 17:00:00+00:00,284.62,285.81,284.3,284.63,4109626
2025-12-02 18:00:00+00:00,284.62,284.94,284.41,284.61,3147774
2025-12-02 19:00:00+00:00,284.59,286.12,284.58,285.88,3782791
2025-12-02 20:00:00+00:00,285.87,286.29,285.05,285.7,7211490
2025-12-02 21:00:00+00:00,285.66,285.77,285.41,285.52,11948258
2025-12-02 22:00:00+00:00,285.52,285.72,285.33,285.44,1216594
2025-12-02 23:00:00+00:00,285.55,285.71,285.47,285.66,12167
2025-12-03 00:00:00+00:00,285.69,285.97,285.27,285.8,42431
2025-12-03 09:00:00+00:00,285.79,286.18,285.47,285.95,24703
2025-12-03 10:00:00+00:00,285.92,285.92,285.37,285.52,16613
2025-12-03 11:00:00+00:00,285.39,285.59,285.35,285.53,8050
2025-12-03 12:00:00+00:00,285.61,286.04,285.61,285.76,28676
2025-12-03 13:00:00+00:00,285.96,286.47,285.22,285.57,119513
2025-12-03 14:00:00+00:00,285.47,288.08,285.09,287.32,6682019
2025-12-03 15:00:00+00:00,287.31,287.71,285.5,285.51,5786872
2025-12-03 16:00:00+00:00,285.5,286.29,285.1,285.31,4206905
2025-12-03 17:00:00+00:00,285.3,285.93,284.97,285.34,2351557
2025-12-03 18:00:00+00:00,285.35,285.56,284.8,284.95,2876616
2025-12-03 19:00:00+00:00,284.93,285.1,283.84,284.24,3436806
2025-12-03 20:00:00+00:00,284.23,284.3,282.77,283.62,7000065
2025-12-03 21:00:00+00:00,283.64,283.92,283.48,283.86,7991497
2025-12-03 22:00:00+00:00,283.86,283.89,283.62,283.74,15465
2025-12-03 23:00:00+00:00,283.86,283.89,283.71,283.86,126552
2025-12-04 00:00:00+00:00,283.89,283.91,283.69,283.69,23700
2025-12-04 09:00:00+00:00,283.25,283.93,282.93,283.88,18866
2025-12-04 10:00:00+00:00,283.69,283.69,283.46,283.46,4636
2025-12-04 11:00:00+00:00,283.26,283.31,283.04,283.21,9245
2025-12-04 12:00:00+00:00,283.27,283.66,283.16,283.28,12339
2025-12-04 13:00:00+00:00,283.22,283.87,282.81,283.16,250218
2025-12-04 14:00:00+00:00,283.16,284.2,280.67,280.92,5094022
2025-12-04 15:00:00+00:00,280.91,281.56,279.75,280.25,5136668
2025-12-04 16:00:00+00:00,280.26,280.5,279.29,279.82,3525084
2025-12-04 17:00:00+00:00,279.81,280.22,279.29,279.8,2780794
2025-12-04 18:00:00+00:00,279.78,279.8,278.86,278.86,2815655
2025-12-04 19:00:00+00:00,278.86,279.83,278.07,279.82,3932548
2025-12-04 20:00:00+00:00,279.81,280.21,279.06,280.13,6579219
2025-12-04 21:00:00+00:00,280.18,280.18,279.13,279.78,12478155
2025-12-04 22:00:00+00:00,279.88,280.02,279.73,279.98,1251182
2025-12-04 23:00:00+00:00,279.98,280.12,279.73,279.81,15217
2025-12-05 00:00:00+00:00,279.83,279.93,279.71,279.88,30748
2025-12-05 09:00:00+00:00,280.48,280.76,280.45,280.47,15662
2025-12-05 10:00:00+00:00,280.33,280.33,279.69,279.77,13814
2025-12-05 11:00:00+00:00,279.76,279.78,279.43,279.56,34488
2025-12-05 12:00:00+00:00,279.78,280.45,279.48,280.17,32232
2025-12-05 13:00:00+00:00,279.48,280.83,279.11,279.6,95820
2025-12-05 14:00:00+00:00,279.59,280.53,278.75,279.66,4066468
2025-12-05 15:00:00+00:00,279.64,280.62,279.16,279.56,4634440
2025-12-05 16:00:00+00:00,279.56,279.8,278.23,278.26,5693311
2025-12-05 17:00:00+00:00,278.25,278.93,277.53,278.87,3091314
2025-12-05 18:00:00+00:00,278.86,279.05,278.07,278.18,2129557
2025-12-05 19:00:00+00:00,278.17,278.93,278.13,278.37,2646335
2025-12-05 20:00:00+00:00,278.37,278.51,277.67,278.28,5557872
2025-12-05 21:00:00+00:00,278.2,279.24,278.17,278.99,17553786
2025-12-05 22:00:00+00:00,278.98,279.02,278.26,278.65,28097
2025-12-05 23:00:00+00:00,278.75,278.75,278.49,278.62,10261
2025-12-06 00:00:00+00:00,278.6,278.6,278.3,278.48,8564
2025-12-08 09:00:00+00:00,278.19,278.19,277.66,277.78,20971
2025-12-08 10:00:00+00:00,277.68,278.2,277.68,278.02,19358
2025-12-08 11:00:00+00:00,277.76,277.76,277.38,277.58,21659
2025-12-08 12:00:00+00:00,277.58,277.61,277.38,277.57,25102
2025-12-08 13:00:00+00:00,277.58,278.28,277.28,277.34,1437535
2025-12-08 14:00:00+00:00,277.43,279.15,276.94,277.44,4405413
2025-12-08 15:00:00+00:00,277.44,278.0,276.54,276.82,4832414
2025-12-08 16:00:00+00:00,276.82,277.36,276.19,276.97,3748316
2025-12-08 17:00:00+00:00,276.97,277.3,276.36,276.82,2753246
2025-12-08 18:00:00+00:00,276.81,277.33,275.69,275.86,2571656
2025-12-08 19:00:00+00:00,275.86,276.23,275.64,275.8,2443300
2025-12-08 20:00:00+00:00,275.81,277.47,275.79,277.44,6072108
2025-12-08 21:00:00+00:00,277.45,277.48,276.66,277.03,8105648
2025-12-08 22:00:00+00:00,277.07,277.14,276.39,276.43,1531803
2025-12-08 23:00:00+00:00,276.27,277.37,276.27,276.83,178848
2025-12-09 00:00:00+00:00,276.86,276.88,276.59,276.81,14550
2025-12-09 09:00:00+00:00,276.65,276.94,276.64,276.88,5061
2025-12-09 10:00:00+00:00,276.92,277.42,276.16,277.42,23298
2025-12-09 11:00:00+00:00,277.29,277.88,277.09,277.79,16061
2025-12-09 12:00:00+00:00,277.64,277.94,277.58,277.93,24158
2025-12-09 13:00:00+00:00,277.64,278.38,275.99,277.84,423660
2025-12-09 14:00:00+00:00,277.85,279.51,277.01,278.05,4333661
2025-12-09 15:00:00+00:00,278.03,278.03,276.71,277.31,3954806
2025-12-09 16:00:00+00:00,277.3,277.5,276.52,277.47,3008553
2025-12-09 17:00:00+00:00,277.47,278.08,276.87,277.8,2432531
2025-12-09 18:00:00+00:00,277.82,278.22,277.6,278.14,2110629
2025-12-09 19:00:00+00:00,278.13,278.37,277.24,277.31,1985010
2025-12-09 20:00:00+00:00,277.31,277.84,276.41,276.75,5568344
2025-12-09 21:00:00+00:00,276.75,276.75,275.99,276.67,7856161
2025-12-09 22:00:00+00:00,276.49,276.96,276.37,276.59,38701
2025-12-09 23:00:00+00:00,276.66,276.66,276.39,276.41,11324
2025-12-10 00:00:00+00:00,276.41,276.58,276.11,276.27,19817
2025-12-10 09:00:00+00:00,277.01,277.02,276.75,276.84,4556
2025-12-10 10:00:00+00:00,276.7,276.7,275.59,276.11,16698
2025-12-10 11:00:00+00:00,275.98,276.49,275.8,276.39,16632
2025-12-10 12:00:00+00:00,276.49,276.89,276.36,276.87,23468
2025-12-10 13:00:00+00:00,276.49,277.28,275.82,276.99,228917
2025-12-10 14:00:00+00:00,277.02,278.28,276.07,277.36,3101301
2025-12-10 15:00:00+00:00,277.36,277.46,276.07,276.24,3081746
2025-12-10 16:00:00+00:00,276.21,278.37,275.93,278.23,2495451
2025-12-10 17:00:00+00:00,278.23,278.76,277.72,278.19,1935360
2025-12-10 18:00:00+00:00,278.14,278.46,277.53,277.87,2178991
2025-12-10 19:00:00+00:00,277.84,279.07,277.19,278.86,3405618
2025-12-10 20:00:00+00:00,278.88,279.23,278.07,278.2,5206127
2025-12-10 21:00:00+00:00,278.19,278.38,277.6,278.32,10118181
2025-12-10 22:00:00+00:00,278.35,278.62,278.26,278.38,1093301
2025-12-10 23:00:00+00:00,278.38,278.8,277.78,277.8,23251
2025-12-11 00:00:00+00:00,277.68,277.93,277.25,277.43,23686
2025-12-11 09:00:00+00:00,277.33,277.98,276.97,277.73,25691
2025-12-11 10:00:00+00:00,277.89,278.74,277.63,278.64,24864
2025-12-11 11:00:00+00:00,278.46,279.28,278.46,278.88,19228
2025-12-11 12:00:00+00:00,278.77,279.68,278.59,279.08,58501
2025-12-11 13:00:00+00:00,278.04,279.68,275.94,278.92,225772
2025-12-11 14:00:00+00:00,278.79,279.26,273.3,273.7,5302677
2025-12-11 15:00:00+00:00,273.69,276.04,273.49,275.42,5246007
2025-12-11 16:00:00+00:00,275.43,277.2,275.09,276.22,3092298
2025-12-11 17:00:00+00:00,276.21,277.83,276.15,277.08,2698415
2025-12-11 18:00:00+00:00,277.07,277.7,276.87,277.19,1912546
2025-12-11 19:00:00+00:00,277.19,277.51,277.01,277.12,2490881
2025-12-11 20:00:00+00:00,277.13,277.7,276.94,277.56,4310264
2025-12-11 21:00:00+00:00,277.56,278.45,277.28,278.39,6726276
2025-12-11 22:00:00+00:00,278.23,278.68,277.51,278.52,100585
2025-12-11 23:00:00+00:00,278.53,279.26,278.28,278.49,148763
2025-12-12 00:00:00+00:00,278.49,278.56,278.06,278.06,17833
2025-12-12 09:00:00+00:00,277.98,278.13,277.11,277.48,29607
2025-12-12 10:00:00+00:00,277.45,277.82,277.16,277.6,9958
2025-12-12 11:00:00+00:00,277.64,277.64,277.11,277.17,5343
2025-12-12 12:00:00+00:00,277.18,277.36,276.57,276.57,23124
2025-12-12 13:00:00+00:00,277.32,278.46,276.49,277.19,89328
2025-12-12 14:00:00+00:00,277.19,278.7,276.31,278.41,3226570
2025-12-12 15:00:00+00:00,278.43,278.64,277.02,277.33,4509155
2025-12-12 16:00:00+00:00,277.28,277.86,276.77,277.21,4247424
2025-12-12 17:00:00+00:00,277.19,278.67,277.13,278.25,3209377
2025-12-12 18:00:00+00:00,278.26,278.68,277.8,277.84,3640706
2025-12-12 19:00:00+00:00,277.84,277.93,277.21,277.86,2924314
2025-12-12 20:00:00+00:00,277.85,278.29,276.43,277.85,6196449
2025-12-12 21:00:00+00:00,277.83,277.88,277.37,277.38,10004776
2025-12-12 22:00:00+00:00,277.3,277.45,277.07,277.11,394584
2025-12-12 23:00:00+00:00,277.11,277.58,277.09,277.27,14812
2025-12-13 00:00:00+00:00,277.15,277.4,277.05,277.32,12301
2025-12-15 09:00:00+00:00,277.68,277.98,277.49,277.97,7399
2025-12-15 10:00:00+00:00,277.98,278.55,277.98,278.54,18752
2025-12-15 11:00:00+00:00,278.51,278.51,278.32,278.32,10153
2025-12-15 12:00:00+00:00,278.27,278.27,277.74,278.2,30734
2025-12-15 13:00:00+00:00,277.78,278.48,277.07,278.47,105175
2025-12-15 14:00:00+00:00,278.48,279.76,273.65,274.34,7279062
2025-12-15 15:00:00+00:00,274.31,275.08,273.11,273.86,6384677
2025-12-15 16:00:00+00:00,273.88,275.18,273.52,274.44,3438500
2025-12-15 17:00:00+00:00,274.44,274.67,273.87,274.19,2604528
2025-12-15 18:00:00+00:00,274.18,274.3,272.93,273.4,2969387
2025-12-15 19:00:00+00:00,273.4,273.64,272.33,273.03,3760398
2025-12-15 20:00:00+00:00,273.03,274.21,272.72,273.61,8230391
2025-12-15 21:00:00+00:00,273.61,274.41,273.6,274.19,14895167
2025-12-15 22:00:00+00:00,274.2,274.2,273.85,274.04,30008
2025-12-15 23:00:00+00:00,274.17,274.37,273.6,273.98,120309
2025-12-16 00:00:00+00:00,273.65,273.89,272.7,273.12,27464
2025-12-16 09:00:00+00:00,272.67,272.99,272.24,272.24,20433
2025-12-16 10:00:00+00:00,272.43,273.03,272.43,272.91,4122
2025-12-16 11:00:00+00:00,272.97,273.11,272.74,273.11,4275
2025-12-16 12:00:00+00:00,273.1,273.26,272.59,272.59,22198
2025-12-16 13:00:00+00:00,272.74,273.49,271.8,272.63,111634
2025-12-16 14:00:00+00:00,272.61,273.52,271.29,273.1,4403477
2025-12-16 15:00:00+00:00,273.2,273.43,271.99,272.91,3986729
2025-12-16 16:00:00+00:00,272.91,273.43,272.06,273.4,2794328
2025-12-16 17:00:00+00:00,273.38,273.77,271.6,271.68,2657195
2025-12-16 18:00:00+00:00,271.67,273.4,271.3,273.2,3151328
2025-12-16 19:00:00+00:00,273.19,273.91,272.48,273.61,2658155
2025-12-16 20:00:00+00:00,273.59,274.99,273.51,273.95,5061236
2025-12-16 21:00:00+00:00,273.96,274.82,273.15,273.43,12302846
2025-12-16 22:00:00+00:00,273.06,274.1,273.06,273.39,20293
2025-12-16 23:00:00+00:00,273.34,273.99,272.55,272.89,36661
2025-12-17 00:00:00+00:00,272.57,272.96,272.23,272.69,28021
2025-12-17 09:00:00+00:00,273.73,274.06,273.55,273.95,11194
2025-12-17 10:00:00+00:00,273.9,274.5,273.9,274.47,8535
2025-12-17 11:00:00+00:00,274.47,274.62,274.33,274.38,13481
2025-12-17 12:00:00+00:00,274.37,274.69,274.3,274.55,14818
2025-12-17 13:00:00+00:00,274.3,274.89,272.6,274.58,405407
2025-12-17 14:00:00+00:00,274.56,275.65,274.26,274.8,3760814
2025-12-17 15:00:00+00:00,274.85,275.35,273.8,274.11,4332439
2025-12-17 16:00:00+00:00,274.09,274.56,271.81,272.1,4349612
2025-12-17 17:00:00+00:00,272.11,273.12,271.78,272.87,2830358
2025-12-17 18:00:00+00:00,272.87,273.19,271.93,272.49,2787957
2025-12-17 19:00:00+00:00,272.46,273.61,272.29,273.14,3380054
2025-12-17 20:00:00+00:00,273.15,273.44,271.14,271.36,8799890
2025-12-17 21:00:00+00:00,271.38,272.13,270.51,271.76,17130797
2025-12-17 22:00:00+00:00,271.84,272.49,271.84,272.18,36604
2025-12-17 23:00:00+00:00,272.34,272.34,271.34,271.63,38811
2025-12-18 00:00:00+00:00,271.7,272.04,271.27,272.04,23020
2025-12-18 09:00:00+00:00,270.85,271.49,270.85,271.31,22428
2025-12-18 10:00:00+00:00,271.35,271.35,270.95,270.99,10675
2025-12-18 11:00:00+00:00,271.0,271.27,270.89,271.19,4411
2025-12-18 12:00:00+00:00,271.29,271.39,270.82,270.82,18344
2025-12-18 13:00:00+00:00,271.19,272.27,270.82,271.8,145761
2025-12-18 14:00:00+00:00,271.87,273.24,266.45,268.32,9363736
2025-12-18 15:00:00+00:00,268.32,271.72,267.88,271.52,6899028
2025-12-18 16:00:00+00:00,271.5,272.66,271.43,272.35,5187707
2025-12-18 17:00:00+00:00,272.35,272.35,269.44,271.89,3202990
2025-12-18 18:00:00+00:00,271.86,272.45,271.11,271.25,3004337
2025-12-18 19:00:00+00:00,271.21,271.4,270.0,270.36,3429773
2025-12-18 20:00:00+00:00,270.38,272.7,270.17,271.66,6027235
2025-12-18 21:00:00+00:00,271.63,271.69,270.51,271.04,13984079
2025-12-18 22:00:00+00:00,271.18,271.69,270.92,270.92,159776
2025-12-18 23:00:00+00:00,270.92,271.18,270.51,271.02,28714
2025-12-19 00:00:00+00:00,271.02,271.32,270.54,270.89,15832
2025-12-19 09:00:00+00:00,271.5,272.0,271.5,271.68,6975
2025-12-19 10:00:00+00:00,271.7,271.95,271.58,271.84,10405
2025-12-19 11:00:00+00:00,271.84,271.84,271.1,271.1,2748
2025-12-19 12:00:00+00:00,271.1,271.34,270.01,270.17,31969
2025-12-19 13:00:00+00:00,272.01,272.01,270.0,271.03,104791
2025-12-19 14:00:00+00:00,270.95,272.41,270.3,271.2,20447329
2025-12-19 15:00:00+00:00,271.19,272.31,270.45,270.71,7708610
2025-12-19 16:00:00+00:00,270.71,271.46,270.34,270.49,5251966
2025-12-19 17:00:00+00:00,270.5,271.13,269.76,270.94,4921338
2025-12-19 18:00:00+00:00,270.95,271.31,269.9,270.36,4447888
2025-12-19 19:00:00+00:00,270.35,271.24,270.06,270.97,3726833
2025-12-19 20:00:00+00:00,270.96,274.09,269.4,273.11,15540564
2025-12-19 21:00:00+00:00,273.35,274.03,271.84,272.14,82039834
2025-12-19 22:00:00+00:00,271.97,272.49,271.97,272.26,78106
2025-12-19 23:00:00+00:00,272.28,272.49,272.2,272.44,21090
2025-12-20 00:00:00+00:00,272.47,272.51,272.45,272.5,16744
2025-12-22 09:00:00+00:00,273.17,273.38,273.06,273.14,26728
2025-12-22 10:00:00+00:00,273.14,273.29,273.09,273.16,5989
2025-12-22 11:00:00+00:00,273.18,273.24,273.09,273.16,9234
2025-12-22 12:00:00+00:00,273.0,273.26,272.5,272.5,35621
2025-12-22 13:00:00+00:00,273.18,273.58,272.48,272.79,385705
2025-12-22 14:00:00+00:00,272.79,273.37,271.57,271.97,4859340
2025-12-22 15:00:00+00:00,271.96,272.24,271.01,271.82,4924143
2025-12-22 16:00:00+00:00,271.83,272.29,271.43,271.69,2994595
2025-12-22 17:00:00+00:00,271.71,271.8,270.9,270.99,3330382
2025-12-22 18:00:00+00:00,270.99,271.0,270.01,270.26,3433178
2025-12-22 19:00:00+00:00,270.26,270.58,270.15,270.43,2391851
2025-12-22 20:00:00+00:00,270.42,270.7,270.0,270.32,5513341
2025-12-22 21:00:00+00:00,270.32,270.47,270.12,270.22,8258378
2025-12-22 22:00:00+00:00,270.2,270.23,270.12,270.16,24166
2025-12-22 23:00:00+00:00,270.16,270.31,270.14,270.25,35625
2025-12-23 00:00:00+00:00,270.27,270.34,270.19,270.27,29853
2025-12-23 09:00:00+00:00,270.3,270.64,270.26,270.3,27300
2025-12-23 10:00:00+00:00,270.34,270.45,270.34,270.45,4388
2025-12-23 11:00:00+00:00,270.45,270.78,270.31,270.78,18489
2025-12-23 12:00:00+00:00,270.74,270.74,270.31,270.5,19202
2025-12-23 13:00:00+00:00,270.49,270.8,270.01,270.62,147942
2025-12-23 14:00:00+00:00,270.67,271.43,269.06,270.73,4219869
2025-12-23 15:00:00+00:00,270.72,271.11,270.06,270.96,3716715
2025-12-23 16:00:00+00:00,270.94,271.81,270.93,271.65,3115147
2025-12-23 17:00:00+00:00,271.64,271.73,270.61,271.11,2314934
2025-12-23 18:00:00+00:00,271.1,271.62,271.0,271.2,1689257
2025-12-23 19:00:00+00:00,271.2,271.93,271.0,271.58,2313080
2025-12-23 20:00:00+00:00,271.59,271.99,271.34,271.81,4599240
2025-12-23 21:00:00+00:00,271.74,271.88,271.59,271.6,7153103
2025-12-23 22:00:00+00:00,271.69,271.7,271.55,271.68,25857
2025-12-23 23:00:00+00:00,271.66,271.71,271.58,271.6,240913
2025-12-24 00:00:00+00:00,271.64,271.68,271.64,271.68,10424
2025-12-24 09:00:00+00:00,271.67,271.67,271.29,271.38,4586
2025-12-24 10:00:00+00:00,271.54,271.54,271.0,271.01,3135
2025-12-24 11:00:00+00:00,271.15,271.57,271.15,271.57,3826
2025-12-24 12:00:00+00:00,271.54,271.61,271.33,271.51,14698
2025-12-24 13:00:00+00:00,271.4,271.85,270.9,271.84,575838
2025-12-24 14:00:00+00:00,271.81,274.23,271.5,273.69,3751929
2025-12-24 15:00:00+00:00,273.67,274.06,273.19,274.06,2936830
2025-12-24 16:00:00+00:00,274.05,274.83,273.98,274.64,3004831
2025-12-24 17:00:00+00:00,274.66,274.92,273.05,273.34,4106602
2025-12-24 18:00:00+00:00,273.3,273.32,272.92,273.18,2764614
2025-12-24 19:00:00+00:00,273.18,273.19,272.95,273.03,624845
2025-12-24 20:00:00+00:00,273.04,273.17,272.99,273.14,8887
2025-12-24 21:00:00+00:00,273.07,273.15,272.99,273.05,4758
2025-12-26 09:00:00+00:00,272.89,273.01,272.67,272.69,3709
2025-12-26 10:00:00+00:00,272.78,273.5,272.78,273.26,6019
2025-12-26 11:00:00+00:00,273.33,273.37,273.15,273.15,1554
2025-12-26 12:00:00+00:00,273.23,273.61,272.99,273.61,12134
2025-12-26 13:00:00+00:00,273.22,273.74,272.62,273.37,68226
2025-12-26 14:00:00+00:00,273.4,274.86,272.91,273.95,2557670
2025-12-26 15:00:00+00:00,273.96,274.45,273.62,274.21,2318469
2025-12-26 16:00:00+00:00,274.2,274.47,273.86,274.07,1668973
2025-12-26 17:00:00+00:00,274.08,274.24,273.72,273.99,1556622
2025-12-26 18:00:00+00:00,273.97,274.48,273.87,274.22,1934158
2025-12-26 19:00:00+00:00,274.22,274.32,273.96,273.99,1648283
2025-12-26 20:00:00+00:00,273.98,274.03,272.35,272.74,5249445
2025-12-26 21:00:00+00:00,272.93,272.93,272.59,272.79,4380630
2025-12-26 22:00:00+00:00,272.89,272.89,272.54,272.54,18486
2025-12-26 23:00:00+00:00,272.55,272.67,272.54,272.56,50267
2025-12-27 00:00:00+00:00,272.56,272.67,272.49,272.54,12780
2025-12-29 09:00:00+00:00,272.75,272.75,271.5,271.97,58223
2025-12-29 10:00:00+00:00,271.87,271.99,271.81,271.81,2215
2025-12-29 11:00:00+00:00,271.78,272.18,271.78,272.18,8548
2025-12-29 12:00:00+00:00,272.44,272.44,271.73,272.05,23149
2025-12-29 13:00:00+00:00,271.99,272.49,271.38,271.79,105027
2025-12-29 14:00:00+00:00,271.76,273.85,271.13,273.35,2843271
2025-12-29 15:00:00+00:00,273.36,273.52,272.41,272.74,2869920
2025-12-29 16:00:00+00:00,272.74,272.94,272.32,272.64,1540466
2025-12-29 17:00:00+00:00,272.64,272.78,272.44,272.67,1413106
2025-12-29 18:00:00+00:00,272.65,273.49,272.57,273.39,2057478
2025-12-29 19:00:00+00:00,273.39,273.49,272.93,273.4,1528623
2025-12-29 20:00:00+00:00,273.41,273.49,272.95,273.23,3527157
2025-12-29 21:00:00+00:00,273.29,273.39,272.99,273.08,7432199
2025-12-29 22:00:00+00:00,273.18,273.38,273.16,273.34,5730
2025-12-29 23:00:00+00:00,273.35,273.38,272.9,272.93,10655
2025-12-30 00:00:00+00:00,272.79,273.25,272.79,273.08,2510
2025-12-30 09:00:00+00:00,273.18,273.18,272.91,272.91,1505
2025-12-30 10:00:00+00:00,273.0,273.0,272.51,272.59,4462
2025-12-30 11:00:00+00:00,272.67,272.68,272.25,272.53,15346
2025-12-30 12:00:00+00:00,272.61,272.73,272.53,272.53,6947
2025-12-30 13:00:00+00:00,272.62,273.19,272.36,272.46,90774
2025-12-30 14:00:00+00:00,272.54,273.57,271.96,273.13,2696222
2025-12-30 15:00:00+00:00,273.11,273.19,271.89,272.35,2697723
2025-12-30 16:00:00+00:00,272.35,272.81,271.81,271.87,2099465
2025-12-30 17:00:00+00:00,271.86,272.47,271.78,272.38,1535576
2025-12-30 18:00:00+00:00,272.38,272.87,272.22,272.73,1671234
2025-12-30 19:00:00+00:00,272.71,273.01,272.58,272.78,1616044
2025-12-30 20:00:00+00:00,272.78,272.97,272.23,272.48,4043262
2025-12-30 21:00:00+00:00,272.53,272.57,272.29,272.39,5585751
2025-12-30 22:00:00+00:00,272.42,272.58,272.42,272.58,10057
2025-12-30 23:00:00+00:00,272.59,272.61,272.38,272.38,11741
2025-12-31 00:00:00+00:00,272.37,272.37,272.03,272.29,14135
2025-12-31 09:00:00+00:00,271.9,271.9,271.68,271.74,2936
2025-12-31 10:00:00+00:00,271.65,271.76,271.63,271.76,1023
2025-12-31 11:00:00+00:00,271.62,271.62,271.62,271.62,160
2025-12-31 12:00:00+00:00,271.74,272.06,271.74,272.02,11275
2025-12-31 13:00:00+00:00,271.89,272.57,271.54,272.31,61292
2025-12-31 14:00:00+00:00,272.29,273.17,271.7,272.55,2242083
2025-12-31 15:00:00+00:00,272.56,272.6,271.26,271.39,2508750
2025-12-31 16:00:00+00:00,271.42,272.26,271.4,272.26,2101923
2025-12-31 17:00:00+00:00,272.25,272.37,271.8,272.26,1517569
2025-12-31 18:00:00+00:00,272.26,272.82,272.04,272.79,2013699
2025-12-31 19:00:00+00:00,272.77,272.92,272.1,272.2,1685301
2025-12-31 20:00:00+00:00,272.19,272.24,271.25,271.34,4497129
2025-12-31 21:00:00+00:00,271.36,271.9,271.26,271.59,10527549
2025-12-31 22:00:00+00:00,271.6,271.75,271.54,271.6,5194
2025-12-31 23:00:00+00:00,271.55,271.6,271.54,271.6,3476
2026-01-01 00:00:00+00:00,271.64,271.72,271.5,271.59,8666
2026-01-02 09:00:00+00:00,272.76,273.49,272.76,272.83,83917
2026-01-02 10:00:00+00:00,272.7,273.04,272.68,272.99,29996
2026-01-02 11:00:00+00:00,272.99,273.17,272.69,272.72,15688
2026-01-02 12:00:00+00:00,272.72,272.9,272.59,272.7,37484
2026-01-02 13:00:00+00:00,272.73,273.29,272.3,272.62,115388
2026-01-02 14:00:00+00:00,272.59,277.32,271.45,276.44,6744450
2026-01-02 15:00:00+00:00,276.44,277.23,270.1,270.15,6228135
2026-01-02 16:00:00+00:00,270.15,270.47,269.08,269.15,3964804
2026-01-02 17:00:00+00:00,269.14,269.8,268.61,269.64,2844496
2026-01-02 18:00:00+00:00,269.62,269.98,268.5,268.9,2545934
2026-01-02 19:00:00+00:00,268.91,270.21,268.8,269.86,2744651
2026-01-02 20:00:00+00:00,269.86,270.55,269.72,270.48,5078856
2026-01-02 21:00:00+00:00,270.44,271.01,270.27,270.27,7293074
2026-01-02 22:00:00+00:00,270.4,270.6,270.33,270.33,19515
2026-01-02 23:00:00+00:00,270.31,270.5,270.3,270.47,7418
2026-01-03 00:00:00+00:00,270.46,270.5,270.4,270.46,7562
2026-01-05 09:00:00+00:00,270.51,270.51,269.76,270.17,18141
2026-01-05 10:00:00+00:00,270.08,270.44,270.02,270.02,12357
2026-01-05 11:00:00+00:00,270.04,270.11,269.5,269.97,21581
2026-01-05 12:00:00+00:00,269.88,270.2,269.87,269.9,42336
2026-01-05 13:00:00+00:00,269.88,270.58,269.42,270.25,145191
2026-01-05 14:00:00+00:00,270.14,271.01,267.36,268.89,6075785
2026-01-05 15:00:00+00:00,268.94,270.68,268.37,268.51,5820766
2026-01-05 16:00:00+00:00,268.52,268.85,267.48,267.52,3983539
2026-01-05 17:00:00+00:00,267.54,267.79,266.28,267.07,3976803
2026-01-05 18:00:00+00:00,267.07,267.39,266.5,266.52,2859092
2026-01-05 19:00:00+00:00,266.52,266.85,265.65,265.76,3656875
2026-01-05 20:00:00+00:00,265.76,267.24,265.75,266.76,6039073
2026-01-05 21:00:00+00:00,266.76,266.85,266.62,266.77,12636501
2026-01-05 22:00:00+00:00,266.76,266.84,266.51,266.75,79231
2026-01-05 23:00:00+00:00,266.74,266.76,266.5,266.56,73820
2026-01-06 00:00:00+00:00,266.65,266.65,266.42,266.42,27938
2026-01-06 09:00:00+00:00,266.62,266.77,266.32,266.36,19866
2026-01-06 10:00:00+00:00,266.35,266.35,265.98,265.98,12904
2026-01-06 11:00:00+00:00,266.1,266.11,265.72,266.06,18660
2026-01-06 12:00:00+00:00,266.05,266.3,265.98,266.3,21277
2026-01-06 13:00:00+00:00,266.01,267.34,265.76,266.7,154895
2026-01-06 14:00:00+00:00,266.6,267.05,262.54,263.97,7689567
2026-01-06 15:00:00+00:00,263.99,265.2,263.3,263.37,5497513
2026-01-06 16:00:00+00:00,263.36,263.36,261.69,262.26,6824231
2026-01-06 17:00:00+00:00,262.27,263.32,261.8,262.37,3841991
2026-01-06 18:00:00+00:00,262.38,262.87,262.0,262.4,3013847
2026-01-06 19:00:00+00:00,262.42,262.55,261.97,262.16,3047782
2026-01-06 20:00:00+00:00,262.17,262.51,261.63,261.73,8149886
2026-01-06 21:00:00+00:00,261.74,262.66,261.71,262.0,13914978
2026-01-06 22:00:00+00:00,262.0,262.06,261.87,261.91,35437
2026-01-06 23:00:00+00:00,261.87,261.97,261.78,261.89,40444
2026-01-07 00:00:00+00:00,261.81,261.96,261.75,261.81,34864
2026-01-07 09:00:00+00:00,261.52,261.52,260.92,261.14,28386
2026-01-07 10:00:00+00:00,261.19,261.29,260.97,261.05,7953
2026-01-07 11:00:00+00:00,261.17,261.45,261.12,261.31,7336
2026-01-07 12:00:00+00:00,261.4,261.44,261.11,261.41,33454
2026-01-07 13:00:00+00:00,261.02,261.65,260.94,261.5,143677
2026-01-07 14:00:00+00:00,261.42,263.25,260.75,260.92,6265390
2026-01-07 15:00:00+00:00,260.96,261.94,260.73,261.5,7881736
2026-01-07 16:00:00+00:00,261.5,261.87,260.42,261.69,4775342
2026-01-07 17:00:00+00:00,261.69,262.21,261.5,261.83,3617570
2026-01-07 18:00:00+00:00,261.83,261.83,260.6,261.53,4746906
2026-01-07 19:00:00+00:00,261.54,262.03,260.78,261.35,3245280
2026-01-07 20:00:00+00:00,261.36,261.49,259.33,259.88,8755385
2026-01-07 21:00:00+00:00,259.86,260.12,259.85,260.11,8677598
2026-01-07 22:00:00+00:00,260.12,260.22,259.85,260.08,46946
2026-01-07 23:00:00+00:00,260.13,260.13,259.87,260.05,19753
2026-01-08 00:00:00+00:00,259.99,260.05,259.82,259.85,32115
2026-01-08 09:00:00+00:00,259.52,259.85,258.42,258.52,47262
2026-01-08 10:00:00+00:00,258.52,259.31,258.42,258.44,32815
2026-01-08 11:00:00+00:00,258.55,258.68,256.83,257.49,151049
2026-01-08 12:00:00+00:00,257.44,257.5,256.25,256.84,144470
2026-01-08 13:00:00+00:00,256.97,259.38,256.27,257.35,467887
2026-01-08 14:00:00+00:00,257.33,257.48,255.38,255.81,8772478
2026-01-08 15:00:00+00:00,255.8,256.71,255.23,256.2,8342566
2026-01-08 16:00:00+00:00,256.21,258.12,255.5,257.22,6292761
2026-01-08 17:00:00+00:00,257.23,257.38,256.12,256.91,3747823
2026-01-08 18:00:00+00:00,256.91,257.14,256.2,256.46,2875468
2026-01-08 19:00:00+00:00,256.44,256.85,255.82,256.75,3823568
2026-01-08 20:00:00+00:00,256.74,258.81,256.72,258.6,7215938
2026-01-08 21:00:00+00:00,258.58,259.32,258.37,259.13,8283866
2026-01-08 22:00:00+00:00,259.15,259.25,258.56,258.97,72750
2026-01-08 23:00:00+00:00,258.93,259.02,258.56,258.62,36218
2026-01-09 00:00:00+00:00,258.62,258.81,258.58,258.64,26369
2026-01-09 09:00:00+00:00,258.88,259.06,258.54,258.88,10591
2026-01-09 10:00:00+00:00,258.77,258.77,258.48,258.59,14081
2026-01-09 11:00:00+00:00,258.64,260.51,258.62,258.85,62499
2026-01-09 12:00:00+00:00,258.87,259.51,258.39,258.52,63235
2026-01-09 13:00:00+00:00,258.93,259.88,257.92,259.12,229433
2026-01-09 14:00:00+00:00,259.17,259.52,255.9,256.46,6189067
2026-01-09 15:00:00+00:00,256.46,258.28,255.74,257.3,5569801
2026-01-09 16:00:00+00:00,257.3,258.12,256.29,257.2,5740593
2026-01-09 17:00:00+00:00,257.2,258.68,257.07,258.28,3789657
2026-01-09 18:00:00+00:00,258.28,259.06,257.76,259.0,2520937
2026-01-09 19:00:00+00:00,258.99,259.72,258.9,259.49,3132587
2026-01-09 20:00:00+00:00,259.48,259.73,258.47,258.85,5281148
2026-01-09 21:00:00+00:00,258.86,258.93,258.56,258.72,7287283
2026-01-09 22:00:00+00:00,258.89,258.89,258.55,258.62,27158
2026-01-09 23:00:00+00:00,258.62,258.72,258.54,258.69,24426
2026-01-10 00:00:00+00:00,258.71,258.87,258.67,258.87,22153
2026-01-12 09:00:00+00:00,257.85,257.85,256.59,257.3,37177
2026-01-12 10:00:00+00:00,257.34,258.79,257.09,258.52,84640
2026-01-12 11:00:00+00:00,258.51,259.21,258.43,258.43,39152
2026-01-12 12:00:00+00:00,258.37,259.43,258.29,258.9,85078
2026-01-12 13:00:00+00:00,256.77,259.5,256.56,258.42,179829
2026-01-12 14:00:00+00:00,258.32,259.79,256.32,257.81,6569026
2026-01-12 15:00:00+00:00,257.79,260.82,257.67,258.91,6623479
2026-01-12 16:00:00+00:00,258.91,260.63,258.68,260.51,4056948
2026-01-12 17:00:00+00:00,260.51,260.63,259.75,260.19,2991881
2026-01-12 18:00:00+00:00,260.18,260.82,259.82,259.93,2477579
2026-01-12 19:00:00+00:00,259.92,260.69,259.71,260.65,2898612
2026-01-12 20:00:00+00:00,260.64,260.71,259.52,259.73,5367442
2026-01-12 21:00:00+00:00,259.74,259.77,259.12,259.13,13575624
2026-01-12 22:00:00+00:00,259.27,259.77,259.19,259.44,125602
2026-01-12 23:00:00+00:00,259.33,259.77,259.17,259.17,48833
2026-01-13 00:00:00+00:00,259.22,259.32,259.02,259.11,25888
2026-01-13 09:00:00+00:00,259.11,259.3,258.53,258.89,29732
2026-01-13 10:00:00+00:00,258.7,258.86,258.35,258.5,17381
2026-01-13 11:00:00+00:00,258.52,259.02,258.17,258.93,35936
2026-01-13 12:00:00+00:00,258.9,258.99,258.62,258.62,42280
2026-01-13 13:00:00+00:00,258.87,259.52,258.29,258.81,2561288
2026-01-13 14:00:00+00:00,258.79,261.32,257.64,259.43,5225697
2026-01-13 15:00:00+00:00,259.42,260.01,258.8,259.45,4547245
2026-01-13 16:00:00+00:00,259.46,260.55,259.14,260.42,3642773
2026-01-13 17:00:00+00:00,260.41,260.96,259.7,260.04,3104588
2026-01-13 18:00:00+00:00,260.02,260.45,259.28,259.48,2719830
2026-01-13 19:00:00+00:00,259.48,259.61,258.67,258.98,4832914
2026-01-13 20:00:00+00:00,258.98,260.72,258.28,260.57,6010485
2026-01-13 21:00:00+00:00,260.57,260.9,259.6,260.48,12849868
2026-01-13 22:00:00+00:00,260.47,260.57,260.46,260.48,30139
2026-01-13 23:00:00+00:00,260.46,260.52,260.24,260.31,10683
2026-01-14 00:00:00+00:00,260.18,260.52,260.18,260.37,21600
2026-01-14 09:00:00+00:00,260.08,260.35,259.71,259.92,23063
2026-01-14 10:00:00+00:00,259.92,259.92,259.12,259.45,32806
2026-01-14 11:00:00+00:00,259.32,259.53,259.11,259.12,22852
2026-01-14 12:00:00+00:00,259.23,259.85,258.77,259.62,42599
2026-01-14 13:00:00+00:00,259.12,260.25,258.77,259.52,122921
2026-01-14 14:00:00+00:00,259.48,261.33,258.55,258.62,4368740
2026-01-14 15:00:00+00:00,258.7,260.47,257.38,257.59,5163123
2026-01-14 16:00:00+00:00,257.59,258.48,256.77,257.2,3408271
2026-01-14 17:00:00+00:00,257.24,257.57,256.23,256.78,2830942
2026-01-14 18:00:00+00:00,256.75,257.63,256.43,257.52,2408472
2026-01-14 19:00:00+00:00,257.51,258.0,257.03,257.78,2609869
2026-01-14 20:00:00+00:00,257.79,260.12,257.63,259.47,9716119
2026-01-14 21:00:00+00:00,259.48,260.02,257.97,259.2,9165140
2026-01-14 22:00:00+00:00,259.21,259.27,258.52,259.17,18557
2026-01-14 23:00:00+00:00,258.97,259.22,258.73,258.92,22106
2026-01-15 00:00:00+00:00,258.95,259.23,258.95,259.22,9360
2026-01-15 09:00:00+00:00,259.43,260.03,259.28,259.88,44377
2026-01-15 10:00:00+00:00,259.83,260.01,259.3,259.53,32445
2026-01-15 11:00:00+00:00,259.4,260.01,259.07,259.72,37247
2026-01-15 12:00:00+00:00,259.74,259.95,259.42,259.88,55729
2026-01-15 13:00:00+00:00,259.27,260.02,259.03,259.67,173422
2026-01-15 14:00:00+00:00,259.67,260.56,259.14,259.63,4495141
2026-01-15 15:00:00+00:00,259.64,260.3,258.71,259.45,4280196
2026-01-15 16:00:00+00:00,259.46,260.15,259.26,259.5,3296385
2026-01-15 17:00:00+00:00,259.49,259.82,257.52,258.46,3752235
2026-01-15 18:00:00+00:00,258.44,259.27,258.42,258.75,2089739
2026-01-15 19:00:00+00:00,258.74,258.74,257.02,257.13,3921868
2026-01-15 20:00:00+00:00,257.12,257.9,256.57,257.86,5956773
2026-01-15 21:00:00+00:00,257.89,258.03,257.3,257.7,10684257
2026-01-15 22:00:00+00:00,257.69,258.07,257.69,257.82,210572
2026-01-15 23:00:00+00:00,257.81,257.87,257.52,257.77,13267
2026-01-16 00:00:00+00:00,257.77,257.86,257.63,257.81,15276
2026-01-16 09:00:00+00:00,257.9,258.07,257.18,257.18,21919
2026-01-16 10:00:00+00:00,257.26,257.32,257.03,257.1,16651
2026-01-16 11:00:00+00:00,257.12,257.14,256.67,256.76,17138
2026-01-16 12:00:00+00:00,256.84,257.12,256.7,256.92,32499
2026-01-16 13:00:00+00:00,256.81,257.95,256.69,257.08,123624
2026-01-16 14:00:00+00:00,257.1,258.42,256.29,256.37,13314867
2026-01-16 15:00:00+00:00,256.37,256.77,255.59,256.1,3995504
2026-01-16 16:00:00+00:00,256.09,256.39,255.48,255.69,4978230
2026-01-16 17:00:00+00:00,255.7,256.08,254.46,254.7,5180045
2026-01-16 18:00:00+00:00,254.71,256.37,254.62,256.07,4034062
2026-01-16 19:00:00+00:00,256.07,256.67,255.44,256.11,3612094
2026-01-16 20:00:00+00:00,256.1,256.37,254.65,255.01,7537423
2026-01-16 21:00:00+00:00,255.01,255.06,254.65,254.76,26078124
2026-01-16 22:00:00+00:00,254.71,255.06,254.71,254.86,1942838
2026-01-16 23:00:00+00:00,254.83,255.02,254.71,254.8,35068
2026-01-17 00:00:00+00:00,254.8,254.87,254.72,254.75,27224
2026-01-20 09:00:00+00:00,253.36,253.36,250.69,250.86,137995
2026-01-20 10:00:00+00:00,250.87,251.13,250.57,250.7,67155
2026-01-20 11:00:00+00:00,250.78,252.22,250.78,251.95,92736
2026-01-20 12:00:00+00:00,251.88,252.36,251.41,251.83,130118
2026-01-20 13:00:00+00:00,251.14,253.42,250.54,251.41,663202
2026-01-20 14:00:00+00:00,251.25,255.06,251.03,252.11,7616808
2026-01-20 15:00:00+00:00,252.02,252.29,250.38,251.08,6486538
2026-01-20 16:00:00+00:00,251.1,251.66,249.89,250.72,4131705
2026-01-20 17:00:00+00:00,250.73,250.81,249.62,249.81,4303774
2026-01-20 18:00:00+00:00,249.78,250.04,247.78,248.06,4769281
2026-01-20 19:00:00+00:00,248.08,248.22,246.35,246.5,5567082
2026-01-20 20:00:00+00:00,246.49,246.76,242.97,246.23,19811635
2026-01-20 21:00:00+00:00,246.23,246.55,245.74,246.46,23679463
2026-01-20 22:00:00+00:00,246.43,246.72,246.24,246.72,1929902
2026-01-20 23:00:00+00:00,246.72,246.84,246.23,246.32,152990
2026-01-21 00:00:00+00:00,246.32,247.14,246.32,247.0,54899
2026-01-21 09:00:00+00:00,246.76,246.76,245.26,245.27,51112
2026-01-21 10:00:00+00:00,245.27,245.9,245.21,245.59,21440
2026-01-21 11:00:00+00:00,245.59,245.64,244.41,244.72,54296
2026-01-21 12:00:00+00:00,244.67,246.23,244.48,246.17,140667
2026-01-21 13:00:00+00:00,244.53,247.03,244.41,246.57,311096
2026-01-21 14:00:00+00:00,246.53,248.29,245.57,246.47,6119038
2026-01-21 15:00:00+00:00,246.44,248.26,245.82,247.68,6296113
2026-01-21 16:00:00+00:00,247.71,247.83,245.26,245.32,5033333
2026-01-21 17:00:00+00:00,245.32,246.01,244.73,245.79,3595228
2026-01-21 18:00:00+00:00,245.78,245.98,245.04,245.67,2754721
2026-01-21 19:00:00+00:00,245.66,250.53,245.07,250.25,8662992
2026-01-21 20:00:00+00:00,250.28,251.09,246.38,247.17,11077180
2026-01-21 21:00:00+00:00,247.17,247.74,246.51,247.43,9925434
2026-01-21 22:00:00+00:00,247.43,247.7,247.19,247.7,64789
2026-01-21 23:00:00+00:00,247.74,248.02,247.59,247.94,57323
2026-01-22 00:00:00+00:00,247.93,248.37,247.84,248.24,151734
2026-01-22 09:00:00+00:00,249.51,249.65,248.83,249.4,45628
2026-01-22 10:00:00+00:00,249.45,249.6,249.18,249.56,26192
2026-01-22 11:00:00+00:00,249.72,250.14,248.88,248.88,31785
2026-01-22 12:00:00+00:00,248.97,249.13,248.38,248.54,86991
2026-01-22 13:00:00+00:00,248.57,250.04,247.54,248.95,284072
2026-01-22 14:00:00+00:00,249.03,250.31,247.92,249.39,6715712
2026-01-22 15:00:00+00:00,249.41,249.84,248.54,248.63,4953605
2026-01-22 16:00:00+00:00,248.64,249.55,248.59,249.13,3267231
2026-01-22 17:00:00+00:00,249.12,250.06,248.98,249.69,2391130
2026-01-22 18:00:00+00:00,249.66,250.35,249.27,249.76,2439495
2026-01-22 19:00:00+00:00,249.78,250.53,248.31,248.42,4057716
2026-01-22 20:00:00+00:00,248.4,248.76,247.69,247.89,7246817
2026-01-22 21:00:00+00:00,247.89,248.39,247.55,247.71,7698881
2026-01-22 22:00:00+00:00,247.83,248.39,247.71,248.3,77224
2026-01-22 23:00:00+00:00,248.34,248.44,248.04,248.29,240239
2026-01-23 00:00:00+00:00,248.19,248.49,248.08,248.48,22817
2026-01-23 09:00:00+00:00,248.24,248.24,247.82,247.99,15308
2026-01-23 10:00:00+00:00,248.14,248.14,247.83,247.9,5203
2026-01-23 11:00:00+00:00,247.97,248.13,247.13,247.39,48720
2026-01-23 12:00:00+00:00,247.53,247.92,247.51,247.74,29673
2026-01-23 13:00:00+00:00,247.51,249.29,247.04,247.23,168934
2026-01-23 14:00:00+00:00,247.24,247.94,244.23,245.43,7122278
2026-01-23 15:00:00+00:00,245.46,248.84,245.25,248.52,6469412
2026-01-23 16:00:00+00:00,248.52,248.95,247.42,247.78,4946529
2026-01-23 17:00:00+00:00,247.78,248.35,247.15,247.33,2831752
2026-01-23 18:00:00+00:00,247.31,247.7,246.5,247.06,2850310
2026-01-23 19:00:00+00:00,247.07,247.79,246.76,247.71,2879539
2026-01-23 20:00:00+00:00,247.71,248.39,247.29,247.51,5180102
2026-01-23 21:00:00+00:00,247.51,247.6,247.14,247.2,8519859
2026-01-23 22:00:00+00:00,247.24,247.58,247.2,247.35,30440
2026-01-23 23:00:00+00:00,247.38,247.55,247.34,247.47,28735
2026-01-24 00:00:00+00:00,247.47,247.48,247.29,247.29,39496
2026-01-26 09:00:00+00:00,248.04,248.39,247.58,247.65,38855
2026-01-26 10:00:00+00:00,247.7,248.45,247.68,248.39,20792
2026-01-26 11:00:00+00:00,248.35,249.74,248.09,249.42,92874
2026-01-26 12:00:00+00:00,249.37,250.85,249.15,250.55,148105
2026-01-26 13:00:00+00:00,249.44,251.49,247.62,250.89,549772
2026-01-26 14:00:00+00:00,250.99,253.32,249.34,252.29,7994674
2026-01-26 15:00:00+00:00,252.32,255.03,252.15,254.33,8757957
2026-01-26 16:00:00+00:00,254.34,254.86,253.76,254.39,5258439
2026-01-26 17:00:00+00:00,254.4,254.96,253.61,253.86,2928150
2026-01-26 18:00:00+00:00,253.86,254.88,253.61,254.64,2935557
2026-01-26 19:00:00+00:00,254.63,256.08,254.63,255.63,4444859
2026-01-26 20:00:00+00:00,255.63,255.89,254.28,254.95,7172530
2026-01-26 21:00:00+00:00,255.03,255.4,254.78,255.05,14965059
2026-01-26 22:00:00+00:00,255.05,255.28,255.03,255.16,360936
2026-01-26 23:00:00+00:00,255.19,255.97,255.15,255.92,97382
2026-01-27 00:00:00+00:00,255.97,256.07,255.8,256.01,54580
2026-01-27 09:00:00+00:00,256.97,256.97,255.55,255.55,45086
2026-01-27 10:00:00+00:00,255.66,256.74,255.65,256.71,28364
2026-01-27 11:00:00+00:00,256.73,258.18,256.49,258.05,137523
2026-01-27 12:00:00+00:00,258.02,258.52,257.93,258.51,159621
2026-01-27 13:00:00+00:00,256.92,259.32,254.3,258.76,616975
2026-01-27 14:00:00+00:00,258.78,261.46,258.18,260.99,10424891
2026-01-27 15:00:00+00:00,261.0,261.09,259.04,259.86,6321810
2026-01-27 16:00:00+00:00,259.88,260.91,259.87,260.3,3869512
2026-01-27 17:00:00+00:00,260.29,260.88,260.14,260.23,2707361
2026-01-27 18:00:00+00:00,260.22,260.65,259.03,259.34,3395984
2026-01-27 19:00:00+00:00,259.35,259.56,258.69,259.26,3183395
2026-01-27 20:00:00+00:00,259.26,259.48,257.73,257.79,5470756
2026-01-27 21:00:00+00:00,257.8,257.97,256.72,257.12,12556538
2026-01-27 22:00:00+00:00,257.04,257.82,256.97,257.61,119104
2026-01-27 23:00:00+00:00,257.63,258.09,257.38,257.64,56542
2026-01-28 00:00:00+00:00,257.53,258.6,257.39,258.52,50796
2026-01-28 09:00:00+00:00,258.22,258.47,258.03,258.12,32941
2026-01-28 10:00:00+00:00,258.12,258.15,257.39,257.9,42710
2026-01-28 11:00:00+00:00,257.97,258.16,257.72,257.9,30919
2026-01-28 12:00:00+00:00,258.06,258.09,256.58,256.81,103355
2026-01-28 13:00:00+00:00,257.88,258.85,255.47,255.52,387992
2026-01-28 14:00:00+00:00,255.53,258.37,255.26,255.67,5379051
2026-01-28 15:00:00+00:00,255.66,256.57,254.74,255.37,4675069
2026-01-28 16:00:00+00:00,255.37,255.74,254.27,254.87,3306502
2026-01-28 17:00:00+00:00,254.86,254.95,254.04,254.36,2268489
2026-01-28 18:00:00+00:00,254.35,255.41,254.06,255.18,2023205
2026-01-28 19:00:00+00:00,255.19,255.89,254.31,255.81,3282112
2026-01-28 20:00:00+00:00,255.81,256.42,255.46,255.96,6071690
2026-01-28 21:00:00+00:00,255.96,257.02,255.61,257.01,12305361
2026-01-28 22:00:00+00:00,257.01,257.13,256.68,256.77,214580
2026-01-28 23:00:00+00:00,256.77,256.95,255.95,256.21,1061951
2026-01-29 00:00:00+00:00,256.1,256.4,255.73,256.31,72219
2026-01-29 09:00:00+00:00,256.92,257.86,256.91,256.93,46168
2026-01-29 10:00:00+00:00,256.96,258.14,256.82,257.56,45853
2026-01-29 11:00:00+00:00,257.48,257.82,257.07,257.51,44039
2026-01-29 12:00:00+00:00,257.32,258.28,256.9,257.34,131049
2026-01-29 13:00:00+00:00,257.74,258.02,256.52,257.28,312989
2026-01-29 14:00:00+00:00,257.32,259.17,255.6,256.32,5435662
2026-01-29 15:00:00+00:00,256.33,257.21,253.94,254.98,7175476
2026-01-29 16:00:00+00:00,254.97,255.93,254.43,254.92,5167190
2026-01-29 17:00:00+00:00,254.93,257.19,254.87,256.46,5223321
2026-01-29 18:00:00+00:00,256.48,257.55,256.16,256.85,3773281
2026-01-29 19:00:00+00:00,256.86,257.91,256.74,257.44,4112536
2026-01-29 20:00:00+00:00,257.45,258.87,257.27,257.7,11107689
2026-01-29 21:00:00+00:00,257.54,267.84,255.32,260.45,19177762
2026-01-29 22:00:00+00:00,260.51,265.74,255.06,261.86,4568277
2026-01-29 23:00:00+00:00,261.76,261.81,259.07,259.24,645320
2026-01-30 00:00:00+00:00,259.26,259.62,259.03,259.2,269364
2026-01-30 09:00:00+00:00,258.24,259.01,256.57,257.42,146297
2026-01-30 10:00:00+00:00,257.49,257.66,255.7,255.88,76233
2026-01-30 11:00:00+00:00,255.92,257.52,255.92,256.94,125913
2026-01-30 12:00:00+00:00,256.89,257.22,255.2,255.48,274284
2026-01-30 13:00:00+00:00,257.02,258.32,255.2,257.66,4038524
2026-01-30 14:00:00+00:00,257.61,259.25,251.71,255.81,13137201
2026-01-30 15:00:00+00:00,255.82,258.22,253.22,254.46,11117824
2026-01-30 16:00:00+00:00,254.44,256.66,254.28,255.63,6234425
2026-01-30 17:00:00+00:00,255.62,255.67,253.81,254.38,4930460
2026-01-30 18:00:00+00:00,254.37,257.12,254.03,256.87,4850982
2026-01-30 19:00:00+00:00,256.9,258.47,256.85,257.79,5052946
2026-01-30 20:00:00+00:00,257.81,261.41,257.08,259.01,18823472
2026-01-30 21:00:00+00:00,259.0,259.77,258.22,259.43,22743294
2026-01-30 22:00:00+00:00,259.43,259.54,259.01,259.01,733495
2026-01-30 23:00:00+00:00,258.99,259.22,258.58,258.58,30467
2026-01-31 00:00:00+00:00,258.56,258.72,258.42,258.59,67845
2026-02-02 09:00:00+00:00,257.52,258.39,255.35,258.02,70761
2026-02-02 10:00:00+00:00,258.04,258.12,257.4,257.66,22805
2026-02-02 11:00:00+00:00,257.63,258.62,257.62,258.33,71052
2026-02-02 12:00:00+00:00,258.42,258.54,256.27,256.27,177307
2026-02-02 13:00:00+00:00,257.78,259.65,254.53,257.04,494205
2026-02-02 14:00:00+00:00,256.97,263.48,256.52,262.71,10425008
2026-02-02 15:00:00+00:00,262.8,264.88,261.82,262.25,9676346
2026-02-02 16:00:00+00:00,262.21,264.24,262.02,263.97,4744864
2026-02-02 17:00:00+00:00,263.96,264.36,263.29,263.68,3080814
2026-02-02 18:00:00+00:00,263.7,266.24,263.7,266.21,5039822
2026-02-02 19:00:00+00:00,266.21,267.78,266.05,267.5,6808251
2026-02-02 20:00:00+00:00,267.53,269.99,267.35,269.49,15004745
2026-02-02 21:00:00+00:00,269.45,269.7,268.27,268.36,18064876
2026-02-02 22:00:00+00:00,268.41,268.64,267.5,267.93,102325
2026-02-02 23:00:00+00:00,267.91,268.45,267.71,268.04,60972
2026-02-03 00:00:00+00:00,268.04,268.47,267.8,268.27,48217
2026-02-03 09:00:00+00:00,268.27,268.27,266.9,267.25,46081
2026-02-03 10:00:00+00:00,267.31,267.61,267.26,267.32,25970
2026-02-03 11:00:00+00:00,267.24,267.36,266.76,267.12,26460
2026-02-03 12:00:00+00:00,267.34,268.0,267.3,267.96,72682
2026-02-03 13:00:00+00:00,267.5,268.38,266.83,268.0,272658
2026-02-03 14:00:00+00:00,268.05,271.08,267.18,269.86,7389624
2026-02-03 15:00:00+00:00,269.88,270.64,267.11,270.57,8907645
2026-02-03 16:00:00+00:00,270.58,270.78,268.05,268.46,6619836
2026-02-03 17:00:00+00:00,268.44,269.5,267.79,269.13,6737401
2026-02-03 18:00:00+00:00,269.18,270.07,268.35,269.75,4811817
2026-02-03 19:00:00+00:00,269.76,271.37,269.42,269.5,6128526
2026-02-03 20:00:00+00:00,269.47,269.74,268.15,268.99,6981376
2026-02-03 21:00:00+00:00,268.99,269.63,268.63,269.01,15794644
2026-02-03 22:00:00+00:00,268.99,268.99,268.5,268.79,477333
2026-02-03 23:00:00+00:00,268.96,269.83,268.7,269.47,54368
2026-02-04 00:00:00+00:00,269.5,269.87,268.74,268.76,22484
2026-02-04 09:00:00+00:00,269.5,269.7,269.06,269.26,17990
2026-02-04 10:00:00+00:00,269.49,270.0,269.38,269.72,9079
2026-02-04 11:00:00+00:00,269.75,270.23,269.62,270.17,18476
2026-02-04 12:00:00+00:00,270.12,270.4,269.49,269.72,38673
2026-02-04 13:00:00+00:00,269.0,270.5,268.36,270.11,152184
2026-02-04 14:00:00+00:00,270.14,278.29,269.85,276.96,13777623
2026-02-04 15:00:00+00:00,276.97,277.08,274.04,276.6,12430099
2026-02-04 16:00:00+00:00,276.58,276.8,273.39,274.46,7951639
2026-02-04 17:00:00+00:00,274.46,276.09,273.18,273.58,8239489
2026-02-04 18:00:00+00:00,273.58,275.25,272.63,274.88,7141721
2026-02-04 19:00:00+00:00,274.86,275.27,273.84,274.63,7488307
2026-02-04 20:00:00+00:00,274.63,278.43,274.32,275.89,15626850
2026-02-04 21:00:00+00:00,275.98,276.11,273.98,274.39,17391224
2026-02-04 22:00:00+00:00,274.42,275.0,274.23,274.23,77414
2026-02-04 23:00:00+00:00,274.29,275.04,273.93,274.12,72095
2026-02-05 00:00:00+00:00,273.93,274.47,273.93,274.19,42738
2026-02-05 09:00:00+00:00,273.69,274.05,273.26,273.67,16713
2026-02-05 10:00:00+00:00,273.78,274.23,273.39,273.48,15139
2026-02-05 11:00:00+00:00,273.27,275.41,273.27,275.02,56814
2026-02-05 12:00:00+00:00,275.04,276.32,274.43,275.92,216723
2026-02-05 13:00:00+00:00,273.55,276.5,272.99,275.38,380320
2026-02-05 14:00:00+00:00,275.48,278.98,272.72,273.86,7718915
2026-02-05 15:00:00+00:00,273.9,276.89,273.1,273.94,8448078
2026-02-05 16:00:00+00:00,273.94,275.71,272.77,274.73,5059451
2026-02-05 17:00:00+00:00,274.68,274.72,273.02,274.09,4064873
2026-02-05 18:00:00+00:00,274.08,274.49,273.4,274.48,3143161
2026-02-05 19:00:00+00:00,274.48,277.06,274.41,276.2,4412130
2026-02-05 20:00:00+00:00,276.21,277.2,274.76,275.4,8478301
2026-02-05 21:00:00+00:00,275.4,276.77,274.9,275.95,10529354
2026-02-05 22:00:00+00:00,275.96,276.29,273.49,275.26,128040
2026-02-05 23:00:00+00:00,275.04,276.7,274.02,274.93,90485
2026-02-06 00:00:00+00:00,274.5,276.48,273.49,276.46,102093
2026-02-06 09:00:00+00:00,275.14,275.41,273.26,273.52,86596
2026-02-06 10:00:00+00:00,273.64,273.99,272.91,273.09,45459
2026-02-06 11:00:00+00:00,272.96,273.99,272.96,273.99,47475
2026-02-06 12:00:00+00:00,273.76,274.56,273.74,274.24,51010
2026-02-06 13:00:00+00:00,273.5,275.99,272.99,275.69,233312
2026-02-06 14:00:00+00:00,275.69,280.22,275.27,280.0,9501044
2026-02-06 15:00:00+00:00,280.02,280.38,277.83,278.3,7689720
2026-02-06 16:00:00+00:00,278.31,279.26,277.97,278.57,5543781
2026-02-06 17:00:00+00:00,278.53,278.95,277.38,277.78,4680407
2026-02-06 18:00:00+00:00,277.78,278.17,276.41,276.97,4302431
2026-02-06 19:00:00+00:00,276.98,278.13,276.48,278.06,3532256
2026-02-06 20:00:00+00:00,278.05,278.49,277.05,277.51,7397364
2026-02-06 21:00:00+00:00,277.5,277.6,276.49,276.62,7168622
2026-02-06 22:00:00+00:00,276.74,277.6,276.67,276.74,105977
2026-02-06 23:00:00+00:00,276.79,276.83,276.51,276.66,19805
2026-02-07 00:00:00+00:00,276.65,276.75,276.49,276.57,12396
2026-02-09 09:00:00+00:00,276.84,277.39,276.33,276.39,22436
2026-02-09 10:00:00+00:00,276.25,276.75,276.03,276.75,17392
2026-02-09 11:00:00+00:00,276.76,276.82,276.37,276.7,12052
2026-02-09 12:00:00+00:00,276.71,278.03,276.38,278.03,57327
2026-02-09 13:00:00+00:00,277.24,278.21,275.9,277.26,154163
2026-02-09 14:00:00+00:00,277.37,277.94,272.91,273.71,5928810
2026-02-09 15:00:00+00:00,273.7,274.01,272.52,273.0,5221764
2026-02-09 16:00:00+00:00,273.02,273.55,272.5,272.55,3540039
2026-02-09 17:00:00+00:00,272.56,272.86,271.45,271.71,4280445
2026-02-09 18:00:00+00:00,271.71,272.97,271.54,272.65,2964757
2026-02-09 19:00:00+00:00,272.65,273.47,272.59,272.71,2884937
2026-02-09 20:00:00+00:00,272.71,274.87,272.71,274.28,7695930
2026-02-09 21:00:00+00:00,274.23,274.53,273.75,274.05,11555780
2026-02-09 22:00:00+00:00,274.05,274.37,273.77,273.77,175847
2026-02-09 23:00:00+00:00,273.89,273.97,272.85,272.96,48576
2026-02-10 00:00:00+00:00,273.15,273.5,272.75,273.45,28871
2026-02-10 09:00:00+00:00,273.55,273.84,272.98,272.98,17611
2026-02-10 10:00:00+00:00,273.02,273.35,272.96,273.23,10923
2026-02-10 11:00:00+00:00,273.21,273.48,273.11,273.11,9439
2026-02-10 12:00:00+00:00,273.22,273.41,272.8,272.9,61333
2026-02-10 13:00:00+00:00,272.97,273.9,272.76,273.65,128582
2026-02-10 14:00:00+00:00,273.55,275.07,272.96,274.51,4204108
2026-02-10 15:00:00+00:00,274.55,275.12,273.61,273.89,3611299
2026-02-10 16:00:00+00:00,273.89,274.35,272.84,273.05,2441614
2026-02-10 17:00:00+00:00,273.04,273.86,272.69,273.84,2669010
2026-02-10 18:00:00+00:00,273.85,274.02,273.15,273.68,3166046
2026-02-10 19:00:00+00:00,273.7,273.86,273.26,273.78,1844569
2026-02-10 20:00:00+00:00,273.76,274.24,272.75,273.54,4422070
2026-02-10 21:00:00+00:00,273.43,274.14,273.35,274.14,10494923
2026-02-10 22:00:00+00:00,274.17,274.17,273.77,273.77,8182
2026-02-10 23:00:00+00:00,274.01,274.6,273.94,274.11,41293
2026-02-11 00:00:00+00:00,274.1,274.42,274.0,274.29,10228
2026-02-11 09:00:00+00:00,273.56,273.77,272.84,273.04,16447
2026-02-11 10:00:00+00:00,272.88,273.01,272.75,272.83,6336
2026-02-11 11:00:00+00:00,273.05,273.35,272.75,272.86,10478
2026-02-11 12:00:00+00:00,273.0,273.55,272.99,273.1,11413
2026-02-11 13:00:00+00:00,273.24,274.36,272.66,273.95,3512963
2026-02-11 14:00:00+00:00,273.98,277.18,273.65,276.15,5290489
2026-02-11 15:00:00+00:00,276.16,279.65,275.5,279.5,8389158
2026-02-11 16:00:00+00:00,279.5,279.72,277.89,278.09,4379348
2026-02-11 17:00:00+00:00,278.08,279.92,277.92,279.16,3867869
2026-02-11 18:00:00+00:00,279.16,279.43,278.24,278.64,2506495
2026-02-11 19:00:00+00:00,278.62,279.41,274.55,276.32,7677722
2026-02-11 20:00:00+00:00,276.33,277.03,274.77,275.24,7157609
2026-02-11 21:00:00+00:00,275.24,275.95,275.22,275.67,8553181
2026-02-11 22:00:00+00:00,275.65,275.95,275.5,275.77,460184
2026-02-11 23:00:00+00:00,275.75,275.9,275.35,275.35,46895
2026-02-12 00:00:00+00:00,275.35,275.87,275.35,275.65,17380
2026-02-12 09:00:00+00:00,275.75,275.75,274.71,274.84,23597
2026-02-12 10:00:00+00:00,274.92,275.05,274.54,274.65,20152
2026-02-12 11:00:00+00:00,274.61,274.75,273.63,274.25,49028
2026-02-12 12:00:00+00:00,274.66,274.7,273.83,274.04,52898
2026-02-12 13:00:00+00:00,274.49,276.43,273.22,274.15,245014
2026-02-12 14:00:00+00:00,274.16,275.47,271.3,271.91,5890300
2026-02-12 15:00:00+00:00,271.91,271.98,267.88,267.94,8352090
2026-02-12 16:00:00+00:00,267.93,267.99,264.38,265.19,9426600
2026-02-12 17:00:00+00:00,265.2,265.61,261.29,261.54,6682019
2026-02-12 18:00:00+00:00,261.55,262.74,259.94,261.49,8840291
2026-02-12 19:00:00+00:00,261.47,262.43,261.04,261.81,6340481
2026-02-12 20:00:00+00:00,261.82,262.31,260.03,261.3,12249756
2026-02-12 21:00:00+00:00,261.3,263.86,260.88,261.8,20377287
2026-02-12 22:00:00+00:00,261.95,261.95,261.47,261.71,1834550
2026-02-12 23:00:00+00:00,261.69,261.76,260.76,261.66,143295
2026-02-13 00:00:00+00:00,261.36,261.9,259.76,260.11,97717
2026-02-13 09:00:00+00:00,261.46,261.97,261.46,261.66,33294
2026-02-13 10:00:00+00:00,261.79,261.93,261.34,261.34,15272
2026-02-13 11:00:00+00:00,261.23,261.29,260.43,261.23,20531
2026-02-13 12:00:00+00:00,261.44,261.76,260.6,260.81,38918
2026-02-13 13:00:00+00:00,261.28,263.93,259.87,263.15,2763346
2026-02-13 14:00:00+00:00,263.25,263.46,258.56,259.09,6662975
2026-02-13 15:00:00+00:00,259.07,261.25,258.13,259.15,5800748
2026-02-13 16:00:00+00:00,259.19,259.54,258.36,258.94,3797028
2026-02-13 17:00:00+00:00,258.96,260.03,258.65,258.81,3428935
2026-02-13 18:00:00+00:00,258.81,259.25,258.34,258.46,3400671
2026-02-13 19:00:00+00:00,258.46,258.78,257.69,257.87,3416253
2026-02-13 20:00:00+00:00,257.87,258.3,255.21,255.55,12648764
2026-02-13 21:00:00+00:00,255.54,255.54,254.73,255.26,14089779
2026-02-13 22:00:00+00:00,255.27,255.36,255.11,255.36,43545
2026-02-13 23:00:00+00:00,255.26,255.34,255.1,255.1,74238
2026-02-14 00:00:00+00:00,255.1,255.21,255.06,255.07,28961
2026-02-17 09:00:00+00:00,255.14,255.14,254.57,254.98,14845
2026-02-17 10:00:00+00:00,255.05,255.14,254.58,254.58,9046
2026-02-17 11:00:00+00:00,254.65,255.1,254.43,255.02,12108
2026-02-17 12:00:00+00:00,255.14,255.31,254.61,254.62,55992
2026-02-17 13:00:00+00:00,254.27,256.59,253.58,255.84,220574
2026-02-17 14:00:00+00:00,255.73,259.48,255.3,258.36,6893186
2026-02-17 15:00:00+00:00,258.35,261.15,258.2,258.91,6431220
2026-02-17 16:00:00+00:00,258.88,261.49,258.5,261.23,4186267
2026-02-17 17:00:00+00:00,261.2,262.5,260.67,262.04,4818908
2026-02-17 18:00:00+00:00,262.04,265.87,261.83,265.59,5556148
2026-02-17 19:00:00+00:00,265.56,266.04,264.75,264.95,4248190
2026-02-17 20:00:00+00:00,264.96,265.3,262.26,263.51,8077828
2026-02-17 21:00:00+00:00,263.63,264.74,262.33,264.56,17542691
2026-02-17 22:00:00+00:00,264.7,264.85,264.4,264.8,202789
2026-02-17 23:00:00+00:00,264.8,265.04,263.92,264.02,61576
2026-02-18 00:00:00+00:00,264.02,264.47,263.76,264.13,33439
2026-02-18 09:00:00+00:00,264.86,265.46,264.81,264.81,24917
2026-02-18 10:00:00+00:00,265.04,265.04,264.73,264.73,4501
2026-02-18 11:00:00+00:00,264.85,265.0,264.54,264.56,13231
2026-02-18 12:00:00+00:00,264.69,264.84,263.57,263.91,44245
2026-02-18 13:00:00+00:00,264.76,265.67,263.02,263.19,2499185
2026-02-18 14:00:00+00:00,263.21,264.68,262.21,263.92,4600148
2026-02-18 15:00:00+00:00,263.95,265.71,263.46,264.92,4750542
2026-02-18 16:00:00+00:00,264.91,266.57,264.86,264.92,3047155
2026-02-18 17:00:00+00:00,264.96,265.76,264.75,265.02,1880857
2026-02-18 18:00:00+00:00,265.01,265.72,264.5,264.85,1815647
2026-02-18 19:00:00+00:00,264.84,264.86,263.33,263.5,1858937
2026-02-18 20:00:00+00:00,263.56,265.29,262.96,264.0,5760784
2026-02-18 21:00:00+00:00,264.01,264.11,263.26,263.6,7277342
2026-02-18 22:00:00+00:00,263.51,263.76,263.46,263.71,25456
2026-02-18 23:00:00+00:00,263.71,264.06,263.16,263.26,41899
2026-02-19 00:00:00+00:00,263.28,263.33,262.76,263.05,47567
2026-02-19 09:00:00+00:00,263.37,264.06,262.51,262.96,14480
2026-02-19 10:00:00+00:00,262.78,262.93,262.22,262.45,15752
2026-02-19 11:00:00+00:00,262.45,262.71,262.24,262.44,12568
2026-02-19 12:00:00+00:00,262.54,262.97,262.17,262.75,24440
2026-02-19 13:00:00+00:00,263.66,263.66,262.01,262.61,741348
2026-02-19 14:00:00+00:00,262.68,264.11,261.78,263.54,3146198
2026-02-19 15:00:00+00:00,263.53,263.9,262.52,263.59,3248910
2026-02-19 16:00:00+00:00,263.59,264.24,262.73,262.88,2476071
2026-02-19 17:00:00+00:00,262.9,263.29,261.75,261.84,1938551
2026-02-19 18:00:00+00:00,261.83,262.13,261.17,262.1,1763337
2026-02-19 19:00:00+00:00,262.07,262.08,260.03,260.17,2229994
2026-02-19 20:00:00+00:00,260.16,261.06,259.81,260.27,5559582
2026-02-19 21:00:00+00:00,260.34,260.34,259.09,260.11,7554279
2026-02-19 22:00:00+00:00,260.11,260.34,260.06,260.27,18152
2026-02-19 23:00:00+00:00,260.31,260.95,260.21,260.86,83360
2026-02-20 00:00:00+00:00,260.75,261.45,260.61,261.14,45079
2026-02-20 09:00:00+00:00,261.11,261.34,260.76,260.76,11136
2026-02-20 10:00:00+00:00,260.68,260.9,260.63,260.65,7851
2026-02-20 11:00:00+00:00,260.46,260.46,259.53,259.53,16652
2026-02-20 12:00:00+00:00,259.71,259.77,259.12,259.6,34593
2026-02-20 13:00:00+00:00,259.35,261.3,258.46,259.01,157404
2026-02-20 14:00:00+00:00,259.04,260.01,257.92,259.36,5304211
2026-02-20 15:00:00+00:00,259.45,263.02,259.26,262.31,5743919
2026-02-20 16:00:00+00:00,262.33,264.51,260.99,264.03,5925186
2026-02-20 17:00:00+00:00,264.05,264.3,261.3,262.88,4210520
2026-02-20 18:00:00+00:00,262.86,264.51,262.8,263.99,3044649
2026-02-20 19:00:00+00:00,263.99,264.47,263.36,263.93,2375284
2026-02-20 20:00:00+00:00,263.94,264.51,262.85,264.35,5230051
2026-02-20 21:00:00+00:00,264.36,264.6,264.07,264.3,8720818
2026-02-20 22:00:00+00:00,264.28,264.33,264.07,264.2,1150276
2026-02-20 23:00:00+00:00,264.11,264.26,263.94,264.18,9376
2026-02-21 00:00:00+00:00,264.1,264.26,264.07,264.16,13921
2026-02-23 09:00:00+00:00,263.93,263.93,263.24,263.6,15570
2026-02-23 10:00:00+00:00,263.11,263.29,262.74,263.15,5496
2026-02-23 11:00:00+00:00,263.15,263.3,262.79,262.86,5975
2026-02-23 12:00:00+00:00,263.16,263.36,262.26,262.32,29492
2026-02-23 13:00:00+00:00,263.76,264.34,261.94,262.38,119328
2026-02-23 14:00:00+00:00,262.44,266.61,262.21,264.68,4183545
2026-02-23 15:00:00+00:00,264.67,267.49,264.32,266.55,5410564
2026-02-23 16:00:00+00:00,266.6,266.62,264.51,265.82,4074884
2026-02-23 17:00:00+00:00,265.82,268.04,265.73,267.9,3229232
2026-02-23 18:00:00+00:00,267.91,269.18,267.76,267.82,3869021
2026-02-23 19:00:00+00:00,267.82,267.89,266.19,266.38,3281107
2026-02-23 20:00:00+00:00,266.38,266.95,265.75,266.14,5300388
2026-02-23 21:00:00+00:00,265.93,266.74,265.93,266.55,7740910
2026-02-23 22:00:00+00:00,266.55,266.62,266.29,266.53,4978
2026-02-23 23:00:00+00:00,266.62,267.31,266.52,266.76,22683
2026-02-24 00:00:00+00:00,266.71,267.5,266.62,267.24,27062
2026-02-24 09:00:00+00:00,266.75,266.76,266.09,266.6,7763
2026-02-24 10:00:00+00:00,266.73,266.86,266.62,266.62,7234
2026-02-24 11:00:00+00:00,266.7,266.7,266.36,266.45,5969
2026-02-24 12:00:00+00:00,266.74,267.39,266.56,267.11,21250
2026-02-24 13:00:00+00:00,266.95,267.64,266.06,267.25,186234
2026-02-24 14:00:00+00:00,267.36,274.64,266.68,273.81,8163966
2026-02-24 15:00:00+00:00,273.79,274.42,272.11,273.7,6388870
2026-02-24 16:00:00+00:00,273.7,274.57,272.17,272.21,5395393
2026-02-24 17:00:00+00:00,272.21,272.62,271.57,272.04,3151656
2026-02-24 18:00:00+00:00,272.05,272.44,271.12,271.71,2892580
2026-02-24 19:00:00+00:00,271.7,272.5,271.49,272.38,2487126
2026-02-24 20:00:00+00:00,272.4,272.42,271.13,271.92,5167413
2026-02-24 21:00:00+00:00,271.89,271.96,271.15,271.29,12977231
2026-02-24 22:00:00+00:00,271.23,271.89,271.05,271.25,239244
2026-02-24 23:00:00+00:00,271.15,271.55,270.86,271.09,18992
2026-02-25 00:00:00+00:00,271.36,272.56,271.15,272.35,40152
2026-02-25 09:00:00+00:00,271.75,271.75,270.84,271.23,13588
2026-02-25 10:00:00+00:00,271.34,271.48,271.26,271.41,4013
2026-02-25 11:00:00+00:00,271.3,271.3,271.14,271.25,5527
2026-02-25 12:00:00+00:00,271.27,271.55,270.9,270.95,35147
2026-02-25 13:00:00+00:00,271.51,272.15,270.25,270.35,594812
2026-02-25 14:00:00+00:00,270.44,273.75,270.3,273.68,4659338
2026-02-25 15:00:00+00:00,273.69,273.83,272.09,273.29,3498158
2026-02-25 16:00:00+00:00,273.29,274.34,272.71,273.16,3100957
2026-02-25 17:00:00+00:00,273.15,274.18,272.96,273.96,2162390
2026-02-25 18:00:00+00:00,273.97,274.5,273.71,274.36,2069456
2026-02-25 19:00:00+00:00,274.37,274.69,273.01,273.04,2401705
2026-02-25 20:00:00+00:00,273.02,274.52,272.96,273.93,5025814
2026-02-25 21:00:00+00:00,273.95,274.05,273.43,273.82,9468083
2026-02-25 22:00:00+00:00,273.81,274.4,273.77,274.15,383675
2026-02-25 23:00:00+00:00,274.2,275.0,273.88,273.91,88745
2026-02-26 00:00:00+00:00,273.91,274.57,273.91,273.95,15250
2026-02-26 09:00:00+00:00,273.21,273.98,273.09,273.09,23839
2026-02-26 10:00:00+00:00,273.11,274.45,273.09,273.76,17202
2026-02-26 11:00:00+00:00,273.84,273.92,273.69,273.72,9240
2026-02-26 12:00:00+00:00,273.61,274.15,273.55,273.95,14804
2026-02-26 13:00:00+00:00,273.93,274.4,272.87,274.21,87657
2026-02-26 14:00:00+00:00,274.35,275.86,272.95,273.62,4452221
2026-02-26 15:00:00+00:00,273.64,273.9,270.56,270.72,5298615
2026-02-26 16:00:00+00:00,270.73,272.54,270.55,271.68,2748181
2026-02-26 17:00:00+00:00,271.69,271.95,270.69,270.94,1633220
2026-02-26 18:00:00+00:00,270.92,271.94,270.6,271.93,2721319
2026-02-26 19:00:00+00:00,271.91,273.25,270.97,272.77,3097415
2026-02-26 20:00:00+00:00,272.76,273.16,271.95,272.75,3866786
2026-02-26 21:00:00+00:00,272.75,273.55,272.37,273.55,7831539
2026-02-26 22:00:00+00:00,272.94,273.17,271.35,271.88,350137
2026-02-26 23:00:00+00:00,271.77,272.2,271.1,271.25,126304
2026-02-27 00:00:00+00:00,271.41,271.89,271.05,271.45,22594
2026-02-27 09:00:00+00:00,271.78,272.11,271.74,271.83,9448
2026-02-27 10:00:00+00:00,271.8,271.83,271.27,271.63,2455
2026-02-27 11:00:00+00:00,271.41,271.69,271.16,271.69,3802
2026-02-27 12:00:00+00:00,271.75,272.31,271.5,272.13,33916
2026-02-27 13:00:00+00:00,272.55,272.85,271.32,271.96,103287
2026-02-27 14:00:00+00:00,272.53,272.93,268.51,270.39,5082929
2026-02-27 15:00:00+00:00,270.47,271.15,267.95,268.66,5267513
2026-02-27 16:00:00+00:00,268.64,269.39,267.96,268.38,3126001
2026-02-27 17:00:00+00:00,268.38,268.95,266.61,266.84,3157756
2026-02-27 18:00:00+00:00,266.83,267.21,265.61,265.92,2876807
2026-02-27 19:00:00+00:00,265.93,266.24,265.02,265.11,3395221
2026-02-27 20:00:00+00:00,265.13,266.65,262.65,263.93,15496903
2026-02-27 21:00:00+00:00,263.93,263.97,263.28,263.51,33364598
2026-02-27 22:00:00+00:00,263.51,263.94,263.37,263.49,163337
2026-02-27 23:00:00+00:00,263.43,263.67,263.32,263.41,101560
2026-02-28 00:00:00+00:00,263.36,263.41,263.06,263.31,24398
2026-03-02 09:00:00+00:00,260.66,261.3,260.16,260.9,51767
2026-03-02 10:00:00+00:00,261.16,261.55,260.52,260.76,32224
2026-03-02 11:00:00+00:00,260.97,262.25,260.78,261.46,26426
2026-03-02 12:00:00+00:00,261.6,261.76,260.91,260.91,72987
2026-03-02 13:00:00+00:00,261.37,263.94,259.08,261.26,2138658
2026-03-02 14:00:00+00:00,261.26,263.94,259.96,262.91,4777521
2026-03-02 15:00:00+00:00,262.88,264.35,261.76,262.47,4391751
2026-03-02 16:00:00+00:00,262.47,265.7,262.36,265.66,3638043
2026-03-02 17:00:00+00:00,265.64,265.95,265.2,265.86,2507596
2026-03-02 18:00:00+00:00,265.88,266.04,264.12,264.4,2071015
2026-03-02 19:00:00+00:00,264.38,266.28,264.16,265.53,2841253
2026-03-02 20:00:00+00:00,265.55,265.72,263.37,264.36,7712448
2026-03-02 21:00:00+00:00,264.34,264.82,263.72,264.81,11571475
2026-03-02 22:00:00+00:00,264.71,264.9,264.66,264.66,51046
2026-03-02 23:00:00+00:00,264.66,264.77,263.88,264.26,28727
2026-03-03 00:00:00+00:00,264.26,264.36,263.51,264.01,29555
2026-03-03 09:00:00+00:00,261.18,262.65,261.18,261.36,60201
2026-03-03 10:00:00+00:00,261.36,261.66,260.46,260.87,39005
2026-03-03 11:00:00+00:00,260.9,262.3,260.48,261.92,52183
2026-03-03 12:00:00+00:00,261.92,263.64,261.83,263.35,91854
2026-03-03 13:00:00+00:00,261.34,263.42,260.37,262.4,233425
2026-03-03 14:00:00+00:00,262.45,265.32,260.97,262.07,4778531
2026-03-03 15:00:00+00:00,262.05,264.53,261.67,262.18,4951343
2026-03-03 16:00:00+00:00,262.16,263.55,261.87,262.35,3480140
2026-03-03 17:00:00+00:00,262.39,262.69,259.89,260.49,3074079
2026-03-03 18:00:00+00:00,260.52,262.86,260.26,262.16,2610094
2026-03-03 19:00:00+00:00,262.19,264.4,261.99,263.05,2984832
2026-03-03 20:00:00+00:00,263.07,263.72,262.1,263.45,5275437
2026-03-03 21:00:00+00:00,263.46,263.76,263.36,263.44,10509291
2026-03-03 22:00:00+00:00,263.36,263.51,263.36,263.46,284835
2026-03-03 23:00:00+00:00,263.46,264.09,263.26,263.26,117618
2026-03-04 00:00:00+00:00,263.04,264.63,262.94,263.36,77261
2026-03-04 09:00:00+00:00,262.63,263.25,262.39,262.79,18746
2026-03-04 10:00:00+00:00,262.79,263.73,262.72,262.92,21549
2026-03-04 11:00:00+00:00,263.19,263.38,262.08,262.4,24604
2026-03-04 12:00:00+00:00,262.5,262.96,262.06,262.56,35631
2026-03-04 13:00:00+00:00,262.76,263.76,262.06,263.26,134958
2026-03-04 14:00:00+00:00,263.35,265.91,261.18,262.26,4492329
2026-03-04 15:00:00+00:00,262.28,264.33,261.47,263.81,4338189
2026-03-04 16:00:00+00:00,263.82,265.27,263.13,264.49,3397411
2026-03-04 17:00:00+00:00,264.51,265.17,263.93,264.38,2549753
2026-03-04 18:00:00+00:00,264.37,264.55,262.82,263.02,2967149
2026-03-04 19:00:00+00:00,263.02,263.44,262.78,262.98,3233723
2026-03-04 20:00:00+00:00,262.99,263.22,261.82,262.21,6688236
2026-03-04 21:00:00+00:00,262.28,263.0,261.86,262.46,11710978
2026-03-04 22:00:00+00:00,262.48,262.62,262.28,262.29,29846
2026-03-04 23:00:00+00:00,262.29,262.66,262.01,262.56,21835
2026-03-05 00:00:00+00:00,262.48,263.02,262.41,262.47,35136
2026-03-05 09:00:00+00:00,262.27,262.71,261.61,261.7,38657
2026-03-05 10:00:00+00:00,261.68,261.89,261.34,261.34,23297
2026-03-05 11:00:00+00:00,261.58,263.31,261.41,262.37,68853
2026-03-05 12:00:00+00:00,262.6,262.62,261.3,261.71,45380
2026-03-05 13:00:00+00:00,261.96,263.13,260.91,261.73,933613
2026-03-05 14:00:00+00:00,261.45,261.96,258.62,259.67,4877534
2026-03-05 15:00:00+00:00,259.69,260.98,257.84,260.76,6220376
2026-03-05 16:00:00+00:00,260.77,261.26,259.26,260.45,4242170
2026-03-05 17:00:00+00:00,260.46,261.31,258.26,258.48,3829006
2026-03-05 18:00:00+00:00,258.48,259.25,257.61,257.98,3310115
2026-03-05 19:00:00+00:00,257.96,258.32,257.01,257.54,3097834
2026-03-05 20:00:00+00:00,257.53,260.35,257.16,260.01,9461256
2026-03-05 21:00:00+00:00,259.97,260.05,258.56,259.27,11438139
2026-03-05 22:00:00+00:00,259.2,259.21,259.11,259.12,11025
2026-03-05 23:00:00+00:00,259.11,262.28,259.11,259.9,70002
2026-03-06 00:00:00+00:00,259.95,260.41,259.81,260.01,38089
2026-03-06 09:00:00+00:00,259.76,259.76,258.8,258.92,8893
2026-03-06 10:00:00+00:00,259.2,259.2,258.99,259.17,11523
2026-03-06 11:00:00+00:00,259.01,259.1,258.43,258.62,13390
2026-03-06 12:00:00+00:00,258.76,258.76,258.02,258.16,36429
2026-03-06 13:00:00+00:00,259.8,260.73,256.76,257.05,1032619
2026-03-06 14:00:00+00:00,256.91,258.53,254.14,255.65,4880980
2026-03-06 15:00:00+00:00,255.65,257.33,254.96,257.27,4612396
2026-03-06 16:00:00+00:00,257.28,257.71,256.2,256.53,3303719
2026-03-06 17:00:00+00:00,256.56,257.01,255.82,256.12,2558410
2026-03-06 18:00:00+00:00,256.12,257.35,255.67,256.1,2288446
2026-03-06 19:00:00+00:00,256.11,257.45,256.07,257.33,2036071
2026-03-06 20:00:00+00:00,257.36,257.77,256.2,257.2,6891859
2026-03-06 21:00:00+00:00,257.15,257.22,256.26,256.63,9668881
2026-03-06 22:00:00+00:00,256.81,257.21,256.51,256.7,460304
2026-03-06 23:00:00+00:00,256.76,257.01,256.51,256.59,8325
2026-03-07 00:00:00+00:00,256.75,256.76,256.41,256.76,8341
2026-03-09 08:00:00+00:00,252.74,254.48,252.61,254.3,37122
2026-03-09 09:00:00+00:00,254.37,255.7,254.12,255.22,21820
2026-03-09 10:00:00+00:00,255.2,255.2,254.55,254.55,13208
2026-03-09 11:00:00+00:00,254.77,255.41,254.77,255.06,25046
2026-03-09 12:00:00+00:00,253.77,255.97,253.09,255.1,150472
2026-03-09 13:00:00+00:00,254.96,256.78,253.45,255.47,4772720
2026-03-09 14:00:00+00:00,255.43,257.64,255.26,257.1,4422366
2026-03-09 15:00:00+00:00,257.08,257.94,256.69,257.21,3311582
2026-03-09 16:00:00+00:00,257.22,258.03,256.91,257.49,2543033
2026-03-09 17:00:00+00:00,257.53,257.53,255.71,255.89,2426175
2026-03-09 18:00:00+00:00,255.89,257.61,255.86,257.21,2939945
2026-03-09 19:00:00+00:00,257.21,260.91,256.8,259.65,7464512
2026-03-09 20:00:00+00:00,259.65,260.76,258.82,259.21,10042783
2026-03-09 21:00:00+00:00,259.17,259.64,259.06,259.16,62036
2026-03-09 22:00:00+00:00,259.16,259.46,258.42,258.91,42496
2026-03-09 23:00:00+00:00,258.83,259.19,258.42,258.76,40212
2026-03-10 08:00:00+00:00,260.16,261.02,260.16,260.45,24001
2026-03-10 09:00:00+00:00,260.53,260.76,260.36,260.36,15849
2026-03-10 10:00:00+00:00,260.4,260.4,259.91,260.11,7345
2026-03-10 11:00:00+00:00,260.04,260.24,258.99,258.99,35396
2026-03-10 12:00:00+00:00,260.25,261.23,258.27,259.16,106014
2026-03-10 13:00:00+00:00,259.16,259.68,256.71,257.73,3386856
2026-03-10 14:00:00+00:00,257.7,261.29,257.31,261.09,3323895
2026-03-10 15:00:00+00:00,261.06,261.54,260.76,261.27,2509457
2026-03-10 16:00:00+00:00,261.26,261.74,260.58,260.91,2603090
2026-03-10 17:00:00+00:00,260.93,262.24,260.87,262.02,2751169
2026-03-10 18:00:00+00:00,262.04,262.13,260.23,261.08,2797819
2026-03-10 19:00:00+00:00,261.1,261.36,260.11,260.48,4488765
2026-03-10 20:00:00+00:00,260.59,261.25,260.59,260.66,6657089
2026-03-10 21:00:00+00:00,260.66,260.9,260.59,260.87,1949531
2026-03-10 22:00:00+00:00,260.84,260.88,260.28,260.47,21426
2026-03-10 23:00:00+00:00,260.47,261.09,260.47,261.04,13980
2026-03-11 08:00:00+00:00,260.8,260.96,260.41,260.41,4979
2026-03-11 09:00:00+00:00,260.42,260.53,260.25,260.35,3831
2026-03-11 10:00:00+00:00,260.25,260.96,260.25,260.84,3160
2026-03-11 11:00:00+00:00,260.87,261.15,260.39,260.52,10557
2026-03-11 12:00:00+00:00,260.78,261.36,259.76,260.01,65610
2026-03-11 13:00:00+00:00,260.11,261.78,259.97,261.04,2325407
2026-03-11 14:00:00+00:00,261.04,261.89,259.31,260.48,3239825
2026-03-11 15:00:00+00:00,260.51,260.72,259.61,260.39,2479575
2026-03-11 16:00:00+00:00,260.41,260.96,259.89,260.46,1568895
2026-03-11 17:00:00+00:00,260.44,260.9,259.39,260.27,1849938
2026-03-11 18:00:00+00:00,260.24,260.36,259.52,259.96,1583989
2026-03-11 19:00:00+00:00,259.95,260.86,259.57,260.57,4044065
2026-03-11 20:00:00+00:00,260.54,260.99,259.92,260.29,8723169
2026-03-11 21:00:00+00:00,260.29,260.46,259.96,260.4,16238
2026-03-11 22:00:00+00:00,260.01,260.25,258.86,259.43,61927
2026-03-11 23:00:00+00:00,259.27,259.4,258.27,259.01,39005
2026-03-12 08:00:00+00:00,259.89,260.24,259.64,259.84,14219
2026-03-12 09:00:00+00:00,259.95,260.45,259.62,260.41,17007
2026-03-12 10:00:00+00:00,260.52,260.55,260.16,260.41,7673
2026-03-12 11:00:00+00:00,260.2,260.61,259.97,260.04,13312
2026-03-12 12:00:00+00:00,259.93,260.56,258.73,260.02,102431
2026-03-12 13:00:00+00:00,260.01,260.25,255.1,255.23,4500999
2026-03-12 14:00:00+00:00,255.2,256.15,254.12,254.67,4718415
2026-03-12 15:00:00+00:00,254.67,255.41,253.95,254.86,3854829
2026-03-12 16:00:00+00:00,254.91,256.01,254.61,255.01,3421388
2026-03-12 17:00:00+00:00,255.02,255.47,254.54,255.09,2683099
2026-03-12 18:00:00+00:00,255.1,255.44,254.66,254.94,2671633
2026-03-12 19:00:00+00:00,254.94,256.01,254.74,255.51,6581471
2026-03-12 20:00:00+00:00,255.51,256.05,255.26,255.86,12115103
2026-03-12 21:00:00+00:00,255.96,256.16,255.75,255.77,27090
2026-03-12 22:00:00+00:00,255.91,256.31,255.76,255.96,47262
2026-03-12 23:00:00+00:00,255.97,256.35,255.52,255.71,30655
2026-03-13 08:00:00+00:00,255.17,255.33,254.58,255.33,4509
2026-03-13 09:00:00+00:00,255.42,255.78,255.36,255.59,2731
2026-03-13 10:00:00+00:00,255.78,256.46,255.78,256.28,8294
2026-03-13 11:00:00+00:00,256.44,256.46,256.1,256.39,16891
2026-03-13 12:00:00+00:00,256.46,256.71,254.37,256.38,94389
2026-03-13 13:00:00+00:00,256.41,256.51,254.6,255.57,3208352
2026-03-13 14:00:00+00:00,255.59,255.71,253.46,253.6,3920720
2026-03-13 15:00:00+00:00,253.61,254.17,251.62,251.87,3701823
2026-03-13 16:00:00+00:00,251.88,252.74,251.15,251.19,3314371
2026-03-13 17:00:00+00:00,251.2,251.7,250.67,251.05,3597639
2026-03-13 18:00:00+00:00,251.06,251.62,250.55,250.88,2432315
2026-03-13 19:00:00+00:00,250.87,250.95,249.29,249.88,8464470
2026-03-13 20:00:00+00:00,249.89,249.89,249.02,249.47,8039482
2026-03-13 21:00:00+00:00,249.67,249.74,249.47,249.67,21754
2026-03-13 22:00:00+00:00,249.53,249.85,249.53,249.68,17347
2026-03-13 23:00:00+00:00,249.69,249.72,249.52,249.53,17584
2026-03-16 08:00:00+00:00,250.57,250.96,250.28,250.38,13991
2026-03-16 09:00:00+00:00,250.32,250.42,250.15,250.15,8186
2026-03-16 10:00:00+00:00,250.35,251.56,250.35,251.13,17902
2026-03-16 11:00:00+00:00,251.01,251.01,250.62,250.77,36782
2026-03-16 12:00:00+00:00,250.27,251.77,249.27,251.12,192751
2026-03-16 13:00:00+00:00,251.2,252.98,249.65,252.85,4280333
2026-03-16 14:00:00+00:00,252.86,253.57,252.24,253.4,4541819
2026-03-16 15:00:00+00:00,253.39,253.65,252.69,252.72,3249610
2026-03-16 16:00:00+00:00,252.72,253.06,251.97,252.34,2600058
2026-03-16 17:00:00+00:00,252.35,253.1,251.93,251.97,2027227
2026-03-16 18:00:00+00:00,251.98,252.9,251.9,252.51,2341229
2026-03-16 19:00:00+00:00,252.51,253.21,251.88,252.55,5386065
2026-03-16 20:00:00+00:00,252.57,252.75,252.27,252.42,7475096
2026-03-16 21:00:00+00:00,252.42,252.52,252.37,252.41,8179
2026-03-16 22:00:00+00:00,252.37,252.45,252.1,252.1,6553
2026-03-16 23:00:00+00:00,252.09,252.35,252.02,252.3,7138
2026-03-17 08:00:00+00:00,251.98,252.07,251.18,251.28,6401
2026-03-17 09:00:00+00:00,251.41,252.04,251.41,251.93,7546
2026-03-17 10:00:00+00:00,251.92,251.92,251.35,251.73,5536
2026-03-17 11:00:00+00:00,251.86,251.97,251.48,251.82,9589
2026-03-17 12:00:00+00:00,251.85,253.17,251.09,253.07,89737
2026-03-17 13:00:00+00:00,252.92,254.84,251.95,254.47,3409727
2026-03-17 14:00:00+00:00,254.46,254.72,253.56,254.16,2674367
2026-03-17 15:00:00+00:00,254.15,254.45,253.42,254.18,2085167
2026-03-17 16:00:00+00:00,254.2,254.9,253.83,253.85,2962644
2026-03-17 17:00:00+00:00,253.86,254.38,253.33,254.27,2528193
2026-03-17 18:00:00+00:00,254.28,254.4,253.56,253.64,2100224
2026-03-17 19:00:00+00:00,253.65,254.36,252.9,254.0,4132015
2026-03-17 20:00:00+00:00,254.0,254.24,253.52,253.77,8716575
2026-03-17 21:00:00+00:00,253.73,254.0,253.72,253.82,30804
2026-03-17 22:00:00+00:00,253.85,253.85,253.55,253.74,7120
2026-03-17 23:00:00+00:00,253.76,253.87,253.68,253.86,6320
2026-03-18 08:00:00+00:00,254.77,254.88,254.7,254.77,6343
2026-03-18 09:00:00+00:00,254.83,254.98,254.67,254.67,6837
2026-03-18 10:00:00+00:00,254.68,255.09,254.68,254.9,12123
2026-03-18 11:00:00+00:00,254.83,254.99,254.45,254.81,19385
2026-03-18 12:00:00+00:00,254.78,255.42,252.77,252.77,106483
2026-03-18 13:00:00+00:00,252.85,254.71,251.15,253.2,2852771
2026-03-18 14:00:00+00:00,253.22,253.58,251.85,252.29,2986106
2026-03-18 15:00:00+00:00,252.28,252.83,251.27,251.54,3287724
2026-03-18 16:00:00+00:00,251.53,251.77,250.47,250.74,2689076
2026-03-18 17:00:00+00:00,250.72,251.18,250.16,251.1,1941301
2026-03-18 18:00:00+00:00,251.1,251.45,249.64,249.65,2782365
2026-03-18 19:00:00+00:00,249.65,250.3,248.77,249.68,6636378
2026-03-18 20:00:00+00:00,249.71,249.86,248.77,249.38,11469759
2026-03-18 21:00:00+00:00,249.21,250.27,249.21,249.97,1051741
2026-03-18 22:00:00+00:00,249.97,250.02,249.31,249.83,24027
2026-03-18 23:00:00+00:00,249.69,250.15,249.63,249.76,19529
2026-03-19 08:00:00+00:00,249.67,250.04,249.17,250.04,13938
2026-03-19 09:00:00+00:00,249.97,251.29,249.78,251.29,41958
2026-03-19 10:00:00+00:00,251.29,251.44,250.58,250.86,11506
2026-03-19 11:00:00+00:00,250.58,251.0,250.15,250.97,40166
2026-03-19 12:00:00+00:00,249.64,251.47,248.89,249.77,422072
2026-03-19 13:00:00+00:00,249.68,251.6,247.07,250.55,5298839
2026-03-19 14:00:00+00:00,250.57,250.95,249.12,249.64,3691508
2026-03-19 15:00:00+00:00,249.63,250.04,248.81,249.39,2681963
2026-03-19 16:00:00+00:00,249.39,249.72,247.64,247.81,2630037
2026-03-19 17:00:00+00:00,247.8,248.31,247.48,247.73,2197910
2026-03-19 18:00:00+00:00,247.73,248.35,247.44,248.2,2421207
2026-03-19 19:00:00+00:00,248.2,249.36,247.94,248.68,6537009
2026-03-19 20:00:00+00:00,248.66,249.16,248.61,248.98,8715998
2026-03-19 21:00:00+00:00,249.07,249.37,248.97,249.27,234094
2026-03-19 22:00:00+00:00,249.27,249.67,249.27,249.58,31233
2026-03-19 23:00:00+00:00,249.57,249.67,249.32,249.61,24145
2026-03-20 08:00:00+00:00,249.58,249.58,248.9,248.92,7645
2026-03-20 09:00:00+00:00,248.89,248.92,247.32,247.67,37214
2026-03-20 10:00:00+00:00,247.52,247.87,246.97,247.73,48163
2026-03-20 11:00:00+00:00,247.93,248.07,247.27,247.48,45538
2026-03-20 12:00:00+00:00,249.25,249.27,246.69,247.37,157113
2026-03-20 13:00:00+00:00,247.49,248.53,246.38,247.45,13329697
2026-03-20 14:00:00+00:00,247.43,248.62,246.59,247.96,5004794
2026-03-20 15:00:00+00:00,247.97,248.7,247.55,248.61,5469117
2026-03-20 16:00:00+00:00,248.62,248.83,247.85,248.21,3038174
2026-03-20 17:00:00+00:00,248.23,248.56,247.3,247.94,2892196
2026-03-20 18:00:00+00:00,247.95,248.53,247.36,248.22,3100019
2026-03-20 19:00:00+00:00,248.22,248.97,245.77,247.96,8682366
2026-03-20 20:00:00+00:00,247.96,249.09,247.38,248.84,42395396
2026-03-20 21:00:00+00:00,248.76,250.75,248.29,249.55,244907
2026-03-20 22:00:00+00:00,249.47,249.77,249.12,249.72,51523
2026-03-20 23:00:00+00:00,249.72,249.72,249.32,249.57,29481
2026-03-23 08:00:00+00:00,245.37,247.41,245.37,247.41,61914
2026-03-23 09:00:00+00:00,247.3,247.63,246.77,247.18,38078
2026-03-23 10:00:00+00:00,246.99,247.52,246.86,247.08,39869
2026-03-23 11:00:00+00:00,247.16,254.77,247.11,250.75,419318
2026-03-23 12:00:00+00:00,247.2,254.77,244.96,253.38,857114
2026-03-23 13:00:00+00:00,253.43,254.37,251.13,251.81,5382624
2026-03-23 14:00:00+00:00,251.84,252.77,250.79,251.87,4295359
2026-03-23 15:00:00+00:00,251.89,252.7,251.33,251.35,4448211
2026-03-23 16:00:00+00:00,251.32,252.18,250.43,250.81,3309972
2026-03-23 17:00:00+00:00,250.81,251.72,250.05,251.64,2456395
2026-03-23 18:00:00+00:00,251.64,252.2,250.96,252.09,2815305
2026-03-23 19:00:00+00:00,252.09,252.29,250.74,251.21,5779046
2026-03-23 20:00:00+00:00,251.2,251.54,250.88,251.3,10370076
2026-03-23 21:00:00+00:00,251.34,251.55,251.3,251.33,7405
2026-03-23 22:00:00+00:00,251.32,252.09,250.97,252.08,31506
2026-03-23 23:00:00+00:00,251.98,252.14,251.12,251.74,20789
2026-03-24 08:00:00+00:00,251.57,251.75,250.78,251.26,10340
2026-03-24 09:00:00+00:00,251.0,251.24,250.97,251.24,3383
2026-03-24 10:00:00+00:00,251.33,251.42,251.17,251.27,2086
2026-03-24 11:00:00+00:00,251.34,251.56,250.54,251.16,22551
2026-03-24 12:00:00+00:00,252.1,252.1,249.77,250.37,100641
2026-03-24 13:00:00+00:00,250.48,251.94,249.32,251.42,2959874
2026-03-24 14:00:00+00:00,251.41,253.08,251.36,251.88,4069320
2026-03-24 15:00:00+00:00,251.87,254.46,251.82,253.65,3714716
2026-03-24 16:00:00+00:00,253.65,254.59,253.14,253.42,2664791
2026-03-24 17:00:00+00:00,253.4,253.61,252.06,252.98,2502094
2026-03-24 18:00:00+00:00,252.98,253.27,251.99,252.19,2337520
2026-03-24 19:00:00+00:00,252.19,252.93,250.99,251.52,4599583
2026-03-24 20:00:00+00:00,251.52,255.06,251.01,253.27,19208151
2026-03-24 21:00:00+00:00,253.17,253.47,252.27,253.22,2584161
2026-03-24 22:00:00+00:00,253.27,254.21,252.83,253.65,38710
2026-03-24 23:00:00+00:00,253.59,253.74,252.89,253.11,16600
2026-03-25 08:00:00+00:00,253.07,254.02,253.07,253.28,15424
2026-03-25 09:00:00+00:00,253.07,253.33,252.7,253.17,6410
2026-03-25 10:00:00+00:00,253.34,253.42,253.05,253.32,14306
2026-03-25 11:00:00+00:00,253.32,254.22,253.28,253.92,29015
2026-03-25 12:00:00+00:00,253.07,254.63,252.38,253.94,208040
2026-03-25 13:00:00+00:00,254.17,254.77,251.59,251.65,3270302
2026-03-25 14:00:00+00:00,251.66,253.44,251.37,253.19,3276309
2026-03-25 15:00:00+00:00,253.19,254.23,252.75,253.27,3245223
2026-03-25 16:00:00+00:00,253.28,254.42,252.86,254.01,2134065
2026-03-25 17:00:00+00:00,253.99,254.28,253.51,253.74,2029268
2026-03-25 18:00:00+00:00,253.73,254.02,252.47,252.57,2061406
2026-03-25 19:00:00+00:00,252.55,252.83,251.78,252.38,4282755
2026-03-25 20:00:00+00:00,252.34,253.06,252.34,252.57,7334843
2026-03-25 21:00:00+00:00,252.57,252.62,252.39,252.42,15681
2026-03-25 22:00:00+00:00,252.38,252.42,252.09,252.39,13965
2026-03-25 23:00:00+00:00,252.32,252.42,251.92,252.34,12762
2026-03-26 08:00:00+00:00,252.17,252.81,251.79,251.8,9201
2026-03-26 09:00:00+00:00,251.96,252.0,251.58,251.87,5172
2026-03-26 10:00:00+00:00,251.96,252.12,251.66,251.7,14568
2026-03-26 11:00:00+00:00,251.79,252.03,251.37,251.37,26808
2026-03-26 12:00:00+00:00,251.59,252.47,251.29,251.38,116947
2026-03-26 13:00:00+00:00,251.72,253.62,250.54,253.54,3282400
2026-03-26 14:00:00+00:00,253.57,256.62,253.22,256.23,7278289
2026-03-26 15:00:00+00:00,256.2,256.76,255.31,256.28,3939760
2026-03-26 16:00:00+00:00,256.28,256.47,255.32,256.03,3247879
2026-03-26 17:00:00+00:00,256.01,256.22,253.43,253.57,3659819
2026-03-26 18:00:00+00:00,253.56,254.88,253.15,254.14,4040571
2026-03-26 19:00:00+00:00,254.14,254.25,251.79,252.65,6134231
2026-03-26 20:00:00+00:00,252.67,256.36,252.65,253.77,10052956
2026-03-26 21:00:00+00:00,253.66,253.92,253.43,253.72,20049
2026-03-26 22:00:00+00:00,253.77,254.26,253.67,254.17,20944
2026-03-26 23:00:00+00:00,254.17,254.66,253.85,254.66,25358
2026-03-27 08:00:00+00:00,253.83,253.88,253.1,253.35,15041
2026-03-27 09:00:00+00:00,253.03,253.24,252.76,253.12,7256
2026-03-27 10:00:00+00:00,252.92,253.06,252.33,252.33,10013
2026-03-27 11:00:00+00:00,252.52,252.77,251.97,252.55,29087
2026-03-27 12:00:00+00:00,252.97,254.48,251.83,252.39,83154
2026-03-27 13:00:00+00:00,252.67,255.13,252.07,254.67,5506095
2026-03-27 14:00:00+00:00,254.63,255.26,251.57,253.05,7321630
2026-03-27 15:00:00+00:00,253.04,253.2,251.74,252.49,3847931
2026-03-27 16:00:00+00:00,252.5,252.67,251.46,252.19,2969225
2026-03-27 17:00:00+00:00,252.19,252.42,249.12,249.58,4174301
2026-03-27 18:00:00+00:00,249.58,249.71,248.38,248.43,4226476
2026-03-27 19:00:00+00:00,248.43,249.14,247.84,248.38,7414708
2026-03-27 20:00:00+00:00,248.38,248.57,247.27,247.52,12297204
2026-03-27 21:00:00+00:00,247.66,247.99,247.41,247.99,64457
2026-03-27 22:00:00+00:00,247.78,247.97,247.57,247.77,14655
2026-03-27 23:00:00+00:00,247.67,247.72,247.02,247.02,43075
2026-03-30 08:00:00+00:00,249.62,249.62,247.9,248.85,49311
2026-03-30 09:00:00+00:00,248.96,248.96,248.54,248.77,4494
2026-03-30 10:00:00+00:00,248.77,248.77,248.36,248.64,9816
2026-03-30 11:00:00+00:00,248.57,249.93,248.57,248.87,78153
2026-03-30 12:00:00+00:00,248.9,249.46,248.76,249.22,53892
2026-03-30 13:00:00+00:00,249.22,250.64,246.74,247.39,4316726
2026-03-30 14:00:00+00:00,247.37,248.05,245.81,246.3,3923787
2026-03-30 15:00:00+00:00,246.28,246.98,245.94,246.65,3533437
2026-03-30 16:00:00+00:00,246.61,247.2,245.73,247.09,2608703
2026-03-30 17:00:00+00:00,247.09,247.22,245.73,246.69,2978921
2026-03-30 18:00:00+00:00,246.7,246.92,245.93,246.5,2608490
2026-03-30 19:00:00+00:00,246.51,246.82,245.28,246.31,6191697
2026-03-30 20:00:00+00:00,246.4,246.4,245.78,245.78,11943276
2026-03-30 21:00:00+00:00,245.95,245.97,245.67,245.77,839358
2026-03-30 22:00:00+00:00,245.95,246.36,245.79,245.97,18886
2026-03-30 23:00:00+00:00,245.8,245.8,244.86,245.02,43086
2026-03-31 08:00:00+00:00,247.82,248.42,247.18,247.73,66563
2026-03-31 09:00:00+00:00,247.78,248.21,247.75,248.17,12402
2026-03-31 10:00:00+00:00,248.22,248.52,247.77,247.85,22906
2026-03-31 11:00:00+00:00,248.07,248.77,247.27,248.66,186401
2026-03-31 12:00:00+00:00,248.75,249.28,248.07,248.07,202362
2026-03-31 13:00:00+00:00,247.95,249.04,247.09,248.56,3651706
2026-03-31 14:00:00+00:00,248.59,248.89,246.87,247.09,3774418
2026-03-31 15:00:00+00:00,247.06,248.85,247.04,248.38,2911440
2026-03-31 16:00:00+00:00,248.38,253.12,248.26,252.9,5939712
2026-03-31 17:00:00+00:00,252.91,253.73,252.16,252.31,3543626
2026-03-31 18:00:00+00:00,252.3,253.71,252.3,253.51,2989467
2026-03-31 19:00:00+00:00,253.5,255.24,253.05,253.56,9106152
2026-03-31 20:00:00+00:00,253.12,253.8,252.0,253.17,16033973
2026-03-31 21:00:00+00:00,253.07,253.36,252.81,253.06,21506
2026-03-31 22:00:00+00:00,253.07,253.77,253.05,253.76,33500
2026-03-31 23:00:00+00:00,253.55,254.76,253.53,254.76,20211
2026-04-01 08:00:00+00:00,255.21,255.21,253.34,254.03,68595
2026-04-01 09:00:00+00:00,254.27,254.64,253.78,254.64,8146
2026-04-01 10:00:00+00:00,254.64,255.25,254.23,254.99,15174
2026-04-01 11:00:00+00:00,254.91,255.45,254.77,255.45,127913
2026-04-01 12:00:00+00:00,255.26,255.34,253.56,253.92,184242
2026-04-01 13:00:00+00:00,253.8,255.94,253.57,254.39,4231280
2026-04-01 14:00:00+00:00,254.37,254.92,253.1,253.9,4989012
2026-04-01 15:00:00+00:00,253.91,254.59,253.53,254.39,3106382
2026-04-01 16:00:00+00:00,254.39,254.73,253.86,254.37,2260509
2026-04-01 17:00:00+00:00,254.36,255.16,254.27,254.55,4557199
2026-04-01 18:00:00+00:00,254.52,254.68,253.74,254.19,2792788
2026-04-01 19:00:00+00:00,254.18,255.89,254.15,255.45,6608278
2026-04-01 20:00:00+00:00,255.48,255.87,254.88,255.09,8139314
2026-04-01 21:00:00+00:00,254.98,255.23,254.88,254.98,327273
2026-04-01 22:00:00+00:00,255.02,255.06,254.28,254.51,40495
2026-04-01 23:00:00+00:00,254.53,255.07,254.44,254.75,21001
2026-04-02 08:00:00+00:00,252.03,254.15,251.71,253.39,69470
2026-04-02 09:00:00+00:00,253.5,253.72,253.34,253.37,6108
2026-04-02 10:00:00+00:00,253.3,253.8,252.87,253.52,19891
2026-04-02 11:00:00+00:00,253.43,253.57,252.3,252.57,89184
2026-04-02 12:00:00+00:00,252.42,253.51,252.37,253.09,84051
2026-04-02 13:00:00+00:00,253.17,254.57,250.42,252.3,4075552
2026-04-02 14:00:00+00:00,252.29,255.16,250.96,255.14,4305323
2026-04-02 15:00:00+00:00,255.16,255.49,254.13,254.34,2135843
2026-04-02 16:00:00+00:00,254.34,254.77,253.77,254.19,1617483
2026-04-02 17:00:00+00:00,254.19,255.25,253.94,254.38,1511934
2026-04-02 18:00:00+00:00,254.35,255.22,254.35,255.05,3076208
2026-04-02 19:00:00+00:00,255.06,255.89,254.57,255.65,4474132
2026-04-02 20:00:00+00:00,255.63,255.7,255.02,255.21,9613262
2026-04-02 21:00:00+00:00,255.25,255.25,255.1,255.11,100189
2026-04-02 22:00:00+00:00,255.1,255.19,254.93,255.14,10967
2026-04-02 23:00:00+00:00,255.01,255.21,255.01,255.21,14820
2026-04-06 08:00:00+00:00,255.68,256.4,255.21,256.25,45127
2026-04-06 09:00:00+00:00,256.25,256.37,256.05,256.17,10839
2026-04-06 10:00:00+00:00,256.25,256.25,254.87,255.51,15829
2026-04-06 11:00:00+00:00,255.51,256.12,255.47,256.12,44376
2026-04-06 12:00:00+00:00,256.11,256.31,255.93,256.12,52020
2026-04-06 13:00:00+00:00,256.09,259.77,255.51,259.72,3465886
2026-04-06 14:00:00+00:00,259.69,261.92,258.69,259.67,5507367
2026-04-06 15:00:00+00:00,259.66,259.88,258.73,259.27,2799332
2026-04-06 16:00:00+00:00,259.28,259.39,258.47,258.76,1866150
2026-04-06 17:00:00+00:00,258.76,258.83,257.66,257.94,2038499
2026-04-06 18:00:00+00:00,257.95,259.15,257.61,258.93,1813065
2026-04-06 19:00:00+00:00,258.95,259.02,257.78,258.65,4226850
2026-04-06 20:00:00+00:00,260.76,260.76,258.14,258.47,7283810
2026-04-06 21:00:00+00:00,258.43,258.51,258.16,258.16,16917
2026-04-06 22:00:00+00:00,258.14,258.35,257.17,257.33,29580
2026-04-06 23:00:00+00:00,257.57,257.95,257.24,257.66,10431
2026-04-07 08:00:00+00:00,256.84,257.6,256.45,257.12,86531
2026-04-07 09:00:00+00:00,257.12,257.46,257.03,257.21,22758
2026-04-07 10:00:00+00:00,257.14,257.14,255.76,256.36,35544
2026-04-07 11:00:00+00:00,256.35,256.46,255.81,256.39,74852
2026-04-07 12:00:00+00:00,256.26,257.01,255.51,256.76,91120
2026-04-07 13:00:00+00:00,256.87,256.87,248.77,249.09,8272293
2026-04-07 14:00:00+00:00,249.09,249.47,245.76,245.96,9893814
2026-04-07 15:00:00+00:00,245.95,248.28,245.47,248.23,6812622
2026-04-07 16:00:00+00:00,248.24,250.16,248.24,249.8,6175734
2026-04-07 17:00:00+00:00,249.78,253.29,249.49,251.47,8167855
2026-04-07 18:00:00+00:00,251.47,251.75,249.89,250.17,3278373
2026-04-07 19:00:00+00:00,250.15,253.38,249.97,253.26,8310620
2026-04-07 20:00:00+00:00,253.18,253.55,252.54,252.74,10076969
2026-04-07 21:00:00+00:00,252.77,253.92,252.76,253.57,121236
2026-04-07 22:00:00+00:00,253.77,258.6,253.58,258.34,450349
2026-04-07 23:00:00+00:00,258.41,258.96,257.51,258.88,428403
2026-04-08 08:00:00+00:00,258.87,259.86,258.36,258.99,213787
2026-04-08 09:00:00+00:00,258.96,259.36,258.61,258.61,56716
2026-04-08 10:00:00+00:00,258.71,259.38,258.41,259.1,53793
2026-04-08 11:00:00+00:00,259.11,259.62,258.77,259.06,182158
2026-04-08 12:00:00+00:00,259.0,259.26,258.31,258.74,238366
2026-04-08 13:00:00+00:00,258.76,259.74,253.27,258.28,6260191
2026-04-08 14:00:00+00:00,258.26,259.51,257.4,258.66,5556525
2026-04-08 15:00:00+00:00,258.68,259.27,257.12,257.38,3911360
2026-04-08 16:00:00+00:00,257.38,258.45,256.86,258.19,3162586
2026-04-08 17:00:00+00:00,258.17,258.39,257.16,257.46,2616508
2026-04-08 18:00:00+00:00,257.46,257.71,256.66,257.15,2768867
2026-04-08 19:00:00+00:00,257.13,258.8,256.85,258.67,5834461
2026-04-08 20:00:00+00:00,258.71,258.91,258.16,258.53,9073902
2026-04-08 21:00:00+00:00,258.54,258.75,258.54,258.66,1194136
2026-04-08 22:00:00+00:00,258.66,258.72,258.13,258.25,22645
2026-04-08 23:00:00+00:00,258.23,258.51,258.17,258.42,11991
2026-04-09 08:00:00+00:00,258.36,258.43,257.79,258.23,31367
2026-04-09 09:00:00+00:00,258.18,258.34,258.09,258.34,4189
2026-04-09 10:00:00+00:00,258.39,258.45,258.05,258.05,24343
2026-04-09 11:00:00+00:00,258.04,258.22,257.12,257.4,67884
2026-04-09 12:00:00+00:00,257.5,257.76,257.26,257.49,36319
2026-04-09 13:00:00+00:00,257.49,259.79,255.87,255.99,3309079
2026-04-09 14:00:00+00:00,255.99,258.02,255.83,257.41,3844305
2026-04-09 15:00:00+00:00,257.41,258.47,257.12,258.45,2630647
2026-04-09 16:00:00+00:00,258.44,259.41,258.4,259.2,2176215
2026-04-09 17:00:00+00:00,259.21,260.29,259.2,259.71,2191304
2026-04-09 18:00:00+00:00,259.71,259.81,259.06,259.63,1742277
2026-04-09 19:00:00+00:00,259.63,260.88,259.59,260.15,4209567
2026-04-09 20:00:00+00:00,260.16,260.3,259.61,259.76,7827879
2026-04-09 21:00:00+00:00,259.8,259.8,259.48,259.66,12944
2026-04-09 22:00:00+00:00,259.69,259.76,259.25,259.5,7258
2026-04-09 23:00:00+00:00,259.55,259.86,259.4,259.74,26301
2026-04-10 08:00:00+00:00,260.1,260.38,259.36,259.42,28336
2026-04-10 09:00:00+00:00,259.26,260.26,259.26,259.81,18160
2026-04-10 10:00:00+00:00,260.04,260.2,259.88,260.2,7205
2026-04-10 11:00:00+00:00,259.88,260.21,258.56,258.56,79877
2026-04-10 12:00:00+00:00,258.76,259.56,258.2,258.86,159687
2026-04-10 13:00:00+00:00,258.81,260.49,258.71,260.12,3132286
2026-04-10 14:00:00+00:00,260.13,261.95,259.94,261.5,3767718
2026-04-10 15:00:00+00:00,261.51,261.58,260.5,260.64,2685058
2026-04-10 16:00:00+00:00,260.65,260.81,259.55,260.02,2397938
2026-04-10 17:00:00+00:00,260.03,260.03,258.78,259.46,2037167
2026-04-10 18:00:00+00:00,259.45,259.96,259.17,259.49,1966162
2026-04-10 19:00:00+00:00,259.49,260.3,259.05,260.14,5050354
2026-04-10 20:00:00+00:00,260.24,260.75,260.16,260.75,9979625
2026-04-10 21:00:00+00:00,260.65,260.65,260.3,260.35,55476
2026-04-10 22:00:00+00:00,260.35,260.56,260.26,260.44,18342
2026-04-10 23:00:00+00:00,260.41,260.76,260.26,260.76,20638
2026-04-13 08:00:00+00:00,258.76,259.24,258.37,258.85,41171
2026-04-13 09:00:00+00:00,258.9,259.05,258.67,258.67,7373
2026-04-13 10:00:00+00:00,258.67,258.99,258.51,258.99,15239
2026-04-13 11:00:00+00:00,259.13,259.21,258.6,258.81,39125
2026-04-13 12:00:00+00:00,258.71,259.55,258.51,259.35,67844
2026-04-13 13:00:00+00:00,259.33,259.94,256.96,257.34,3797093
2026-04-13 14:00:00+00:00,257.31,257.76,256.42,257.57,4020382
2026-04-13 15:00:00+00:00,257.58,257.64,256.62,256.78,3542137
2026-04-13 16:00:00+00:00,256.78,258.12,256.54,257.61,3048216
2026-04-13 17:00:00+00:00,257.61,257.96,257.28,257.35,1871600
2026-04-13 18:00:00+00:00,257.35,258.24,257.34,258.14,2311766
2026-04-13 19:00:00+00:00,258.13,259.34,257.35,258.97,6299418
2026-04-13 20:00:00+00:00,258.96,259.19,256.59,259.09,10251035
2026-04-13 21:00:00+00:00,259.08,259.15,258.76,258.95,24450
2026-04-13 22:00:00+00:00,258.91,259.11,258.87,258.95,1003102
2026-04-13 23:00:00+00:00,258.96,259.11,258.95,259.03,38463
2026-04-14 08:00:00+00:00,258.87,259.16,258.46,258.46,59685
2026-04-14 09:00:00+00:00,258.47,259.07,258.47,258.98,45014
2026-04-14 10:00:00+00:00,258.88,259.16,258.74,259.03,26277
2026-04-14 11:00:00+00:00,258.98,259.06,258.66,258.95,97883
2026-04-14 12:00:00+00:00,258.94,259.76,258.8,259.61,158291
2026-04-14 13:00:00+00:00,259.61,261.69,258.32,259.19,5037562
2026-04-14 14:00:00+00:00,259.18,260.14,257.43,257.6,5578220
2026-04-14 15:00:00+00:00,257.59,258.15,257.37,257.49,4495018
2026-04-14 16:00:00+00:00,257.48,259.49,256.95,259.07,4223030
2026-04-14 17:00:00+00:00,259.08,259.53,257.51,258.16,3165254
2026-04-14 18:00:00+00:00,258.17,258.73,257.69,257.77,2434432
2026-04-14 19:00:00+00:00,257.76,258.63,257.51,258.62,7131738
2026-04-14 20:00:00+00:00,258.62,258.62,258.26,258.33,15757867
2026-04-14 21:00:00+00:00,258.35,258.55,258.26,258.47,50300
2026-04-14 22:00:00+00:00,258.39,258.5,258.28,258.36,30543
2026-04-14 23:00:00+00:00,258.35,258.49,258.28,258.36,64745
2026-04-15 08:00:00+00:00,258.85,258.96,258.41,258.75,56959
2026-04-15 09:00:00+00:00,258.75,258.75,258.51,258.58,22521
2026-04-15 10:00:00+00:00,258.69,258.69,258.3,258.56,19695
2026-04-15 11:00:00+00:00,258.56,258.76,258.02,258.13,85957
2026-04-15 12:00:00+00:00,258.11,258.16,257.98,258.13,65080
2026-04-15 13:00:00+00:00,258.13,260.06,257.57,258.42,5049227
2026-04-15 14:00:00+00:00,258.4,263.08,258.36,262.7,6901950
2026-04-15 15:00:00+00:00,262.72,264.53,262.21,264.15,6313580
2026-04-15 16:00:00+00:00,264.14,265.27,264.0,265.21,5559514
2026-04-15 17:00:00+00:00,265.22,265.55,264.16,264.16,3337391
2026-04-15 18:00:00+00:00,264.15,265.62,264.06,265.4,2420184
2026-04-15 19:00:00+00:00,265.41,266.31,265.01,266.12,8221315
2026-04-15 20:00:00+00:00,266.12,266.24,265.66,266.18,11713325
2026-04-15 21:00:00+00:00,266.24,266.52,266.18,266.27,33588
2026-04-15 22:00:00+00:00,266.25,266.49,266.14,266.32,127611
2026-04-15 23:00:00+00:00,266.4,266.74,266.25,266.65,56417
2026-04-16 08:00:00+00:00,266.35,266.7,265.56,266.25,90856
2026-04-16 09:00:00+00:00,266.1,266.29,265.87,266.29,20610
2026-04-16 10:00:00+00:00,266.37,268.25,265.76,267.4,100398
2026-04-16 11:00:00+00:00,267.4,268.6,267.26,268.3,121851
2026-04-16 12:00:00+00:00,268.3,268.35,267.44,267.44,101436
2026-04-16 13:00:00+00:00,267.42,267.53,261.78,262.1,7525839
2026-04-16 14:00:00+00:00,262.11,262.36,261.03,261.63,6074138
2026-04-16 15:00:00+00:00,261.61,263.39,261.61,263.27,4632080
2026-04-16 16:00:00+00:00,263.28,264.16,262.94,262.96,3408594
2026-04-16 17:00:00+00:00,262.97,263.58,262.85,263.57,2232642
2026-04-16 18:00:00+00:00,263.56,264.13,263.06,264.13,2738069
2026-04-16 19:00:00+00:00,264.13,264.31,263.02,263.12,5625447
2026-04-16 20:00:00+00:00,263.11,263.69,262.76,263.42,10571912
2026-04-16 21:00:00+00:00,263.44,263.76,263.41,263.56,132948
2026-04-16 22:00:00+00:00,263.64,264.01,263.51,263.86,46628
2026-04-16 23:00:00+00:00,263.9,263.96,263.64,263.83,25234
2026-04-17 08:00:00+00:00,263.67,264.76,263.64,264.76,66238
2026-04-17 09:00:00+00:00,264.78,265.58,264.56,265.58,48444
2026-04-17 10:00:00+00:00,265.26,265.41,263.82,264.19,67038
2026-04-17 11:00:00+00:00,264.24,267.38,264.11,266.55,291847
2026-04-17 12:00:00+00:00,266.74,268.35,266.55,267.61,343349
2026-04-17 13:00:00+00:00,267.6,269.55,266.16,268.74,11211084
2026-04-17 14:00:00+00:00,268.73,270.21,268.19,270.0,8016332
2026-04-17 15:00:00+00:00,270.02,272.05,269.97,270.72,6350708
2026-04-17 16:00:00+00:00,270.72,271.49,270.52,270.72,5232978
2026-04-17 17:00:00+00:00,270.72,271.24,269.91,270.0,3911367
2026-04-17 18:00:00+00:00,270.01,270.55,269.55,269.87,3844455
2026-04-17 19:00:00+00:00,269.87,270.28,269.28,269.94,6550136
2026-04-17 20:00:00+00:00,269.93,270.48,269.5,269.91,15400949
2026-04-17 21:00:00+00:00,269.8,270.0,269.76,269.97,65769
2026-04-17 22:00:00+00:00,269.96,270.5,269.96,270.14,32168
2026-04-17 23:00:00+00:00,270.21,270.5,270.09,270.5,25251
2026-04-20 08:00:00+00:00,268.4,270.08,268.4,269.99,108846
2026-04-20 09:00:00+00:00,270.08,270.55,269.86,270.28,27636
2026-04-20 10:00:00+00:00,270.33,270.92,270.08,270.2,37416
2026-04-20 11:00:00+00:00,270.13,270.49,269.75,270.07,94529
2026-04-20 12:00:00+00:00,269.97,270.17,269.46,269.76,76572
2026-04-20 13:00:00+00:00,269.83,273.85,268.83,273.67,6377633
2026-04-20 14:00:00+00:00,273.68,274.02,271.84,272.15,5247007
2026-04-20 15:00:00+00:00,272.13,272.71,271.47,272.53,3382761
2026-04-20 16:00:00+00:00,272.52,272.91,271.91,272.1,2310681
2026-04-20 17:00:00+00:00,272.12,272.72,271.59,272.71,2389062
2026-04-20 18:00:00+00:00,272.71,273.4,272.55,272.74,2502325
2026-04-20 19:00:00+00:00,272.74,273.01,272.02,272.68,4920062
2026-04-20 20:00:00+00:00,272.68,273.2,267.42,270.5,8655542
2026-04-20 21:00:00+00:00,270.6,271.75,270.05,271.64,341501
2026-04-20 22:00:00+00:00,271.45,271.75,271.25,271.5,80791
2026-04-20 23:00:00+00:00,271.46,271.5,271.0,271.3,73831
2026-04-21 08:00:00+00:00,270.75,271.75,270.51,271.1,90656
2026-04-21 09:00:00+00:00,271.12,272.02,270.95,272.0,22707
2026-04-21 10:00:00+00:00,272.0,272.24,271.55,271.9,59711
2026-04-21 11:00:00+00:00,271.89,272.45,271.8,271.95,134412
2026-04-21 12:00:00+00:00,272.0,272.1,270.75,270.9,162582
2026-04-21 13:00:00+00:00,271.12,272.55,270.28,271.62,5062374
2026-04-21 14:00:00+00:00,271.62,271.81,268.5,268.57,5388004
2026-04-21 15:00:00+00:00,268.59,268.83,266.31,266.47,5828989
2026-04-21 16:00:00+00:00,266.48,267.0,265.16,266.09,6280461
2026-04-21 17:00:00+00:00,266.1,266.75,265.55,266.13,5024856
2026-04-21 18:00:00+00:00,266.16,267.63,265.98,267.59,4091140
2026-04-21 19:00:00+00:00,267.59,267.94,265.63,265.97,8585342
2026-04-21 20:00:00+00:00,265.98,267.55,265.76,267.11,9480843
2026-04-21 21:00:00+00:00,266.99,267.23,266.93,267.07,51520
2026-04-21 22:00:00+00:00,267.09,267.45,267.09,267.3,36353
2026-04-21 23:00:00+00:00,267.33,267.53,267.15,267.4,30329
2026-04-22 08:00:00+00:00,267.63,267.94,266.95,267.39,72637
2026-04-22 09:00:00+00:00,267.57,267.9,267.43,267.54,23011
2026-04-22 10:00:00+00:00,267.56,267.75,267.4,267.75,17202
2026-04-22 11:00:00+00:00,267.73,267.86,266.9,267.09,100047
2026-04-22 12:00:00+00:00,267.13,267.34,266.75,266.75,108691
2026-04-22 13:00:00+00:00,266.76,268.87,266.62,268.25,4928263
2026-04-22 14:00:00+00:00,268.19,272.31,268.18,271.03,8991071
2026-04-22 15:00:00+00:00,271.02,273.0,270.96,272.76,4212921
2026-04-22 16:00:00+00:00,272.77,273.25,272.11,272.24,3188209
2026-04-22 17:00:00+00:00,272.23,273.47,272.22,273.22,2911800
2026-04-22 18:00:00+00:00,273.22,273.49,271.85,272.17,2906706
2026-04-22 19:00:00+00:00,272.18,273.01,272.01,272.94,5729573
2026-04-22 20:00:00+00:00,272.9,272.94,271.92,272.24,9825616
2026-04-22 21:00:00+00:00,272.24,272.34,272.12,272.17,288564
2026-04-22 22:00:00+00:00,272.24,272.4,271.9,272.4,45446
2026-04-22 23:00:00+00:00,272.25,272.64,272.15,272.61,14736
2026-04-23 08:00:00+00:00,271.63,272.48,270.98,272.02,51834
2026-04-23 09:00:00+00:00,272.01,272.11,271.65,271.87,17262
2026-04-23 10:00:00+00:00,272.0,272.5,271.65,272.5,22638
2026-04-23 11:00:00+00:00,272.22,273.7,272.22,273.7,108319
2026-04-23 12:00:00+00:00,273.44,274.77,272.95,274.45,183357
2026-04-23 13:00:00+00:00,274.55,275.52,272.88,273.46,4354050
2026-04-23 14:00:00+00:00,273.44,274.35,273.09,273.68,2981339
2026-04-23 15:00:00+00:00,273.68,274.16,272.78,273.16,2617949
2026-04-23 16:00:00+00:00,273.17,273.74,272.71,272.75,1783255
2026-04-23 17:00:00+00:00,272.77,272.88,271.4,272.74,5364224
2026-04-23 18:00:00+00:00,272.75,273.98,272.65,273.66,3233435
2026-04-23 19:00:00+00:00,273.65,274.3,272.81,273.19,4160519
2026-04-23 20:00:00+00:00,273.18,273.26,271.57,271.75,8389810
2026-04-23 21:00:00+00:00,271.7,272.27,271.55,271.87,136856
2026-04-23 22:00:00+00:00,271.88,272.35,271.75,272.1,17779
2026-04-23 23:00:00+00:00,272.07,272.45,271.95,272.35,11122
2026-04-24 08:00:00+00:00,272.21,272.34,271.44,271.61,53372
2026-04-24 09:00:00+00:00,271.6,271.75,271.25,271.73,7597
2026-04-24 10:00:00+00:00,271.92,272.06,271.8,272.06,7911
2026-04-24 11:00:00+00:00,272.09,273.18,272.09,272.8,107887
2026-04-24 12:00:00+00:00,272.75,272.8,271.84,272.25,87475
2026-04-24 13:00:00+00:00,272.24,272.81,269.84,271.42,4184763
2026-04-24 14:00:00+00:00,271.39,272.35,270.66,271.21,3574679
2026-04-24 15:00:00+00:00,271.22,271.38,269.55,270.78,3928168
2026-04-24 16:00:00+00:00,270.78,271.44,269.81,270.23,2753443
2026-04-24 17:00:00+00:00,270.22,270.35,269.4,269.56,3353711
2026-04-24 18:00:00+00:00,269.55,270.13,269.46,269.86,2617516
2026-04-24 19:00:00+00:00,269.87,271.23,269.65,270.81,7192754
2026-04-24 20:00:00+00:00,270.71,270.83,270.15,270.62,10293349
2026-04-24 21:00:00+00:00,270.6,270.62,270.56,270.59,21018
2026-04-24 22:00:00+00:00,270.57,270.74,270.56,270.65,17453
2026-04-24 23:00:00+00:00,270.7,270.7,270.56,270.65,19983
2026-04-27 08:00:00+00:00,270.05,270.05,267.27,267.86,250089
2026-04-27 09:00:00+00:00,267.89,267.95,266.82,266.82,87819
2026-04-27 10:00:00+00:00,266.94,267.6,265.71,266.43,177410
2026-04-27 11:00:00+00:00,266.45,268.94,265.76,266.55,352725
2026-04-27 12:00:00+00:00,266.65,267.81,266.25,267.17,275357
2026-04-27 13:00:00+00:00,267.35,268.11,264.83,267.88,6980992
2026-04-27 14:00:00+00:00,267.88,267.95,266.42,266.91,3946480
2026-04-27 15:00:00+00:00,266.93,267.39,266.37,266.54,2768009
2026-04-27 16:00:00+00:00,266.55,266.8,266.01,266.17,2539769
2026-04-27 17:00:00+00:00,266.17,266.8,266.1,266.23,2849753
2026-04-27 18:00:00+00:00,266.22,266.39,265.85,266.17,2721766
2026-04-27 19:00:00+00:00,266.19,267.72,266.06,267.39,5564173
2026-04-27 20:00:00+00:00,267.4,267.45,266.82,267.2,12864659
2026-04-27 21:00:00+00:00,267.29,267.3,267.15,267.19,40968
2026-04-27 22:00:00+00:00,267.26,267.66,267.18,267.53,53271
2026-04-27 23:00:00+00:00,267.53,267.75,267.47,267.62,24083
2026-04-28 08:00:00+00:00,267.04,267.91,266.61,267.75,63548
2026-04-28 09:00:00+00:00,267.47,269.25,267.37,268.54,43733
2026-04-28 10:00:00+00:00,268.75,268.75,268.26,268.53,30574
2026-04-28 11:00:00+00:00,268.33,268.94,268.15,268.92,183318
2026-04-28 12:00:00+00:00,268.92,269.74,268.59,269.62,218410
2026-04-28 13:00:00+00:00,269.58,272.98,268.41,269.66,5942399
2026-04-28 14:00:00+00:00,269.6,271.5,269.41,270.88,5659443
2026-04-28 15:00:00+00:00,270.92,271.58,269.23,269.39,4179642
2026-04-28 16:00:00+00:00,269.42,269.92,269.08,269.69,1927149
2026-04-28 17:00:00+00:00,269.69,270.4,269.26,270.27,1750382
2026-04-28 18:00:00+00:00,270.28,270.68,269.64,269.81,3012615
2026-04-28 19:00:00+00:00,269.82,270.7,269.75,270.51,4313528
2026-04-28 20:00:00+00:00,270.51,270.75,269.49,269.8,12149351
2026-04-28 21:00:00+00:00,269.66,269.75,269.23,269.31,622732
2026-04-28 22:00:00+00:00,269.4,269.75,269.25,269.28,21268
2026-04-28 23:00:00+00:00,269.35,269.55,269.25,269.25,20602
2026-04-29 08:00:00+00:00,269.56,269.88,269.03,269.28,61243
2026-04-29 09:00:00+00:00,269.03,269.36,269.03,269.18,9587
2026-04-29 10:00:00+00:00,269.14,269.32,268.62,269.0,36572
2026-04-29 11:00:00+00:00,269.05,269.22,267.76,268.14,91139
2026-04-29 12:00:00+00:00,268.17,268.21,267.6,267.99,126906
2026-04-29 13:00:00+00:00,268.05,269.31,266.79,269.02,3362179
2026-04-29 14:00:00+00:00,269.07,270.06,268.78,269.06,3182988
2026-04-29 15:00:00+00:00,269.06,269.17,267.95,268.38,2839820
2026-04-29 16:00:00+00:00,268.4,270.79,268.37,270.7,2697344
2026-04-29 17:00:00+00:00,270.72,270.73,269.66,269.92,1589302
2026-04-29 18:00:00+00:00,269.94,270.02,269.12,269.83,1849816
2026-04-29 19:00:00+00:00,269.82,270.25,269.36,269.94,3998056
2026-04-29 20:00:00+00:00,270.04,270.35,269.05,269.55,8809291
2026-04-29 21:00:00+00:00,269.68,269.82,269.37,269.52,129547
2026-04-29 22:00:00+00:00,269.51,270.35,267.78,270.0,167940
2026-04-29 23:00:00+00:00,270.15,270.74,269.89,270.7,116668
2026-04-30 08:00:00+00:00,270.19,271.17,268.8,270.51,183215
2026-04-30 09:00:00+00:00,270.39,271.05,270.39,271.05,25160
2026-04-30 10:00:00+00:00,271.01,271.05,270.45,270.62,26437
2026-04-30 11:00:00+00:00,270.7,271.25,270.02,271.2,148513
2026-04-30 12:00:00+00:00,271.2,271.65,270.86,271.34,162557
2026-04-30 13:00:00+00:00,271.55,271.55,267.89,270.35,5210199
2026-04-30 14:00:00+00:00,270.35,271.97,270.3,270.61,6227912
2026-04-30 15:00:00+00:00,270.61,271.73,270.51,271.67,3553905
2026-04-30 16:00:00+00:00,271.7,273.51,271.46,271.7,5411724
2026-04-30 17:00:00+00:00,271.71,273.61,271.43,273.36,3847333
2026-04-30 18:00:00+00:00,273.36,273.95,272.79,272.84,3719041
2026-04-30 19:00:00+00:00,272.83,275.75,270.09,270.96,17024565
2026-04-30 20:00:00+00:00,271.1,274.75,267.41,269.9,38418180
2026-04-30 21:00:00+00:00,269.9,284.63,267.86,281.03,5618196
2026-04-30 22:00:00+00:00,281.03,282.94,277.26,278.03,1814794
2026-04-30 23:00:00+00:00,277.87,278.97,275.79,276.15,605159
2026-05-01 08:00:00+00:00,277.74,279.96,277.3,278.52,264436
2026-05-01 09:00:00+00:00,278.62,280.22,277.89,279.48,127907
2026-05-01 10:00:00+00:00,279.53,279.74,278.77,279.12,80259
2026-05-01 11:00:00+00:00,278.97,282.16,278.79,280.98,801948
2026-05-01 12:00:00+00:00,280.97,281.21,279.75,279.79,808429
2026-05-01 13:00:00+00:00,279.79,284.49,271.1,283.69,17995970
2026-05-01 14:00:00+00:00,283.69,286.96,281.75,282.35,15402852
2026-05-01 15:00:00+00:00,282.39,285.23,281.2,284.49,8061687
2026-05-01 16:00:00+00:00,284.45,284.74,282.14,282.86,8668117
2026-05-01 17:00:00+00:00,282.87,283.24,281.16,281.22,4293629
2026-05-01 18:00:00+00:00,281.22,281.28,279.89,280.19,4825113
2026-05-01 19:00:00+00:00,280.2,280.63,279.35,279.89,8411743
2026-05-01 20:00:00+00:00,279.89,280.0,279.49,279.57,8555115
2026-05-01 21:00:00+00:00,279.57,279.79,279.47,279.59,1721755
2026-05-01 22:00:00+00:00,279.59,279.66,279.55,279.59,32857
2026-05-01 23:00:00+00:00,279.62,279.88,279.56,279.81,41403
2026-05-04 08:00:00+00:00,279.84,279.89,278.99,279.06,95938
2026-05-04 09:00:00+00:00,279.05,279.18,278.75,279.04,21647
2026-05-04 10:00:00+00:00,279.13,279.13,277.15,278.62,136726
2026-05-04 11:00:00+00:00,278.72,279.4,278.1,278.63,91274
2026-05-04 12:00:00+00:00,278.55,279.24,278.2,279.13,115523
2026-05-04 13:00:00+00:00,279.04,280.37,275.16,275.2,7645284
2026-05-04 14:00:00+00:00,275.18,277.74,274.61,277.07,6817750
2026-05-04 15:00:00+00:00,277.07,277.62,276.21,276.61,3606687
2026-05-04 16:00:00+00:00,276.58,276.8,275.18,276.58,3151419
2026-05-04 17:00:00+00:00,276.57,277.08,276.45,276.84,2318609
2026-05-04 18:00:00+00:00,276.83,277.16,276.01,276.4,2223482
2026-05-04 19:00:00+00:00,276.41,277.41,276.22,276.59,6231108
2026-05-04 20:00:00+00:00,276.58,276.62,276.13,276.25,13195757
2026-05-04 21:00:00+00:00,276.18,276.45,276.05,276.32,1148625
2026-05-04 22:00:00+00:00,276.32,276.68,276.32,276.41,24310
2026-05-04 23:00:00+00:00,276.39,276.39,276.08,276.2,14451
2026-05-05 08:00:00+00:00,276.3,276.94,275.75,276.25,108265
2026-05-05 09:00:00+00:00,276.1,276.27,275.8,276.01,30856
2026-05-05 10:00:00+00:00,276.11,276.29,276.01,276.15,15705
2026-05-05 11:00:00+00:00,276.21,276.21,275.4,275.46,92628
2026-05-05 12:00:00+00:00,275.43,275.9,274.97,275.87,256313
2026-05-05 13:00:00+00:00,275.87,279.72,275.87,279.31,4961645
2026-05-05 14:00:00+00:00,279.31,282.95,278.54,280.27,7707492
2026-05-05 15:00:00+00:00,280.25,280.77,279.45,279.92,3369007
2026-05-05 16:00:00+00:00,279.91,282.44,279.76,282.29,3829939
2026-05-05 17:00:00+00:00,282.28,284.31,281.44,283.05,4757022
2026-05-05 18:00:00+00:00,283.06,284.02,282.98,283.45,3960613
2026-05-05 19:00:00+00:00,283.46,284.19,283.15,283.95,6641625
2026-05-05 20:00:00+00:00,283.94,284.24,282.49,283.01,11468710
2026-05-05 21:00:00+00:00,283.05,283.17,282.34,282.42,2041801
2026-05-05 22:00:00+00:00,282.4,283.92,281.8,282.48,164476
2026-05-05 23:00:00+00:00,282.43,283.03,282.04,282.14,67354
2026-05-06 08:00:00+00:00,281.81,282.47,280.94,282.22,148213
2026-05-06 09:00:00+00:00,282.25,282.25,281.19,281.94,67000
2026-05-06 10:00:00+00:00,281.95,283.03,281.78,282.91,102805
2026-05-06 11:00:00+00:00,282.76,283.02,281.87,281.98,250928
2026-05-06 12:00:00+00:00,282.01,282.12,281.17,281.74,203773
2026-05-06 13:00:00+00:00,281.7,285.99,280.54,285.86,6576782
2026-05-06 14:00:00+00:00,285.89,286.46,284.33,284.61,7366439
2026-05-06 15:00:00+00:00,284.6,285.74,283.62,285.33,6122706
2026-05-06 16:00:00+00:00,285.33,286.88,284.95,285.97,3801520
2026-05-06 17:00:00+00:00,285.99,287.49,285.52,287.4,3454109
2026-05-06 18:00:00+00:00,287.4,287.59,286.4,287.04,4064214
2026-05-06 19:00:00+00:00,287.04,287.76,286.78,287.29,7985302
2026-05-06 20:00:00+00:00,287.18,287.73,286.88,287.25,17522821
2026-05-06 21:00:00+00:00,287.23,287.63,286.94,287.04,739575
2026-05-06 22:00:00+00:00,287.19,287.73,287.05,287.41,71701
2026-05-06 23:00:00+00:00,287.44,287.49,286.84,287.23,25114
2026-05-07 08:00:00+00:00,286.94,287.6,286.88,286.94,49877
2026-05-07 09:00:00+00:00,286.94,286.95,285.74,286.5,32737
2026-05-07 10:00:00+00:00,286.44,286.89,286.35,286.61,17154
2026-05-07 11:00:00+00:00,286.74,288.23,286.6,288.22,140033
2026-05-07 12:00:00+00:00,288.22,288.73,287.96,288.58,168476
2026-05-07 13:00:00+00:00,288.54,290.79,287.91,290.78,6876084
2026-05-07 14:00:00+00:00,290.74,291.86,289.47,290.71,6914086
2026-05-07 15:00:00+00:00,290.7,291.12,288.81,289.05,3960784
2026-05-07 16:00:00+00:00,289.03,289.43,287.97,288.36,3463740
2026-05-07 17:00:00+00:00,288.36,289.31,287.63,288.84,2768893
2026-05-07 18:00:00+00:00,288.85,289.5,286.6,287.16,3487362
2026-05-07 19:00:00+00:00,287.14,287.33,285.52,287.2,6399101
2026-05-07 20:00:00+00:00,287.22,287.66,286.65,286.65,8460169
2026-05-07 21:00:00+00:00,286.62,286.94,286.41,286.74,735814
2026-05-07 22:00:00+00:00,286.74,288.03,286.65,287.46,91053
2026-05-07 23:00:00+00:00,287.38,287.73,287.27,287.71,33043
2026-05-08 08:00:00+00:00,287.6,288.26,287.41,287.83,63775
2026-05-08 09:00:00+00:00,287.9,288.05,287.24,287.93,18120
2026-05-08 10:00:00+00:00,287.93,289.93,287.53,288.88,36494
2026-05-08 11:00:00+00:00,288.83,290.92,288.83,290.53,154136
2026-05-08 12:00:00+00:00,290.53,291.38,290.11,290.11,199108
2026-05-08 13:00:00+00:00,290.25,294.28,289.73,293.67,7769244
2026-05-08 14:00:00+00:00,293.64,294.49,292.25,293.28,7253437
2026-05-08 15:00:00+00:00,293.26,293.96,291.91,292.05,5099493
2026-05-08 16:00:00+00:00,292.03,292.65,291.61,291.87,3413037
2026-05-08 17:00:00+00:00,291.87,292.36,291.48,291.87,3061460
2026-05-08 18:00:00+00:00,291.86,292.69,291.8,292.62,2895932
2026-05-08 19:00:00+00:00,292.62,294.03,292.34,292.95,8564472
2026-05-08 20:00:00+00:00,292.93,293.27,292.49,292.64,12143056
2026-05-08 21:00:00+00:00,292.68,292.98,292.41,292.96,45122
2026-05-08 22:00:00+00:00,292.92,293.28,292.83,293.17,329283
2026-05-08 23:00:00+00:00,293.2,293.59,293.13,293.59,40111
2026-05-11 08:00:00+00:00,291.49,293.56,291.49,293.37,83436
2026-05-11 09:00:00+00:00,293.37,293.79,293.14,293.16,32337
2026-05-11 10:00:00+00:00,293.24,293.81,293.24,293.56,22678
2026-05-11 11:00:00+00:00,293.55,294.45,293.01,293.02,120593
2026-05-11 12:00:00+00:00,293.05,293.25,292.29,292.29,100049
2026-05-11 13:00:00+00:00,292.44,292.84,290.23,291.62,5522632
2026-05-11 14:00:00+00:00,291.6,293.15,291.29,292.55,5360730
2026-05-11 15:00:00+00:00,292.55,293.88,292.25,292.52,4512473
2026-05-11 16:00:00+00:00,292.52,292.705,290.63,290.8,3924304
2026-05-11 17:00:00+00:00,290.8001,292.16,290.691,292.065,2286948
2026-05-11 18:00:00+00:00,292.0775,292.98,291.17,291.44,2815114
2026-05-11 19:00:00+00:00,291.44,292.8,290.86,292.68,5038134
2026-05-11 20:00:00+00:00,292.68,292.88,292.44,292.59,9797620
2026-05-11 21:00:00+00:00,292.6,292.72,292.52,292.68,34133
2026-05-11 22:00:00+00:00,292.69,292.8,292.6,292.72,1063156
2026-05-11 23:00:00+00:00,292.74,292.74,292.5,292.5006,15437
2026-05-12 08:00:00+00:00,292.45,293.87,291.72,292.15,103763
2026-05-12 09:00:00+00:00,292.1,292.22,291.8,292.03,12322
2026-05-12 10:00:00+00:00,292.03,292.17,291.53,292.17,11877
2026-05-12 11:00:00+00:00,292.12,292.22,291.1,291.95,3290294
2026-05-12 12:00:00+00:00,291.9623,292.26,291.6,292.23,89613
2026-05-12 13:00:00+00:00,292.21,294.172,292.0,294.055,4392516
2026-05-12 14:00:00+00:00,294.08,294.84,293.13,294.8201,5510040
2026-05-12 15:00:00+00:00,294.82,294.8999,293.46,294.45,3556368
2026-05-12 16:00:00+00:00,294.46,294.78,293.52,293.885,2866369
2026-05-12 17:00:00+00:00,293.9,294.56,293.37,294.3,3643434
2026-05-12 18:00:00+00:00,294.3,294.66,293.85,294.435,2734989
2026-05-12 19:00:00+00:00,294.42,295.27,294.18,294.88,6161192
2026-05-12 20:00:00+00:00,294.8,294.8757,294.35,294.41,11732740
2026-05-12 21:00:00+00:00,294.36,294.65,294.26,294.44,1738572
2026-05-12 22:00:00+00:00,294.44,294.62,294.3,294.477,44432
2026-05-12 23:00:00+00:00,294.45,294.68,294.45,294.49,19353
2026-05-13 08:00:00+00:00,294.14,294.79,293.59,293.88,118033
2026-05-13 09:00:00+00:00,293.9763,294.15,293.51,293.95,29170
2026-05-13 10:00:00+00:00,293.95,293.9649,293.41,293.8027,23193
2026-05-13 11:00:00+00:00,293.7,294.45,293.69,294.15,99155
2026-05-13 12:00:00+00:00,294.15,294.49,293.8,294.2,2319182
2026-05-13 13:00:00+00:00,294.16,297.51,293.07,295.415,5324753
2026-05-13 14:00:00+00:00,295.41,296.7,295.12,296.5,4907500
2026-05-13 15:00:00+00:00,296.51,298.01,296.25,296.935,4840063
2026-05-13 16:00:00+00:00,296.93,299.42,296.78,299.15,4944886
2026-05-13 17:00:00+00:00,299.16,300.92,299.12,300.165,6596841
2026-05-13 18:00:00+00:00,300.15,300.495,299.22,299.4101,3491367
2026-05-13 19:00:00+00:00,299.41,299.535,298.61,298.88,5771195
2026-05-13 20:00:00+00:00,298.87,299.22,298.35,298.79,12562312
2026-05-13 21:00:00+00:00,298.79,298.79,298.2,298.22,1723818
2026-05-13 22:00:00+00:00,298.23,298.67,298.0,298.43,44337
2026-05-13 23:00:00+00:00,298.6,298.68,298.1055,298.4,32542
2026-05-14 08:00:00+00:00,298.27,298.9,297.5,298.79,84192
2026-05-14 09:00:00+00:00,298.83,299.305,298.45,299.12,24641
2026-05-14 10:00:00+00:00,299.07,301.35,299.07,300.22,90638
2026-05-14 11:00:00+00:00,300.17,300.74,299.87,300.33,135116
2026-05-14 12:00:00+00:00,300.38,300.4773,298.123,299.06,143805
2026-05-14 13:00:00+00:00,299.05,300.45,297.16,297.385,4377523
2026-05-14 14:00:00+00:00,297.35,298.8799,297.08,298.625,4206410
2026-05-14 15:00:00+00:00,298.63,299.48,297.78,299.155,3398190
2026-05-14 16:00:00+00:00,299.16,299.2,295.38,297.6,4825708
2026-05-14 17:00:00+00:00,297.5701,298.63,297.35,298.19,2614895
2026-05-14 18:00:00+00:00,298.18,298.78,297.55,298.59,2685104
2026-05-14 19:00:00+00:00,298.6,299.2,297.88,298.18,4347072
2026-05-14 20:00:00+00:00,298.19,298.47,297.0,298.0,6803422
2026-05-14 21:00:00+00:00,298.1817,298.5,298.0735,298.24,18337
2026-05-14 22:00:00+00:00,298.25,298.5,298.0927,298.45,32135
2026-05-14 23:00:00+00:00,298.4662,298.51,297.83,297.91,29882
2026-05-15 08:00:00+00:00,298.0,300.0,294.9168,295.44,264409
2026-05-15 09:00:00+00:00,295.61,296.24,295.0,296.0,45072
2026-05-15 10:00:00+00:00,296.16,296.46,295.54,296.09,26640
2026-05-15 11:00:00+00:00,296.05,296.5,294.26,294.75,156874
2026-05-15 12:00:00+00:00,294.61,295.4,293.8956,294.94,527535
2026-05-15 13:00:00+00:00,294.96,298.7,294.6042,298.075,7061543
2026-05-15 14:00:00+00:00,298.1,301.25,297.53,300.925,5924439
2026-05-15 15:00:00+00:00,300.94,302.79,300.64,301.06,8422900
2026-05-15 16:00:00+00:00,301.1,302.61,300.75,302.0,3586103
2026-05-15 17:00:00+00:00,302.0,303.2,301.75,302.23,3986125
2026-05-15 18:00:00+00:00,302.24,302.47,300.51,301.665,4138662
2026-05-15 19:00:00+00:00,301.665,301.76,299.63,300.255,7106021
2026-05-15 20:00:00+00:00,300.23,300.2643,299.52,300.0,13595130
2026-05-15 21:00:00+00:00,299.96,300.13,299.75,299.9,41937
2026-05-15 22:00:00+00:00,300.0,300.13,299.75,299.83,120799
2026-05-15 23:00:00+00:00,299.89,299.92,299.7,299.846,23136
2026-05-18 08:00:00+00:00,299.1,299.35,297.04,298.2688,164120
2026-05-18 09:00:00+00:00,298.4,298.5,297.92,298.15,24444
2026-05-18 10:00:00+00:00,298.08,298.36,297.62,298.29,25667
2026-05-18 11:00:00+00:00,298.29,299.58,298.29,298.77,62880
2026-05-18 12:00:00+00:00,298.5118,300.49,298.5118,300.48,453072
2026-05-18 13:00:00+00:00,300.25,300.66,297.3601,298.11,4590376
2026-05-18 14:00:00+00:00,298.07,298.58,296.69,298.3,4288999
2026-05-18 15:00:00+00:00,298.23,298.25,295.27,295.84,3419702
2026-05-18 16:00:00+00:00,295.84,296.82,294.91,295.9,3390454
2026-05-18 17:00:00+00:00,295.92,296.68,295.46,296.315,1946253
2026-05-18 18:00:00+00:00,296.31,296.685,295.45,295.98,4193383
2026-05-18 19:00:00+00:00,295.99,297.92,295.8,297.83,5093313
2026-05-18 20:00:00+00:00,297.88,297.93,297.0,297.47,6966971
2026-05-18 21:00:00+00:00,297.47,297.7,297.17,297.17,28839
2026-05-18 22:00:00+00:00,297.3,297.5,297.06,297.4,15528
2026-05-18 23:00:00+00:00,297.47,297.69,297.3,297.44,11211
2026-05-19 08:00:00+00:00,296.87,297.8,296.2,297.1,52643
2026-05-19 09:00:00+00:00,296.88,296.88,296.0,296.47,27570
2026-05-19 10:00:00+00:00,296.47,296.62,295.5,296.45,31126
2026-05-19 11:00:00+00:00,296.47,296.6,295.44,295.4851,1827054
2026-05-19 12:00:00+00:00,295.57,296.31,295.3,295.9922,61189
2026-05-19 13:00:00+00:00,295.92,300.51,294.89,299.095,5177875
2026-05-19 14:00:00+00:00,299.095,299.1,296.52,297.51,4545403
2026-05-19 15:00:00+00:00,297.48,297.75,296.87,297.28,3563966
2026-05-19 16:00:00+00:00,297.29,298.72,296.365,298.5999,2621308
2026-05-19 17:00:00+00:00,298.58,298.73,297.84,298.39,2323364
2026-05-19 18:00:00+00:00,298.38,298.43,297.49,297.63,1872461
2026-05-19 19:00:00+00:00,297.65,299.23,297.53,298.98,5282912
2026-05-19 20:00:00+00:00,298.913,299.2,298.37,298.67,12772104
2026-05-19 21:00:00+00:00,298.5533,298.69,298.35,298.69,17104
2026-05-19 22:00:00+00:00,298.65,298.71,298.11,298.3734,24989
2026-05-19 23:00:00+00:00,298.47,299.5,298.42,298.9656,18274
2026-05-20 08:00:00+00:00,299.0,299.07,298.16,298.58,43755
2026-05-20 09:00:00+00:00,298.5,298.5,298.12,298.2,9058
2026-05-20 10:00:00+00:00,298.2097,298.52,298.2,298.3,11304
2026-05-20 11:00:00+00:00,298.37,298.5364,298.08,298.34,31454
2026-05-20 12:00:00+00:00,298.25,299.33,298.15,298.2,72522
2026-05-20 13:00:00+00:00,298.12,302.37,297.0,300.24,4780908
2026-05-20 14:00:00+00:00,300.24,300.47,299.09,299.93,4523683
2026-05-20 15:00:00+00:00,299.92,300.53,298.67,299.18,3262143
2026-05-20 16:00:00+00:00,299.19,300.82,298.94,300.71,2961128
2026-05-20 17:00:00+00:00,300.7118,301.655,300.05,301.515,2627918
2026-05-20 18:00:00+00:00,301.52,302.3,301.145,302.205,3698096
2026-05-20 19:00:00+00:00,302.215,302.8,301.485,302.265,6095243
2026-05-20 20:00:00+00:00,302.25,302.35,301.5,301.77,9400842
2026-05-20 21:00:00+00:00,301.9675,301.9675,301.5,301.69,795983
2026-05-20 22:00:00+00:00,301.65,301.6768,300.26,300.83,41804
2026-05-20 23:00:00+00:00,300.84,301.21,300.56,301.2,13157
2026-05-21 08:00:00+00:00,301.2,302.1,300.51,301.1,50501
2026-05-21 09:00:00+00:00,301.22,301.75,301.2,301.51,5793
2026-05-21 10:00:00+00:00,301.5,301.65,300.2,301.06,24343
2026-05-21 11:00:00+00:00,301.06,301.54,300.98,301.2952,29426
2026-05-21 12:00:00+00:00,301.39,301.89,301.0,301.35,1274932
2026-05-21 13:00:00+00:00,301.34,303.07,300.4,302.75,3512988
2026-05-21 14:00:00+00:00,302.745,302.84,301.26,302.15,3324251
2026-05-21 15:00:00+00:00,302.155,304.25,301.65,303.82,3633935
2026-05-21 16:00:00+00:00,303.83,304.17,303.0499,303.41,2580817
2026-05-21 17:00:00+00:00,303.42,305.06,303.41,304.93,3689768
2026-05-21 18:00:00+00:00,304.93,305.1,303.89,304.21,2919381
2026-05-21 19:00:00+00:00,304.22,305.54,304.19,305.1,6277925
2026-05-21 20:00:00+00:00,304.99,305.1,304.263,304.5,15693507
2026-05-21 21:00:00+00:00,304.5,304.58,304.33,304.4978,6309
2026-05-21 22:00:00+00:00,304.55,305.65,304.55,305.6,29348
2026-05-21 23:00:00+00:00,305.51,306.0,305.5,305.9999,42068
2026-05-22 08:00:00+00:00,305.61,306.2,305.16,305.39,44131
2026-05-22 09:00:00+00:00,305.2015,305.5,304.7,305.42,20495
2026-05-22 10:00:00+00:00,305.42,305.44,304.75,304.8,17022
2026-05-22 11:00:00+00:00,304.97,305.67,304.97,305.2,37732
2026-05-22 12:00:00+00:00,305.32,306.4,304.228,306.25,73242
2026-05-22 13:00:00+00:00,306.31,308.95,305.82,308.734,5112927
2026-05-22 14:00:00+00:00,308.69,310.48,308.0,310.33,8655676
2026-05-22 15:00:00+00:00,310.33,311.4,309.85,309.9756,5363206
2026-05-22 16:00:00+00:00,309.98,310.525,308.82,309.02,4410529
2026-05-22 17:00:00+00:00,309.02,310.155,309.0,309.45,3367215
2026-05-22 18:00:00+00:00,309.46,309.58,308.95,309.335,2419045
2026-05-22 19:00:00+00:00,309.33,309.4,307.96,308.81,5622129
2026-05-22 20:00:00+00:00,308.82,309.4,308.23,308.82,8590602
2026-05-22 21:00:00+00:00,308.7234,308.79,308.61,308.66,18702
2026-05-22 22:00:00+00:00,308.77,308.87,308.55,308.6,15404
2026-05-22 23:00:00+00:00,308.5983,308.65,308.4,308.4105,16096
2026-05-26 08:00:00+00:00,309.07,310.6,309.07,309.43,70406
2026-05-26 09:00:00+00:00,309.57,310.49,309.3878,310.33,39527
2026-05-26 10:00:00+00:00,310.3568,311.02,310.27,310.35,71540
2026-05-26 11:00:00+00:00,310.2,310.95,310.0,310.7,64615
2026-05-26 12:00:00+00:00,310.64,311.05,310.43,310.63,146285
2026-05-26 13:00:00+00:00,310.7,311.49,309.13,310.92,5493764
2026-05-26 14:00:00+00:00,310.905,311.82,309.88,311.57,5602285
2026-05-26 15:00:00+00:00,311.55,311.81,310.0,310.155,3746523
2026-05-26 16:00:00+00:00,310.16,310.77,309.74,310.08,5444957
2026-05-26 17:00:00+00:00,310.08,310.3,309.03,309.795,2751565
2026-05-26 18:00:00+00:00,309.795,310.2,309.13,309.22,2917916
2026-05-26 19:00:00+00:00,309.22,309.23,307.67,308.38,6268632
2026-05-26 20:00:00+00:00,308.39,308.72,308.01,308.6078,14176378
2026-05-26 21:00:00+00:00,308.6061,308.7,308.33,308.45,1349163
2026-05-26 22:00:00+00:00,308.4,308.5,308.08,308.16,14366
2026-05-26 23:00:00+00:00,308.15,308.85,308.14,308.7,31432
2026-05-27 08:00:00+00:00,308.7,309.42,308.15,308.88,54076
2026-05-27 09:00:00+00:00,308.82,309.09,308.5,308.7,8387
2026-05-27 10:00:00+00:00,308.68,308.84,308.4,308.68,14190
2026-05-27 11:00:00+00:00,308.71,308.88,308.1,308.22,62118
2026-05-27 12:00:00+00:00,308.16,308.75,307.56,308.29,112501
2026-05-27 13:00:00+00:00,308.33,312.34,307.25,311.9091,5798919
2026-05-27 14:00:00+00:00,311.87,313.21,310.81,313.06,8307898
2026-05-27 15:00:00+00:00,313.07,313.26,310.7001,311.7001,9422310
2026-05-27 16:00:00+00:00,311.7,311.84,310.38,310.61,4641430
2026-05-27 17:00:00+00:00,310.62,311.0,310.31,310.89,2570408
2026-05-27 18:00:00+00:00,310.895,311.0,310.4,310.53,2652635
2026-05-27 19:00:00+00:00,310.51,311.1,309.52,310.93,6033987
2026-05-27 20:00:00+00:00,310.93,311.14,309.9349,310.96,10769896
2026-05-27 21:00:00+00:00,310.87,311.31,310.6,310.94,47370
2026-05-27 22:00:00+00:00,310.97,311.52,310.41,310.65,33473
2026-05-27 23:00:00+00:00,310.7,310.87,310.12,310.36,20523
2026-05-28 08:00:00+00:00,310.75,311.58,310.51,311.5,83566
2026-05-28 09:00:00+00:00,311.46,311.5,310.9,310.9,12689
2026-05-28 10:00:00+00:00,310.98,311.0,310.13,310.14,21827
2026-05-28 11:00:00+00:00,310.16,310.8145,310.03,310.2,39065
2026-05-28 12:00:00+00:00,310.22,310.43,309.49,309.98,201333
2026-05-28 13:00:00+00:00,310.0,312.19,309.08,311.07,4625046
2026-05-28 14:00:00+00:00,311.09,312.8,310.67,311.835,4337892
2026-05-28 15:00:00+00:00,311.835,311.97,310.4,310.67,4045415
2026-05-28 16:00:00+00:00,310.68,310.9482,309.57,310.58,3659615
2026-05-28 17:00:00+00:00,310.5601,311.62,310.11,310.385,3665117
2026-05-28 18:00:00+00:00,310.385,311.35,310.225,310.85,3353785
2026-05-28 19:00:00+00:00,310.84,312.56,310.25,312.51,8109882
2026-05-28 20:00:00+00:00,312.51,312.51,312.0,312.261,15385387
2026-05-28 21:00:00+00:00,312.33,312.3844,312.2,312.29,29712
2026-05-28 22:00:00+00:00,312.28,312.4009,311.8,311.95,27742
2026-05-28 23:00:00+00:00,311.9709,312.11,311.62,312.0521,25452
2026-05-29 08:00:00+00:00,311.73,311.86,310.6654,310.97,54794
2026-05-29 09:00:00+00:00,310.95,311.65,310.57,310.8,19491
2026-05-29 10:00:00+00:00,310.79,310.85,310.28,310.72,19139
2026-05-29 11:00:00+00:00,310.71,311.63,310.71,311.39,63983
2026-05-29 12:00:00+00:00,311.49,312.05,311.1,311.99,63772
2026-05-29 13:00:00+00:00,311.93,315.0,311.37,313.485,5604481
2026-05-29 14:00:00+00:00,313.48,314.07,311.145,311.44,5879830
2026-05-29 15:00:00+00:00,311.36,312.02,310.42,310.59,4313185
2026-05-29 16:00:00+00:00,310.59,311.69,310.45,311.08,2251760
2026-05-29 17:00:00+00:00,311.09,311.1,309.53,309.57,4200997
2026-05-29 18:00:00+00:00,309.57,310.77,309.53,310.58,3104824
2026-05-29 19:00:00+00:00,310.58,313.25,310.58,312.07,7865756
2026-05-29 20:00:00+00:00,312.06,312.1,311.05,311.25,36418383
2026-05-29 21:00:00+00:00,311.325,311.3649,311.13,311.2,16755
2026-05-29 22:00:00+00:00,311.1534,311.25,311.15,311.17,14861
2026-05-29 23:00:00+00:00,311.2,311.4,311.05,311.35,14265
2026-06-01 08:00:00+00:00,310.85,310.95,309.6,310.35,121602
2026-06-01 09:00:00+00:00,310.33,310.48,309.65,309.97,34410
2026-06-01 10:00:00+00:00,309.94,309.97,309.0,309.27,78810
2026-06-01 11:00:00+00:00,309.44,310.18,309.23,309.66,109824
2026-06-01 12:00:00+00:00,309.61,311.19,309.52,311.19,965217
2026-06-01 13:00:00+00:00,311.18,311.6,308.5,310.045,5655835
2026-06-01 14:00:00+00:00,310.08,310.25,306.56,306.97,6725335
2026-06-01 15:00:00+00:00,306.97,307.5386,306.3,306.84,4764364
2026-06-01 16:00:00+00:00,306.83,306.99,305.49,306.215,3754107
2026-06-01 17:00:00+00:00,306.22,308.4,305.02,307.75,4235094
2026-06-01 18:00:00+00:00,307.77,308.325,307.29,307.555,3103051
2026-06-01 19:00:00+00:00,307.55,308.05,305.88,306.31,7395448
2026-06-01 20:00:00+00:00,306.315,306.65,306.0,306.65,10941108
2026-06-01 21:00:00+00:00,306.79,306.8,306.11,306.3021,1107264
2026-06-01 22:00:00+00:00,306.13,306.27,305.43,305.6,31136
2026-06-01 23:00:00+00:00,305.65,306.0,305.21,305.25,30999
2026-06-02 08:00:00+00:00,306.65,307.6,305.0,307.26,147339
2026-06-02 09:00:00+00:00,307.0,307.3,305.93,305.93,40402
2026-06-02 10:00:00+00:00,305.91,306.3,305.81,306.15,25768
2026-06-02 11:00:00+00:00,306.02,306.25,305.6719,305.84,41176
2026-06-02 12:00:00+00:00,305.79,306.2,305.545,305.9,80996
2026-06-02 13:00:00+00:00,305.88,309.89,305.3367,309.08,4666270
2026-06-02 14:00:00+00:00,309.07,310.77,308.535,310.55,4645863
2026-06-02 15:00:00+00:00,310.57,313.15,310.42,312.425,4950757
2026-06-02 16:00:00+00:00,312.42,314.4701,311.9,314.29,3701377
2026-06-02 17:00:00+00:00,314.29,315.45,314.08,314.705,5138056
2026-06-02 18:00:00+00:00,314.705,314.94,313.75,314.65,3324111
2026-06-02 19:00:00+00:00,314.66,315.44,314.03,315.22,6488643
2026-06-02 20:00:00+00:00,315.2,315.44,313.8026,314.8606,11185763
2026-06-02 21:00:00+00:00,314.9,315.1,314.74,314.745,30915
2026-06-02 22:00:00+00:00,314.75,315.08,314.25,314.39,55568
2026-06-02 23:00:00+00:00,314.5,315.19,313.71,315.01,71905
2026-06-03 08:00:00+00:00,313.08,314.95,313.08,314.72,57597
2026-06-03 09:00:00+00:00,314.67,315.0,314.52,314.66,35762
2026-06-03 10:00:00+00:00,314.6,314.85,314.08,314.26,26805
2026-06-03 11:00:00+00:00,314.23,314.81,314.16,314.2,35972
2026-06-03 12:00:00+00:00,314.2,314.45,313.8,313.83,68241
2026-06-03 13:00:00+00:00,313.8286,316.94,313.3,314.89,6191119
2026-06-03 14:00:00+00:00,314.86,315.96,311.14,311.51,6639326
2026-06-03 15:00:00+00:00,311.505,312.19,310.31,311.4999,6875240
2026-06-03 16:00:00+00:00,311.49,311.8292,309.32,310.26,4681323
2026-06-03 17:00:00+00:00,310.28,310.32,308.85,309.31,2886655
2026-06-03 18:00:00+00:00,309.335,309.98,309.01,309.82,2603890
2026-06-03 19:00:00+00:00,309.815,311.1,309.2,310.39,8374524
2026-06-03 20:00:00+00:00,310.39,311.5,309.39,311.35,12153851
2026-06-03 21:00:00+00:00,311.43,313.9,311.13,312.05,156112
2026-06-03 22:00:00+00:00,312.36,314.58,312.12,314.4,129215
2026-06-03 23:00:00+00:00,314.2,314.46,313.51,313.95,91867
2026-06-04 08:00:00+00:00,312.67,313.77,312.0,312.8,97451
2026-06-04 09:00:00+00:00,312.69,314.46,312.6,313.2343,74576
2026-06-04 10:00:00+00:00,313.14,313.2,312.11,312.22,44699
2026-06-04 11:00:00+00:00,312.23,313.65,310.26,313.31,144343
2026-06-04 12:00:00+00:00,313.2949,313.4,312.5,313.29,1833380
2026-06-04 13:00:00+00:00,313.15,313.96,310.4359,312.37,4790944
2026-06-04 14:00:00+00:00,312.365,312.37,309.8,310.43,4702719
2026-06-04 15:00:00+00:00,310.43,311.35,309.65,310.37,3317586
2026-06-04 16:00:00+00:00,310.4,311.79,310.2513,311.405,3652364
2026-06-04 17:00:00+00:00,311.41,311.975,310.96,311.24,2455804
2026-06-04 18:00:00+00:00,311.23,311.99,310.98,311.725,2400231
2026-06-04 19:00:00+00:00,311.725,312.1,310.3,311.21,5482334
2026-06-04 20:00:00+00:00,311.25,311.59,310.96,311.2841,15813788
2026-06-04 21:00:00+00:00,311.26,311.6,311.2,311.4,71132
2026-06-04 22:00:00+00:00,311.68,311.72,311.11,311.3,30851
2026-06-04 23:00:00+00:00,311.3,311.32,310.0,310.5,46083
2026-06-05 08:00:00+00:00,310.3,311.13,310.3,310.76,40565
2026-06-05 09:00:00+00:00,310.85,311.56,310.8,310.99,14265
2026-06-05 10:00:00+00:00,310.98,311.25,310.72,310.83,13920
2026-06-05 11:00:00+00:00,310.84,311.24,310.57,310.86,29900
2026-06-05 12:00:00+00:00,310.452,313.4,310.452,312.53,220018
2026-06-05 13:00:00+00:00,312.53,314.5,312.07,313.67,5948824
2026-06-05 14:00:00+00:00,313.63,315.17,312.24,312.98,7145165
2026-06-05 15:00:00+00:00,312.98,314.1499,312.6,313.43,4327203
2026-06-05 16:00:00+00:00,313.42,313.55,310.66,310.88,6938704
2026-06-05 17:00:00+00:00,310.89,312.6417,309.58,312.52,5089027
2026-06-05 18:00:00+00:00,312.54,312.81,309.46,309.46,9193819
2026-06-05 19:00:00+00:00,309.47,309.68,307.15,307.39,11844122
2026-06-05 20:00:00+00:00,307.51,307.65,307.0,307.16,14193185
2026-06-05 21:00:00+00:00,307.25,308.51,307.13,307.66,415094
2026-06-05 22:00:00+00:00,307.55,308.49,307.5,308.49,31672
2026-06-05 23:00:00+00:00,308.25,308.47,307.36,307.78,37611
2026-06-08 08:00:00+00:00,307.38,309.94,307.38,308.26,155485
2026-06-08 09:00:00+00:00,308.28,309.12,307.5025,308.0,41752
2026-06-08 10:00:00+00:00,308.0,308.48,307.41,307.6,39712
2026-06-08 11:00:00+00:00,307.55,308.97,307.36,308.5,123119
2026-06-08 12:00:00+00:00,308.4927,308.7275,308.2,308.71,831792
2026-06-08 13:00:00+00:00,308.63,315.17,307.42,310.92,6857218
2026-06-08 14:00:00+00:00,310.96,315.36,309.9169,315.27,6236723
2026-06-08 15:00:00+00:00,315.27,315.36,313.32,313.61,4685899
2026-06-08 16:00:00+00:00,313.62,314.99,312.86,313.5,4682560
2026-06-08 17:00:00+00:00,313.51,317.4,307.57,308.455,14764157
2026-06-08 18:00:00+00:00,308.5,309.04,302.67,303.81,13361301
2026-06-08 19:00:00+00:00,303.83,304.88,301.17,301.58,12439467
2026-06-08 20:00:00+00:00,301.58,301.9936,300.37,300.69,13376898
2026-06-08 21:00:00+00:00,300.7,300.7,299.75,300.18,318310
2026-06-08 22:00:00+00:00,300.17,300.87,299.12,300.73,187987
2026-06-08 23:00:00+00:00,300.83,301.3,300.3715,300.674,65977
2026-06-09 08:00:00+00:00,300.8,301.7129,300.35,300.7,122738
2026-06-09 09:00:00+00:00,300.6,301.48,300.6,301.3,21519
2026-06-09 10:00:00+00:00,301.3,301.5,300.5,300.7,40838
2026-06-09 11:00:00+00:00,300.7,301.2,299.4,299.6754,149730
2026-06-09 12:00:00+00:00,299.7,300.5,298.74,300.4682,247657
2026-06-09 13:00:00+00:00,300.4,302.2,295.91,296.15,7959527
2026-06-09 14:00:00+00:00,296.17,296.2299,291.8,293.12,12567614
2026-06-09 15:00:00+00:00,293.14,293.73,290.9,291.17,7694645
2026-06-09 16:00:00+00:00,291.165,291.5,287.78,289.16,9900133
2026-06-09 17:00:00+00:00,289.21,291.13,289.1801,289.68,5573178
2026-06-09 18:00:00+00:00,289.69,291.8,289.34,291.32,4859896
2026-06-09 19:00:00+00:00,291.33,291.94,288.8,290.36,9663891
2026-06-09 20:00:00+00:00,290.36,291.4,290.36,291.0,11026108
2026-06-09 21:00:00+00:00,291.01,291.25,290.3058,290.57,79119
2026-06-09 22:00:00+00:00,290.7,291.4099,290.19,290.49,50943
2026-06-09 23:00:00+00:00,290.6605,291.4,290.24,291.11,48772
2026-06-10 08:00:00+00:00,291.0,292.19,289.59,289.65,116407
2026-06-10 09:00:00+00:00,289.81,290.5,289.38,290.25,27982
2026-06-10 10:00:00+00:00,290.37,291.427,290.35,291.08,27733
2026-06-10 11:00:00+00:00,291.08,291.1305,289.3,289.4894,89603
2026-06-10 12:00:00+00:00,289.4848,291.49,289.3,290.91,171923
2026-06-10 13:00:00+00:00,290.82,291.2,287.38,289.49,6598008
2026-06-10 14:00:00+00:00,289.49,291.19,288.445,289.67,7397779
2026-06-10 15:00:00+00:00,289.68,291.54,289.09,291.29,5065501
2026-06-10 16:00:00+00:00,291.3,292.98,290.51,292.3,5580685
2026-06-10 17:00:00+00:00,292.3053,294.07,291.72,294.02,5705630
2026-06-10 18:00:00+00:00,294.01,294.75,292.73,292.87,4460736
2026-06-10 19:00:00+00:00,292.88,293.36,291.39,291.48,7602472
2026-06-10 20:00:00+00:00,291.48,292.3,290.74,292.21,9905741
2026-06-10 21:00:00+00:00,292.06,292.3,291.6,291.7,34168
2026-06-10 22:00:00+00:00,291.87,291.88,290.54,290.54,142063
2026-06-10 23:00:00+00:00,290.35,291.24,290.01,290.89,57758
2026-06-11 08:00:00+00:00,293.08,294.27,291.73,292.02,93622
2026-06-11 09:00:00+00:00,292.2,292.75,291.9,292.64,13557
2026-06-11 10:00:00+00:00,292.6,292.78,292.2132,292.61,15481
2026-06-11 11:00:00+00:00,292.5,293.327,292.48,293.27,78202
2026-06-11 12:00:00+00:00,293.27,293.42,291.9,292.55,93679
2026-06-11 13:00:00+00:00,292.32,294.29,290.37,291.595,4047295
2026-06-11 14:00:00+00:00,291.595,291.78,289.59,289.9,5296862
2026-06-11 15:00:00+00:00,289.91,293.565,289.79,293.37,3964189
2026-06-11 16:00:00+00:00,293.4099,294.51,291.5045,293.75,3303302
2026-06-11 17:00:00+00:00,293.76,297.0,293.0601,295.78,4738588
2026-06-11 18:00:00+00:00,295.775,296.45,295.125,295.21,2817009
2026-06-11 19:00:00+00:00,295.2,296.18,294.67,295.34,7532987
2026-06-11 20:00:00+00:00,295.34,296.07,295.05,295.65,10645447
2026-06-11 21:00:00+00:00,295.63,295.89,295.41,295.6552,57415
2026-06-11 22:00:00+00:00,295.56,295.8,295.42,295.58,27068
2026-06-11 23:00:00+00:00,295.61,295.89,295.2,295.84,27636
2026-06-12 08:00:00+00:00,295.79,296.6,295.1723,296.31,69639
2026-06-12 09:00:00+00:00,296.31,297.0,296.31,296.8,18732
2026-06-12 10:00:00+00:00,296.8,296.8,296.2,296.36,15874
2026-06-12 11:00:00+00:00,296.23,296.95,296.0,296.8,75282
2026-06-12 12:00:00+00:00,296.85,296.85,295.64,295.92,74694
2026-06-12 13:00:00+00:00,295.94,297.14,290.99,291.11,5506459
2026-06-12 14:00:00+00:00,291.1,293.21,290.01,291.74,5845512
2026-06-12 15:00:00+00:00,291.745,292.99,291.01,291.33,4126761
2026-06-12 16:00:00+00:00,291.335,292.2,290.75,291.21,3246498
2026-06-12 17:00:00+00:00,291.18,292.245,289.81,289.89,3102076
2026-06-12 18:00:00+00:00,289.9,290.74,289.62,290.47,2836311
2026-06-12 19:00:00+00:00,290.46,291.64,290.19,291.07,5773144
2026-06-12 20:00:00+00:00,291.07,291.98,291.04,291.34,8033473
2026-06-12 21:00:00+00:00,291.3322,291.57,291.02,291.4,99075
2026-06-12 22:00:00+00:00,291.23,291.45,291.1695,291.271,22946
2026-06-12 23:00:00+00:00,291.4,291.52,291.27,291.5199,19555
2026-06-15 08:00:00+00:00,294.74,294.9,292.0,293.5399,150385
2026-06-15 09:00:00+00:00,293.47,293.72,293.29,293.68,51508
2026-06-15 10:00:00+00:00,293.62,293.88,293.1049,293.4,32445
2026-06-15 11:00:00+00:00,293.19,293.5,292.74,292.94,137618
2026-06-15 12:00:00+00:00,292.9067,293.13,290.403,293.0,279478
2026-06-15 13:00:00+00:00,293.0,295.93,291.7,295.3583,6162611
2026-06-15 14:00:00+00:00,295.35,296.71,295.06,296.483,5079411
2026-06-15 15:00:00+00:00,296.48,297.78,296.17,297.48,4155906
2026-06-15 16:00:00+00:00,297.48,297.77,296.56,296.945,2696873
2026-06-15 17:00:00+00:00,296.92,297.21,295.63,295.745,3229412
2026-06-15 18:00:00+00:00,295.75,296.405,294.96,296.395,3605382
2026-06-15 19:00:00+00:00,296.39,296.67,295.61,296.51,6222666
2026-06-15 20:00:00+00:00,296.4,296.58,295.25,296.07,13660136
2026-06-15 21:00:00+00:00,296.1,296.42,295.7964,296.02,355182
2026-06-15 22:00:00+00:00,296.07,296.08,295.13,295.77,36186
2026-06-15 23:00:00+00:00,295.77,296.3746,295.68,296.3,33684
2026-06-16 08:00:00+00:00,296.3,297.32,295.49,296.3,82423
2026-06-16 09:00:00+00:00,296.262,296.42,295.77,295.92,19779
2026-06-16 10:00:00+00:00,295.79,296.0893,295.73,295.96,7833
2026-06-16 11:00:00+00:00,295.98,297.0,295.65,295.65,76370
2026-06-16 12:00:00+00:00,295.87,296.07,294.82,295.95,76214
2026-06-16 13:00:00+00:00,295.8,297.95,293.97,297.08,3894386
2026-06-16 14:00:00+00:00,297.1,298.01,296.71,297.55,5056262
2026-06-16 15:00:00+00:00,297.54,298.57,297.2,298.17,4035083
2026-06-16 16:00:00+00:00,298.17,299.77,298.04,299.47,3784536
2026-06-16 17:00:00+00:00,299.45,300.48,299.08,299.6,3566363
2026-06-16 18:00:00+00:00,299.59,299.76,298.568,299.18,2867141
2026-06-16 19:00:00+00:00,299.175,299.49,298.22,299.26,6256263
2026-06-16 20:00:00+00:00,299.28,299.39,298.64,298.98,10220122
2026-06-16 21:00:00+00:00,298.95,298.9989,298.66,298.99,23989
2026-06-16 22:00:00+00:00,298.99,299.42,298.94,299.2,51535
2026-06-16 23:00:00+00:00,299.32,299.32,298.73,298.9,13163
2026-06-17 08:00:00+00:00,299.5,299.7,298.28,298.96,58283
2026-06-17 09:00:00+00:00,298.88,298.99,298.63,298.99,8800
2026-06-17 10:00:00+00:00,298.79,298.9,298.43,298.5,7677
2026-06-17 11:00:00+00:00,298.62,299.24,298.5,298.7469,117618
2026-06-17 12:00:00+00:00,298.7318,298.88,298.44,298.72,20198
2026-06-17 13:00:00+00:00,298.7,302.07,298.62,300.3,4225190
2026-06-17 14:00:00+00:00,300.34,300.9675,298.35,298.54,4407619
2026-06-17 15:00:00+00:00,298.55,298.77,296.64,298.555,3573766
2026-06-17 16:00:00+00:00,298.56,299.16,298.095,298.2,3007289
2026-06-17 17:00:00+00:00,298.215,298.22,296.42,297.53,2580057
2026-06-17 18:00:00+00:00,297.53,297.54,294.36,294.59,4525282
2026-06-17 19:00:00+00:00,294.605,296.22,294.39,295.88,6573724
2026-06-17 20:00:00+00:00,295.85,296.4,295.36,295.8,13141243
2026-06-17 21:00:00+00:00,295.81,299.58,295.8,297.35,326121
2026-06-17 22:00:00+00:00,297.36,297.69,297.01,297.1,59935
2026-06-17 23:00:00+00:00,297.01,297.38,296.66,297.1,27654
2026-06-18 08:00:00+00:00,297.0,298.6058,297.0,297.71,84096
2026-06-18 09:00:00+00:00,297.3469,297.69,297.3469,297.6,15929
2026-06-18 10:00:00+00:00,297.65,297.677,297.03,297.53,24418
2026-06-18 11:00:00+00:00,297.45,297.53,295.87,296.76,114841
2026-06-18 12:00:00+00:00,296.7585,296.98,296.2,296.68,93255
2026-06-18 13:00:00+00:00,296.6,300.4599,295.62,298.275,18223886
2026-06-18 14:00:00+00:00,298.31,300.57,298.02,299.18,11062124
2026-06-18 15:00:00+00:00,299.22,299.23,295.95,297.38,6458420
2026-06-18 16:00:00+00:00,297.4,297.73,296.69,297.14,5287928
2026-06-18 17:00:00+00:00,297.13,298.36,297.03,297.56,2893517
2026-06-18 18:00:00+00:00,297.575,298.0785,297.01,297.7,2385506
2026-06-18 19:00:00+00:00,297.705,299.24,297.04,297.89,6856204
2026-06-18 20:00:00+00:00,297.865,298.9026,297.62,297.65,32306985
2026-06-18 21:00:00+00:00,297.78,298.23,297.78,298.02,129792
2026-06-18 22:00:00+00:00,298.03,298.04,297.0,297.1,36017
2026-06-18 23:00:00+00:00,297.1562,297.39,297.01,297.23,13733
2026-06-22 08:00:00+00:00,296.4,297.75,295.07,296.85,84218
2026-06-22 09:00:00+00:00,297.0,297.0,296.73,296.8,13526
2026-06-22 10:00:00+00:00,296.99,297.38,294.04,294.79,79503
2026-06-22 11:00:00+00:00,295.01,296.4,294.82,295.92,68467
2026-06-22 12:00:00+00:00,295.92,296.7,295.89,296.3999,78254
2026-06-22 13:00:00+00:00,296.4,302.06,296.0,301.76,5231623
2026-06-22 14:00:00+00:00,301.745,302.42,299.37,299.8,5474434
2026-06-22 15:00:00+00:00,299.805,301.4299,299.035,300.89,3574212
2026-06-22 16:00:00+00:00,300.885,300.96,299.91,299.92,2986251
2026-06-22 17:00:00+00:00,299.93,300.13,299.25,299.31,2459990
2026-06-22 18:00:00+00:00,299.31,299.34,298.583,299.07,2309116
2026-06-22 19:00:00+00:00,299.08,299.34,296.76,296.79,7945622
2026-06-22 20:00:00+00:00,296.7991,297.34,296.48,296.55,14639378
2026-06-22 21:00:00+00:00,296.51,296.6965,296.27,296.3,56217
2026-06-22 22:00:00+00:00,296.32,296.8,295.59,295.67,42591
2026-06-22 23:00:00+00:00,295.68,296.2,295.2458,295.6405,38808
2026-06-23 08:00:00+00:00,295.31,299.99,294.09,295.56,253074
2026-06-23 09:00:00+00:00,295.5184,296.31,295.47,296.02,49667
2026-06-23 10:00:00+00:00,296.07,296.3,295.6313,295.93,21578
2026-06-23 11:00:00+00:00,295.69,296.0,294.48,294.7,89835
2026-06-23 12:00:00+00:00,294.63,296.268,294.06,295.0013,89430
2026-06-23 13:00:00+00:00,295.0274,301.64,294.95,299.11,5895474
2026-06-23 14:00:00+00:00,299.085,300.88,298.795,300.09,5200856
2026-06-23 15:00:00+00:00,300.09,300.32,297.35,298.065,4270935
2026-06-23 16:00:00+00:00,298.07,299.28,297.95,298.99,3574168
2026-06-23 17:00:00+00:00,299.01,300.085,297.88,298.96,3334701
2026-06-23 18:00:00+00:00,298.99,299.38,297.45,297.53,3661853
2026-06-23 19:00:00+00:00,297.52,298.8676,294.18,294.29,10915861
2026-06-23 20:00:00+00:00,294.32,295.22,293.5,295.0,14686338
2026-06-23 21:00:00+00:00,295.0,295.0,294.3,294.77,44481
2026-06-23 22:00:00+00:00,294.75,294.82,293.5,293.99,53274
2026-06-23 23:00:00+00:00,293.93,294.82,293.52,294.7,30871
2026-06-24 08:00:00+00:00,294.3,294.83,293.5,293.95,84091
2026-06-24 09:00:00+00:00,293.68,293.94,293.4,293.62,9847
2026-06-24 10:00:00+00:00,293.77,294.81,293.71,294.75,23140
2026-06-24 11:00:00+00:00,294.84,296.68,294.65,295.83,88663
2026-06-24 12:00:00+00:00,296.09,296.23,295.12,295.49,73109
2026-06-24 13:00:00+00:00,295.48,296.4699,293.2,294.77,3985685
2026-06-24 14:00:00+00:00,294.77,297.26,294.23,297.08,3738476
2026-06-24 15:00:00+00:00,297.11,299.7,296.65,299.475,4567884
2026-06-24 16:00:00+00:00,299.465,299.5,296.87,297.345,3306487
2026-06-24 17:00:00+00:00,297.35,297.41,295.58,295.61,3648305
2026-06-24 18:00:00+00:00,295.61,296.495,294.16,295.17,4935071
2026-06-24 19:00:00+00:00,295.16,295.55,292.94,293.07,9948120
2026-06-24 20:00:00+00:00,293.08,295.25,292.54,293.2048,18529668
2026-06-24 21:00:00+00:00,293.2,293.819,293.0,293.19,144222
2026-06-24 22:00:00+00:00,293.4,293.7,292.0,292.1,107880
2026-06-24 23:00:00+00:00,292.175,292.1762,290.66,290.81,113384
2026-06-25 08:00:00+00:00,291.5,292.99,290.543,291.67,104857
2026-06-25 09:00:00+00:00,291.8,291.89,291.25,291.67,12800
2026-06-25 10:00:00+00:00,291.85,291.95,291.33,291.61,13759
2026-06-25 11:00:00+00:00,291.54,291.66,290.8,291.11,86926
2026-06-25 12:00:00+00:00,291.21,293.94,290.7,291.15,337863
2026-06-25 13:00:00+00:00,291.01,291.14,277.67,278.97,14606099
2026-06-25 14:00:00+00:00,278.945,280.1798,277.45,277.605,12603655
2026-06-25 15:00:00+00:00,277.61,279.65,276.44,277.855,9093797
2026-06-25 16:00:00+00:00,277.89,278.19,273.75,275.12,11511038
2026-06-25 17:00:00+00:00,275.135,278.39,275.11,276.7882,11468177
2026-06-25 18:00:00+00:00,276.795,280.2201,276.22,279.425,7675568
2026-06-25 19:00:00+00:00,279.43,279.43,273.9,275.05,21706457
2026-06-25 20:00:00+00:00,275.16,275.7,273.72,275.28,17850673
2026-06-25 21:00:00+00:00,275.32,275.43,275.08,275.1335,104659
2026-06-25 22:00:00+00:00,275.14,275.67,274.9,275.4119,121120
2026-06-25 23:00:00+00:00,275.5,277.92,275.426,276.25,146501
2026-06-26 08:00:00+00:00,276.0,276.385,273.33,275.01,176586
2026-06-26 09:00:00+00:00,275.02,276.34,274.8,275.9,39290
2026-06-26 10:00:00+00:00,275.8,277.3,275.7,276.53,67281
2026-06-26 11:00:00+00:00,276.62,276.8799,275.83,276.4,190214
2026-06-26 12:00:00+00:00,276.35,278.1324,276.2,276.94,351814
2026-06-26 13:00:00+00:00,276.8265,278.2,274.21,275.7,10398733
2026-06-26 14:00:00+00:00,275.7369,280.22,275.46,279.8496,11523729
2026-06-26 15:00:00+00:00,279.85,280.47,277.0,277.165,11689471
2026-06-26 16:00:00+00:00,277.18,279.37,275.25,278.91,10846408
2026-06-26 17:00:00+00:00,278.91,279.87,278.43,279.195,6542338
2026-06-26 18:00:00+00:00,279.21,281.82,278.89,280.715,11711030
2026-06-26 19:00:00+00:00,280.715,285.95,279.41,281.3,32596499
2026-06-26 20:00:00+00:00,281.25,285.24,280.7561,282.36,165277884
2026-06-26 21:00:00+00:00,282.336,282.6,281.53,281.8,444964
2026-06-26 22:00:00+00:00,281.67,282.95,281.61,282.5,54536
2026-06-26 23:00:00+00:00,282.4903,282.95,282.19,282.5007,30130
