date,open,high,low,close,volume
2025-06-30 08:00:00+00:00,547.98,549.1,547.98,548.69,96696
2025-06-30 09:00:00+00:00,548.66,549.61,548.58,548.82,102260
2025-06-30 10:00:00+00:00,548.82,549.44,548.79,549.1,76924
2025-06-30 11:00:00+00:00,549.01,549.38,548.82,549.12,148040
2025-06-30 12:00:00+00:00,548.86,549.35,545.74,548.51,396414
2025-06-30 13:00:00+00:00,548.52,549.04,546.38,547.49,5469254
2025-06-30 14:00:00+00:00,547.49,548.12,547.07,547.35,6384922
2025-06-30 15:00:00+00:00,547.36,548.25,546.9,547.89,4270592
2025-06-30 16:00:00+00:00,547.89,548.46,547.63,547.84,3240249
2025-06-30 17:00:00+00:00,547.87,548.06,546.55,547.34,4247353
2025-06-30 18:00:00+00:00,547.33,548.13,546.41,548.03,5326991
2025-06-30 19:00:00+00:00,548.04,550.15,548.01,549.0,11171850
2025-06-30 20:00:00+00:00,549.0,549.27,548.19,548.55,4297771
2025-06-30 21:00:00+00:00,548.65,548.88,548.59,548.87,139829
2025-06-30 22:00:00+00:00,548.81,549.0,548.31,548.31,97449
2025-06-30 23:00:00+00:00,548.38,549.02,548.11,548.92,65018
2025-07-01 08:00:00+00:00,547.92,548.41,547.54,548.05,68959
2025-07-01 09:00:00+00:00,548.12,548.19,547.36,547.82,79559
2025-07-01 10:00:00+00:00,547.79,547.97,547.64,547.94,51368
2025-07-01 11:00:00+00:00,547.96,548.15,547.27,547.72,80192
2025-07-01 12:00:00+00:00,547.96,548.86,546.02,546.91,525392
2025-07-01 13:00:00+00:00,547.02,547.82,546.51,547.29,5050560
2025-07-01 14:00:00+00:00,547.12,548.07,543.98,544.3,11585107
2025-07-01 15:00:00+00:00,544.29,545.0,542.05,543.6,10970522
2025-07-01 16:00:00+00:00,543.61,545.51,542.96,544.61,5175915
2025-07-01 17:00:00+00:00,544.62,546.06,544.61,545.58,3657633
2025-07-01 18:00:00+00:00,545.59,545.86,544.59,544.62,3819829
2025-07-01 19:00:00+00:00,544.61,545.77,543.3,544.36,12165901
2025-07-01 20:00:00+00:00,544.37,544.52,543.88,544.38,2438959
2025-07-01 21:00:00+00:00,544.35,544.35,543.98,544.03,336321
2025-07-01 22:00:00+00:00,544.07,545.05,544.07,545.0,69347
2025-07-01 23:00:00+00:00,545.06,545.19,544.61,544.74,63280
2025-07-02 08:00:00+00:00,545.24,545.56,544.77,544.86,81066
2025-07-02 09:00:00+00:00,544.97,545.02,544.54,544.99,52682
2025-07-02 10:00:00+00:00,544.95,545.07,544.05,544.33,70756
2025-07-02 11:00:00+00:00,544.33,544.73,543.2,543.8,133509
2025-07-02 12:00:00+00:00,544.52,546.47,541.93,542.67,561792
2025-07-02 13:00:00+00:00,542.7,545.33,542.36,544.8,5078097
2025-07-02 14:00:00+00:00,544.79,547.77,544.72,547.29,6830445
2025-07-02 15:00:00+00:00,547.3,548.12,546.99,547.54,5371809
2025-07-02 16:00:00+00:00,547.53,548.11,547.24,548.0,3133146
2025-07-02 17:00:00+00:00,548.0,548.16,547.25,547.65,2930941
2025-07-02 18:00:00+00:00,547.67,547.95,547.38,547.74,2643532
2025-07-02 19:00:00+00:00,547.75,548.36,547.39,548.17,6947310
2025-07-02 20:00:00+00:00,548.18,548.48,547.76,548.36,2496455
2025-07-02 21:00:00+00:00,548.39,548.46,548.23,548.26,70921
2025-07-02 22:00:00+00:00,548.23,548.51,547.82,548.19,65303
2025-07-02 23:00:00+00:00,548.15,548.31,548.15,548.3,51762
2025-07-03 08:00:00+00:00,549.4,549.62,548.74,548.74,52039
2025-07-03 09:00:00+00:00,548.58,549.14,548.56,548.58,52980
2025-07-03 10:00:00+00:00,548.62,548.75,548.16,548.71,52299
2025-07-03 11:00:00+00:00,548.7,549.04,548.65,548.9,88591
2025-07-03 12:00:00+00:00,548.85,550.6,548.34,549.61,604866
2025-07-03 13:00:00+00:00,549.63,552.28,549.63,552.09,6130009
2025-07-03 14:00:00+00:00,552.08,553.7,552.08,553.25,6722853
2025-07-03 15:00:00+00:00,553.26,554.53,553.24,554.11,4762399
2025-07-03 16:00:00+00:00,554.12,554.38,552.82,553.49,6159527
2025-07-03 17:00:00+00:00,553.53,553.93,552.94,553.12,1529837
2025-07-03 18:00:00+00:00,553.13,553.26,553.07,553.09,132910
2025-07-03 19:00:00+00:00,553.13,553.27,553.04,553.17,69601
2025-07-03 20:00:00+00:00,553.23,553.25,553.06,553.15,71544
2025-07-07 08:00:00+00:00,551.22,551.33,550.05,550.19,96571
2025-07-07 09:00:00+00:00,550.02,551.36,550.02,551.36,80385
2025-07-07 10:00:00+00:00,551.33,551.88,551.24,551.29,64717
2025-07-07 11:00:00+00:00,551.28,551.84,551.15,551.82,151747
2025-07-07 12:00:00+00:00,551.75,553.97,550.12,551.08,401072
2025-07-07 13:00:00+00:00,551.05,551.68,549.84,550.95,5109196
2025-07-07 14:00:00+00:00,550.94,551.31,549.4,549.69,5616457
2025-07-07 15:00:00+00:00,549.68,550.68,549.54,550.48,3659866
2025-07-07 16:00:00+00:00,550.47,551.28,548.19,549.08,8383957
2025-07-07 17:00:00+00:00,549.07,550.45,548.52,549.12,4999882
2025-07-07 18:00:00+00:00,549.1,549.34,546.95,549.22,6802608
2025-07-07 19:00:00+00:00,549.22,549.58,548.39,549.41,7291008
2025-07-07 20:00:00+00:00,549.37,549.46,547.95,548.33,2175542
2025-07-07 21:00:00+00:00,548.35,548.39,547.98,548.17,289193
2025-07-07 22:00:00+00:00,548.31,548.7,547.71,548.58,163528
2025-07-07 23:00:00+00:00,548.55,549.27,548.51,549.15,54061
2025-07-08 08:00:00+00:00,551.29,551.35,550.72,551.03,76379
2025-07-08 09:00:00+00:00,550.8,551.13,550.39,550.49,42824
2025-07-08 10:00:00+00:00,550.55,551.13,550.05,550.96,76436
2025-07-08 11:00:00+00:00,550.94,551.21,550.6,550.88,60781
2025-07-08 12:00:00+00:00,550.8,551.6,548.97,550.73,284254
2025-07-08 13:00:00+00:00,550.8,551.19,549.45,549.46,3974561
2025-07-08 14:00:00+00:00,549.46,550.88,548.46,549.71,7299476
2025-07-08 15:00:00+00:00,549.7,550.21,548.79,550.0,4269917
2025-07-08 16:00:00+00:00,550.01,551.35,549.59,550.26,4344726
2025-07-08 17:00:00+00:00,550.25,550.78,549.3,550.69,3065757
2025-07-08 18:00:00+00:00,550.67,550.85,549.64,549.84,3384922
2025-07-08 19:00:00+00:00,549.83,549.93,549.17,549.67,6925177
2025-07-08 20:00:00+00:00,549.67,550.06,549.57,549.93,2047966
2025-07-08 21:00:00+00:00,549.92,550.04,549.69,549.94,199904
2025-07-08 22:00:00+00:00,550.03,550.34,549.92,550.13,22507
2025-07-08 23:00:00+00:00,550.19,550.4,549.77,549.9,62751
2025-07-09 08:00:00+00:00,549.78,549.96,549.51,549.74,41626
2025-07-09 09:00:00+00:00,549.75,550.9,549.75,550.49,49456
2025-07-09 10:00:00+00:00,550.46,550.76,550.21,550.49,43897
2025-07-09 11:00:00+00:00,550.49,551.19,550.45,550.88,59310
2025-07-09 12:00:00+00:00,550.58,551.25,548.79,550.78,245977
2025-07-09 13:00:00+00:00,550.8,554.62,550.71,554.37,5281367
2025-07-09 14:00:00+00:00,554.36,554.96,550.64,551.09,9649507
2025-07-09 15:00:00+00:00,551.09,552.08,550.45,551.13,5882906
2025-07-09 16:00:00+00:00,551.13,552.54,550.89,551.95,3928415
2025-07-09 17:00:00+00:00,551.94,552.36,551.43,551.97,3990889
2025-07-09 18:00:00+00:00,551.94,553.26,551.9,553.09,3900018
2025-07-09 19:00:00+00:00,553.1,553.71,552.88,553.59,8128521
2025-07-09 20:00:00+00:00,553.58,553.78,552.22,553.38,1595787
2025-07-09 21:00:00+00:00,553.32,553.42,553.23,553.39,29522
2025-07-09 22:00:00+00:00,553.35,553.87,553.2,553.7,48839
2025-07-09 23:00:00+00:00,553.73,553.74,553.14,553.2,51775
2025-07-10 08:00:00+00:00,552.92,553.54,552.83,553.51,55316
2025-07-10 09:00:00+00:00,553.49,553.59,552.74,553.11,58183
2025-07-10 10:00:00+00:00,553.01,553.67,553.01,553.46,57412
2025-07-10 11:00:00+00:00,553.44,554.24,553.35,554.13,88832
2025-07-10 12:00:00+00:00,553.49,554.23,552.03,553.63,293406
2025-07-10 13:00:00+00:00,553.65,554.63,551.01,551.5,5679526
2025-07-10 14:00:00+00:00,551.5,552.14,550.1,551.58,7420074
2025-07-10 15:00:00+00:00,551.57,553.03,551.04,553.02,4298950
2025-07-10 16:00:00+00:00,553.02,553.03,551.58,552.26,4116660
2025-07-10 17:00:00+00:00,552.26,553.42,552.2,553.32,2866182
2025-07-10 18:00:00+00:00,553.32,553.62,553.04,553.34,2773740
2025-07-10 19:00:00+00:00,553.33,553.49,552.23,552.81,5407391
2025-07-10 20:00:00+00:00,552.79,553.03,552.39,552.68,1276709
2025-07-10 21:00:00+00:00,552.72,552.79,552.65,552.7,12911
2025-07-10 22:00:00+00:00,552.69,553.35,552.63,553.35,100184
2025-07-10 23:00:00+00:00,553.34,553.56,553.16,553.46,73077
2025-07-11 08:00:00+00:00,550.35,551.51,549.59,550.37,116979
2025-07-11 09:00:00+00:00,550.38,550.55,549.34,549.47,122612
2025-07-11 10:00:00+00:00,549.42,550.11,549.21,549.65,99086
2025-07-11 11:00:00+00:00,549.65,550.85,549.56,550.49,170700
2025-07-11 12:00:00+00:00,549.7,552.02,549.27,550.41,318744
2025-07-11 13:00:00+00:00,550.34,551.86,549.4,551.77,5375961
2025-07-11 14:00:00+00:00,551.77,552.82,551.29,551.89,6281917
2025-07-11 15:00:00+00:00,551.89,552.85,550.46,552.05,5021850
2025-07-11 16:00:00+00:00,552.06,552.82,551.64,552.69,3785229
2025-07-11 17:00:00+00:00,552.7,553.13,551.71,552.6,3355137
2025-07-11 18:00:00+00:00,552.58,553.06,551.89,552.06,3726248
2025-07-11 19:00:00+00:00,552.05,552.53,550.83,551.55,7396216
2025-07-11 20:00:00+00:00,551.54,551.59,550.96,551.13,3586416
2025-07-11 21:00:00+00:00,551.05,551.24,551.01,551.23,198167
2025-07-11 22:00:00+00:00,551.08,551.15,550.89,550.9,25831
2025-07-11 23:00:00+00:00,550.99,551.03,550.73,550.85,27639
2025-07-14 08:00:00+00:00,549.86,550.28,549.51,550.0,116676
2025-07-14 09:00:00+00:00,550.01,550.4,549.85,550.31,52842
2025-07-14 10:00:00+00:00,550.28,550.33,549.63,549.75,77651
2025-07-14 11:00:00+00:00,549.85,550.35,549.51,550.06,119001
2025-07-14 12:00:00+00:00,549.96,551.96,548.16,550.26,300445
2025-07-14 13:00:00+00:00,550.26,552.21,548.99,550.62,6751565
2025-07-14 14:00:00+00:00,550.63,552.52,550.5,552.51,6181714
2025-07-14 15:00:00+00:00,552.5,553.26,552.35,552.92,4689063
2025-07-14 16:00:00+00:00,552.91,553.65,552.7,553.49,3142891
2025-07-14 17:00:00+00:00,553.5,554.28,553.49,553.75,3915815
2025-07-14 18:00:00+00:00,553.75,554.12,553.56,553.9,2829539
2025-07-14 19:00:00+00:00,553.91,554.09,553.08,553.51,5807891
2025-07-14 20:00:00+00:00,553.51,553.63,553.24,553.55,2233059
2025-07-14 21:00:00+00:00,553.53,553.66,553.33,553.55,91775
2025-07-14 22:00:00+00:00,553.55,553.55,552.74,552.78,99516
2025-07-14 23:00:00+00:00,552.72,553.07,552.69,553.02,34278
2025-07-15 08:00:00+00:00,555.94,557.07,555.44,556.53,100639
2025-07-15 09:00:00+00:00,556.52,557.13,556.44,556.9,81782
2025-07-15 10:00:00+00:00,557.0,557.32,556.73,556.91,136510
2025-07-15 11:00:00+00:00,556.88,557.37,556.52,556.8,158341
2025-07-15 12:00:00+00:00,557.19,557.75,553.13,557.46,698897
2025-07-15 13:00:00+00:00,557.5,558.11,555.74,556.1,5860596
2025-07-15 14:00:00+00:00,556.12,557.53,555.09,555.17,7994711
2025-07-15 15:00:00+00:00,555.19,557.1,555.19,556.57,5000354
2025-07-15 16:00:00+00:00,556.57,556.8,554.79,555.17,4375003
2025-07-15 17:00:00+00:00,555.16,556.86,554.87,556.83,3753269
2025-07-15 18:00:00+00:00,556.85,557.07,555.05,555.06,4582765
2025-07-15 19:00:00+00:00,555.04,555.7,553.99,554.03,7627513
2025-07-15 20:00:00+00:00,554.01,554.18,553.06,553.25,2489674
2025-07-15 21:00:00+00:00,553.23,553.29,553.08,553.19,214960
2025-07-15 22:00:00+00:00,553.32,553.53,552.19,553.02,113150
2025-07-15 23:00:00+00:00,552.95,553.23,552.49,553.12,81507
2025-07-16 08:00:00+00:00,552.46,553.22,552.24,552.92,61006
2025-07-16 09:00:00+00:00,552.94,552.95,552.39,552.86,42767
2025-07-16 10:00:00+00:00,552.85,553.34,552.69,553.18,74414
2025-07-16 11:00:00+00:00,553.17,553.43,552.8,553.37,128217
2025-07-16 12:00:00+00:00,553.3,554.84,551.29,554.6,541314
2025-07-16 13:00:00+00:00,554.61,555.0,551.86,552.11,4946442
2025-07-16 14:00:00+00:00,552.12,553.63,551.65,552.61,7556970
2025-07-16 15:00:00+00:00,552.65,553.91,548.92,552.61,14570494
2025-07-16 16:00:00+00:00,552.61,553.99,551.74,553.93,5066200
2025-07-16 17:00:00+00:00,553.92,554.44,553.33,553.53,4849359
2025-07-16 18:00:00+00:00,553.53,554.61,553.26,554.59,3754286
2025-07-16 19:00:00+00:00,554.6,555.27,554.25,554.67,6656230
2025-07-16 20:00:00+00:00,554.67,554.68,554.21,554.34,3614406
2025-07-16 21:00:00+00:00,554.38,554.75,554.27,554.62,221559
2025-07-16 22:00:00+00:00,554.58,554.58,553.73,553.73,74002
2025-07-16 23:00:00+00:00,553.86,553.99,553.66,553.89,27866
2025-07-17 08:00:00+00:00,554.95,555.75,554.95,555.55,49650
2025-07-17 09:00:00+00:00,555.49,555.98,555.49,555.59,23415
2025-07-17 10:00:00+00:00,555.6,555.7,555.11,555.19,54554
2025-07-17 11:00:00+00:00,555.14,555.28,554.74,555.07,71225
2025-07-17 12:00:00+00:00,555.03,556.52,553.71,556.45,373925
2025-07-17 13:00:00+00:00,556.44,556.74,554.54,556.52,4789553
2025-07-17 14:00:00+00:00,556.54,557.68,555.71,557.58,5685377
2025-07-17 15:00:00+00:00,557.58,558.99,557.56,558.89,5268736
2025-07-17 16:00:00+00:00,558.89,559.52,558.79,559.08,4371153
2025-07-17 17:00:00+00:00,559.09,559.54,558.52,559.53,3773321
2025-07-17 18:00:00+00:00,559.54,559.61,558.61,558.97,4577034
2025-07-17 19:00:00+00:00,558.98,559.58,558.8,559.11,8254651
2025-07-17 20:00:00+00:00,559.14,559.52,558.57,559.28,2521589
2025-07-17 21:00:00+00:00,559.26,559.3,558.96,559.16,349236
2025-07-17 22:00:00+00:00,559.13,559.15,558.81,559.03,78300
2025-07-17 23:00:00+00:00,559.11,559.8,559.1,559.67,166494
2025-07-18 08:00:00+00:00,559.61,560.03,559.55,559.96,31168
2025-07-18 09:00:00+00:00,559.95,560.1,559.81,559.84,23360
2025-07-18 10:00:00+00:00,559.84,559.92,559.29,559.56,47374
2025-07-18 11:00:00+00:00,559.56,559.77,559.26,559.55,83840
2025-07-18 12:00:00+00:00,559.65,560.54,559.25,559.63,257858
2025-07-18 13:00:00+00:00,559.65,561.1,559.26,559.39,5613183
2025-07-18 14:00:00+00:00,559.43,560.17,557.64,558.09,6833965
2025-07-18 15:00:00+00:00,558.09,559.23,557.63,559.11,8020102
2025-07-18 16:00:00+00:00,559.12,559.16,557.3,557.67,6194310
2025-07-18 17:00:00+00:00,557.67,558.52,557.33,557.92,6042619
2025-07-18 18:00:00+00:00,557.95,558.61,557.82,558.05,6873577
2025-07-18 19:00:00+00:00,558.04,558.69,557.92,558.57,6990160
2025-07-18 20:00:00+00:00,558.57,558.64,558.23,558.6,3101241
2025-07-18 21:00:00+00:00,558.57,558.89,558.57,558.69,305849
2025-07-18 22:00:00+00:00,558.63,558.79,558.59,558.77,8971
2025-07-18 23:00:00+00:00,558.79,558.9,558.7,558.76,32214
2025-07-21 08:00:00+00:00,560.31,560.63,560.07,560.22,67152
2025-07-21 09:00:00+00:00,560.26,560.43,560.14,560.21,53156
2025-07-21 10:00:00+00:00,560.2,560.59,560.05,560.23,76057
2025-07-21 11:00:00+00:00,560.26,560.26,559.86,559.9,105237
2025-07-21 12:00:00+00:00,560.21,560.41,558.93,558.98,346445
2025-07-21 13:00:00+00:00,558.96,562.68,558.63,562.2,5414931
2025-07-21 14:00:00+00:00,562.22,563.35,562.22,562.74,5877526
2025-07-21 15:00:00+00:00,562.74,562.92,562.32,562.45,3284425
2025-07-21 16:00:00+00:00,562.45,563.04,561.83,562.91,4679072
2025-07-21 17:00:00+00:00,562.92,563.34,562.91,563.07,3386541
2025-07-21 18:00:00+00:00,563.06,563.21,562.47,562.56,3242275
2025-07-21 19:00:00+00:00,562.58,562.61,561.09,561.46,9057946
2025-07-21 20:00:00+00:00,561.47,561.69,561.35,561.5,3705740
2025-07-21 21:00:00+00:00,561.56,561.56,561.18,561.24,131737
2025-07-21 22:00:00+00:00,561.26,561.59,561.25,561.46,58007
2025-07-21 23:00:00+00:00,561.44,561.6,561.3,561.58,59290
2025-07-22 08:00:00+00:00,560.58,560.85,559.83,559.94,93745
2025-07-22 09:00:00+00:00,559.92,560.17,559.76,560.1,186450
2025-07-22 10:00:00+00:00,560.15,560.55,560.0,560.5,97332
2025-07-22 11:00:00+00:00,560.53,561.3,560.42,561.3,126529
2025-07-22 12:00:00+00:00,560.95,561.6,560.05,561.33,294863
2025-07-22 13:00:00+00:00,561.33,561.65,555.95,556.65,9102185
2025-07-22 14:00:00+00:00,556.66,558.79,555.93,558.66,8411901
2025-07-22 15:00:00+00:00,558.67,558.92,557.95,558.25,3818017
2025-07-22 16:00:00+00:00,558.26,558.67,557.1,558.02,3994816
2025-07-22 17:00:00+00:00,558.03,559.28,557.95,558.5,3362463
2025-07-22 18:00:00+00:00,558.49,559.37,557.38,559.34,3583178
2025-07-22 19:00:00+00:00,559.33,559.45,558.52,558.6,7356775
2025-07-22 20:00:00+00:00,558.59,558.63,557.78,558.0,2336153
2025-07-22 21:00:00+00:00,558.02,558.07,557.67,557.76,50332
2025-07-22 22:00:00+00:00,557.81,558.14,557.38,557.56,149990
2025-07-22 23:00:00+00:00,557.62,559.65,557.62,559.57,234006
2025-07-23 08:00:00+00:00,559.57,560.11,559.52,560.09,52390
2025-07-23 09:00:00+00:00,560.07,560.16,559.61,559.9,41421
2025-07-23 10:00:00+00:00,559.94,560.14,559.72,559.83,54744
2025-07-23 11:00:00+00:00,559.68,559.73,559.0,559.6,125631
2025-07-23 12:00:00+00:00,559.65,560.09,558.9,558.98,357442
2025-07-23 13:00:00+00:00,559.07,559.88,557.25,557.37,5809016
2025-07-23 14:00:00+00:00,557.35,558.25,556.9,558.16,5389293
2025-07-23 15:00:00+00:00,558.15,560.37,557.66,559.52,5917581
2025-07-23 16:00:00+00:00,559.52,559.67,558.02,558.85,4679393
2025-07-23 17:00:00+00:00,558.85,559.81,558.51,559.67,3583919
2025-07-23 18:00:00+00:00,559.66,561.1,559.66,560.57,3879431
2025-07-23 19:00:00+00:00,560.59,561.14,559.8,561.13,6355588
2025-07-23 20:00:00+00:00,561.15,563.32,560.66,563.16,3490918
2025-07-23 21:00:00+00:00,563.17,563.56,562.6,562.84,324411
2025-07-23 22:00:00+00:00,562.87,562.94,562.53,562.61,80486
2025-07-23 23:00:00+00:00,562.63,563.04,562.59,562.97,63826
2025-07-24 08:00:00+00:00,562.29,562.92,561.76,562.76,60248
2025-07-24 09:00:00+00:00,562.83,562.94,562.64,562.84,24855
2025-07-24 10:00:00+00:00,562.84,562.88,562.2,562.42,45096
2025-07-24 11:00:00+00:00,562.39,563.12,562.25,562.69,113247
2025-07-24 12:00:00+00:00,562.49,563.04,561.31,562.05,578693
2025-07-24 13:00:00+00:00,562.08,563.06,561.17,562.14,5505344
2025-07-24 14:00:00+00:00,562.17,562.58,560.59,562.36,5854541
2025-07-24 15:00:00+00:00,562.37,563.01,562.27,562.71,3936572
2025-07-24 16:00:00+00:00,562.68,562.72,561.57,562.3,4044955
2025-07-24 17:00:00+00:00,562.29,563.52,562.2,562.61,3250880
2025-07-24 18:00:00+00:00,562.62,563.52,562.44,563.0,4969637
2025-07-24 19:00:00+00:00,563.0,563.53,562.27,562.38,11930810
2025-07-24 20:00:00+00:00,562.38,562.97,562.14,562.85,1707596
2025-07-24 21:00:00+00:00,562.66,562.86,562.66,562.7,18084
2025-07-24 22:00:00+00:00,562.8,563.31,562.65,563.01,72019
2025-07-24 23:00:00+00:00,562.97,563.2,562.76,563.1,42995
2025-07-25 08:00:00+00:00,562.37,562.72,562.08,562.59,39532
2025-07-25 09:00:00+00:00,562.56,562.59,562.15,562.54,31489
2025-07-25 10:00:00+00:00,562.55,562.97,562.48,562.88,32584
2025-07-25 11:00:00+00:00,562.91,562.92,562.29,562.38,45935
2025-07-25 12:00:00+00:00,562.62,563.83,561.88,562.52,246695
2025-07-25 13:00:00+00:00,562.5,563.4,561.57,562.94,4579338
2025-07-25 14:00:00+00:00,562.97,563.66,562.82,563.31,4693099
2025-07-25 15:00:00+00:00,563.31,563.82,563.02,563.68,3055889
2025-07-25 16:00:00+00:00,563.68,564.97,563.58,564.38,4637945
2025-07-25 17:00:00+00:00,564.37,564.49,563.96,564.1,1964327
2025-07-25 18:00:00+00:00,564.11,564.6,563.83,564.2,2849167
2025-07-25 19:00:00+00:00,564.18,564.48,563.35,563.68,5850354
2025-07-25 20:00:00+00:00,563.67,564.27,563.31,564.25,2450143
2025-07-25 21:00:00+00:00,564.16,564.17,564.01,564.09,12570
2025-07-25 22:00:00+00:00,564.14,564.3,564.08,564.16,23755
2025-07-25 23:00:00+00:00,564.19,564.34,564.18,564.32,20635
2025-07-28 08:00:00+00:00,567.15,567.15,566.46,566.58,97031
2025-07-28 09:00:00+00:00,566.57,566.68,566.24,566.33,50190
2025-07-28 10:00:00+00:00,566.31,566.33,565.36,565.58,70413
2025-07-28 11:00:00+00:00,565.51,565.88,565.48,565.76,69868
2025-07-28 12:00:00+00:00,565.8,567.65,563.23,565.96,315037
2025-07-28 13:00:00+00:00,566.0,566.15,564.82,566.13,4858395
2025-07-28 14:00:00+00:00,566.13,566.31,565.09,565.51,4561338
2025-07-28 15:00:00+00:00,565.51,565.67,564.15,565.52,3964610
2025-07-28 16:00:00+00:00,565.53,565.84,565.05,565.32,2987911
2025-07-28 17:00:00+00:00,565.33,565.38,564.58,564.72,2522185
2025-07-28 18:00:00+00:00,564.72,564.95,564.24,564.75,3451390
2025-07-28 19:00:00+00:00,564.74,565.57,564.46,565.48,6006650
2025-07-28 20:00:00+00:00,565.48,565.98,565.4,565.88,2197274
2025-07-28 21:00:00+00:00,565.87,565.95,565.68,565.73,142772
2025-07-28 22:00:00+00:00,565.84,566.34,565.83,566.29,55302
2025-07-28 23:00:00+00:00,566.31,566.35,566.08,566.34,30234
2025-07-29 08:00:00+00:00,567.85,567.97,567.32,567.71,87601
2025-07-29 09:00:00+00:00,567.78,568.26,567.71,568.1,56514
2025-07-29 10:00:00+00:00,568.16,568.33,568.01,568.15,55890
2025-07-29 11:00:00+00:00,568.17,568.31,567.68,568.19,112080
2025-07-29 12:00:00+00:00,567.76,568.46,565.84,567.69,281721
2025-07-29 13:00:00+00:00,567.7,569.37,567.07,567.83,6043730
2025-07-29 14:00:00+00:00,567.95,567.98,566.09,566.41,6566939
2025-07-29 15:00:00+00:00,566.38,566.74,564.2,565.78,8066448
2025-07-29 16:00:00+00:00,565.75,565.99,564.46,565.85,4573715
2025-07-29 17:00:00+00:00,565.85,566.26,564.77,565.5,4096615
2025-07-29 18:00:00+00:00,565.49,565.83,564.95,565.18,2602705
2025-07-29 19:00:00+00:00,565.17,565.36,563.81,564.61,9739476
2025-07-29 20:00:00+00:00,564.61,565.16,564.38,564.52,2962618
2025-07-29 21:00:00+00:00,564.53,564.76,564.47,564.57,44422
2025-07-29 22:00:00+00:00,564.56,565.07,564.53,564.99,95354
2025-07-29 23:00:00+00:00,565.02,565.23,564.85,565.07,48161
2025-07-30 08:00:00+00:00,565.72,565.98,564.93,565.33,42826
2025-07-30 09:00:00+00:00,565.43,565.71,565.18,565.59,36735
2025-07-30 10:00:00+00:00,565.68,565.92,565.52,565.9,58292
2025-07-30 11:00:00+00:00,565.94,566.27,565.77,565.95,107873
2025-07-30 12:00:00+00:00,565.92,566.25,564.12,565.56,365471
2025-07-30 13:00:00+00:00,565.52,566.38,564.55,565.34,4151179
2025-07-30 14:00:00+00:00,565.34,566.74,564.95,566.12,3729542
2025-07-30 15:00:00+00:00,566.11,566.48,565.15,566.47,2813209
2025-07-30 16:00:00+00:00,566.47,566.87,566.17,566.57,1744368
2025-07-30 17:00:00+00:00,566.58,566.97,566.32,566.73,1631784
2025-07-30 18:00:00+00:00,566.71,567.88,563.36,563.68,9828359
2025-07-30 19:00:00+00:00,563.65,565.55,562.34,565.38,14391134
2025-07-30 20:00:00+00:00,565.4,570.3,565.08,569.57,3804009
2025-07-30 21:00:00+00:00,569.76,570.93,569.39,570.77,338558
2025-07-30 22:00:00+00:00,570.84,571.36,570.35,571.33,267281
2025-07-30 23:00:00+00:00,571.37,571.54,571.16,571.2,107555
2025-07-31 08:00:00+00:00,573.29,574.23,572.91,573.03,201581
2025-07-31 09:00:00+00:00,573.06,573.17,572.63,572.65,100581
2025-07-31 10:00:00+00:00,572.68,573.14,572.45,572.62,57717
2025-07-31 11:00:00+00:00,572.49,573.04,571.95,572.2,250768
2025-07-31 12:00:00+00:00,572.22,574.16,571.95,573.15,527584
2025-07-31 13:00:00+00:00,573.15,573.16,568.46,569.91,8739138
2025-07-31 14:00:00+00:00,569.92,570.62,566.69,566.85,7951135
2025-07-31 15:00:00+00:00,566.84,567.86,565.45,567.86,6940343
2025-07-31 16:00:00+00:00,567.86,568.68,567.24,567.54,4656253
2025-07-31 17:00:00+00:00,567.56,567.58,562.62,563.19,8305555
2025-07-31 18:00:00+00:00,563.18,564.99,561.17,563.77,9599040
2025-07-31 19:00:00+00:00,563.77,564.45,561.31,562.29,12204846
2025-07-31 20:00:00+00:00,562.3,564.64,560.81,561.71,4199926
2025-07-31 21:00:00+00:00,561.7,562.4,560.6,560.67,400057
2025-07-31 22:00:00+00:00,561.39,561.98,559.74,560.73,260327
2025-07-31 23:00:00+00:00,560.43,561.2,560.17,560.91,213895
2025-08-01 08:00:00+00:00,560.08,560.08,555.55,556.73,419152
2025-08-01 09:00:00+00:00,556.62,557.32,556.08,557.1,240135
2025-08-01 10:00:00+00:00,557.02,557.02,554.78,555.34,290912
2025-08-01 11:00:00+00:00,555.4,557.15,555.31,557.12,353617
2025-08-01 12:00:00+00:00,555.63,561.88,555.19,555.67,1386937
2025-08-01 13:00:00+00:00,555.73,556.49,550.67,551.15,12550192
2025-08-01 14:00:00+00:00,551.08,554.59,549.23,552.37,14224196
2025-08-01 15:00:00+00:00,552.37,554.49,551.57,554.25,7168186
2025-08-01 16:00:00+00:00,554.25,555.17,551.03,551.19,5629710
2025-08-01 17:00:00+00:00,551.18,551.64,549.95,550.36,6241018
2025-08-01 18:00:00+00:00,550.34,552.7,549.04,550.95,6569060
2025-08-01 19:00:00+00:00,550.97,552.77,550.16,551.2,9901111
2025-08-01 20:00:00+00:00,551.2,551.52,550.88,550.97,4182323
2025-08-01 21:00:00+00:00,550.98,551.54,550.86,551.53,148199
2025-08-01 22:00:00+00:00,551.41,551.49,550.85,551.14,48966
2025-08-01 23:00:00+00:00,551.22,551.22,550.35,550.4,33492
2025-08-04 08:00:00+00:00,554.39,555.69,554.33,555.69,146170
2025-08-04 09:00:00+00:00,555.64,556.02,555.49,555.49,87486
2025-08-04 10:00:00+00:00,555.52,556.02,555.44,555.65,191505
2025-08-04 11:00:00+00:00,555.66,555.96,554.98,555.25,189741
2025-08-04 12:00:00+00:00,555.28,556.08,553.04,555.92,441343
2025-08-04 13:00:00+00:00,555.96,560.31,555.84,560.06,8940571
2025-08-04 14:00:00+00:00,560.07,560.43,558.82,559.33,7372193
2025-08-04 15:00:00+00:00,559.32,560.5,558.66,560.27,5228627
2025-08-04 16:00:00+00:00,560.27,560.88,560.14,560.67,4845569
2025-08-04 17:00:00+00:00,560.66,561.03,559.99,560.63,3350675
2025-08-04 18:00:00+00:00,560.64,561.01,560.36,560.47,3649976
2025-08-04 19:00:00+00:00,560.47,561.61,560.28,561.4,8546987
2025-08-04 20:00:00+00:00,561.4,562.69,561.1,562.69,4335002
2025-08-04 21:00:00+00:00,562.63,562.78,562.49,562.67,145803
2025-08-04 22:00:00+00:00,562.79,562.81,561.9,562.15,119023
2025-08-04 23:00:00+00:00,562.15,562.59,561.87,562.26,73140
2025-08-05 08:00:00+00:00,562.29,563.29,561.88,562.32,97986
2025-08-05 09:00:00+00:00,562.36,562.76,562.27,562.69,53987
2025-08-05 10:00:00+00:00,562.68,563.73,562.68,563.58,80005
2025-08-05 11:00:00+00:00,563.54,563.85,563.09,563.55,175754
2025-08-05 12:00:00+00:00,563.6,564.0,560.98,563.05,726662
2025-08-05 13:00:00+00:00,563.01,563.84,561.61,563.36,5468584
2025-08-05 14:00:00+00:00,563.3,563.44,557.61,558.67,10263357
2025-08-05 15:00:00+00:00,558.66,559.57,557.05,558.07,7115417
2025-08-05 16:00:00+00:00,558.05,559.71,557.61,558.64,4954343
2025-08-05 17:00:00+00:00,558.62,560.37,558.32,560.09,3146055
2025-08-05 18:00:00+00:00,560.1,560.27,557.1,557.86,5579794
2025-08-05 19:00:00+00:00,557.87,558.57,557.21,557.5,7736469
2025-08-05 20:00:00+00:00,557.51,558.28,556.32,556.39,2713923
2025-08-05 21:00:00+00:00,556.52,557.02,556.39,556.47,204882
2025-08-05 22:00:00+00:00,556.42,556.92,555.43,556.35,156842
2025-08-05 23:00:00+00:00,556.34,556.59,555.56,555.56,112092
2025-08-06 08:00:00+00:00,559.64,559.74,558.11,558.35,93841
2025-08-06 09:00:00+00:00,558.38,558.66,557.54,557.89,78842
2025-08-06 10:00:00+00:00,557.71,558.07,556.96,557.75,90681
2025-08-06 11:00:00+00:00,557.82,558.94,557.65,558.61,119354
2025-08-06 12:00:00+00:00,558.4,559.58,557.17,558.59,370083
2025-08-06 13:00:00+00:00,558.69,560.23,557.94,559.23,5453239
2025-08-06 14:00:00+00:00,559.22,561.23,558.31,561.13,7322970
2025-08-06 15:00:00+00:00,561.14,563.38,560.57,563.2,5877504
2025-08-06 16:00:00+00:00,563.2,563.7,562.67,563.27,4655855
2025-08-06 17:00:00+00:00,563.27,563.89,562.99,563.33,3086623
2025-08-06 18:00:00+00:00,563.34,564.82,563.28,564.35,4081017
2025-08-06 19:00:00+00:00,564.35,565.04,564.17,564.6,7095556
2025-08-06 20:00:00+00:00,564.6,564.62,562.29,564.25,2371177
2025-08-06 21:00:00+00:00,564.33,565.03,562.04,564.83,567861
2025-08-06 22:00:00+00:00,564.84,565.92,563.69,565.52,451673
2025-08-06 23:00:00+00:00,565.67,565.77,565.12,565.28,97905
2025-08-07 08:00:00+00:00,566.67,568.22,566.54,567.86,186694
2025-08-07 09:00:00+00:00,567.57,568.99,567.46,568.86,87632
2025-08-07 10:00:00+00:00,568.86,569.45,568.81,569.17,137483
2025-08-07 11:00:00+00:00,569.28,569.64,568.36,568.47,211454
2025-08-07 12:00:00+00:00,569.16,569.76,564.18,568.78,412224
2025-08-07 13:00:00+00:00,568.88,570.27,568.15,570.17,6077511
2025-08-07 14:00:00+00:00,570.17,570.57,566.94,567.42,7775745
2025-08-07 15:00:00+00:00,567.42,567.9,565.96,566.46,5407810
2025-08-07 16:00:00+00:00,566.44,566.82,563.86,565.55,5349857
2025-08-07 17:00:00+00:00,565.55,566.16,563.66,564.55,4417891
2025-08-07 18:00:00+00:00,564.55,564.82,562.4,564.24,4914915
2025-08-07 19:00:00+00:00,564.24,566.58,563.63,566.53,7134139
2025-08-07 20:00:00+00:00,566.53,567.29,566.43,567.02,1685188
2025-08-07 21:00:00+00:00,566.85,567.0,566.45,566.71,405518
2025-08-07 22:00:00+00:00,566.75,568.05,566.75,567.75,174392
2025-08-07 23:00:00+00:00,567.67,567.81,567.37,567.47,71373
2025-08-08 08:00:00+00:00,570.25,570.25,567.42,568.04,45684
2025-08-08 09:00:00+00:00,568.1,568.57,567.99,568.2,25298
2025-08-08 10:00:00+00:00,568.27,568.51,568.22,568.3,34016
2025-08-08 11:00:00+00:00,568.35,568.68,568.21,568.53,84349
2025-08-08 12:00:00+00:00,568.26,568.67,566.09,567.49,347083
2025-08-08 13:00:00+00:00,567.56,570.23,567.25,570.09,4493502
2025-08-08 14:00:00+00:00,570.1,571.51,569.69,570.31,6794580
2025-08-08 15:00:00+00:00,570.32,571.02,569.37,570.99,5417400
2025-08-08 16:00:00+00:00,570.99,571.59,570.85,570.89,2959421
2025-08-08 17:00:00+00:00,570.88,571.52,570.38,571.45,2608436
2025-08-08 18:00:00+00:00,571.48,572.01,571.22,571.73,3199368
2025-08-08 19:00:00+00:00,571.71,571.96,570.92,571.8,6318741
2025-08-08 20:00:00+00:00,571.81,573.07,571.78,573.04,2618950
2025-08-08 21:00:00+00:00,573.07,573.16,572.89,573.0,233789
2025-08-08 22:00:00+00:00,573.0,573.0,572.86,572.94,20519
2025-08-08 23:00:00+00:00,572.9,573.23,572.89,573.23,30289
2025-08-11 08:00:00+00:00,572.72,572.72,570.8,571.61,120133
2025-08-11 09:00:00+00:00,571.62,572.31,571.6,572.1,59214
2025-08-11 10:00:00+00:00,572.14,572.59,571.83,572.24,77418
2025-08-11 11:00:00+00:00,572.18,572.51,572.06,572.43,106142
2025-08-11 12:00:00+00:00,572.42,573.0,570.91,572.1,316094
2025-08-11 13:00:00+00:00,572.13,572.62,571.08,572.6,4278090
2025-08-11 14:00:00+00:00,572.62,573.16,572.01,572.19,4393941
2025-08-11 15:00:00+00:00,572.18,573.07,571.9,573.06,3192606
2025-08-11 16:00:00+00:00,573.06,574.04,572.39,572.43,3571030
2025-08-11 17:00:00+00:00,572.42,572.82,571.28,571.49,2866497
2025-08-11 18:00:00+00:00,571.5,571.58,570.37,571.23,3635340
2025-08-11 19:00:00+00:00,571.23,571.32,568.83,570.01,7309383
2025-08-11 20:00:00+00:00,570.02,570.27,569.5,569.74,2949454
2025-08-11 21:00:00+00:00,569.84,570.23,569.78,570.03,46204
2025-08-11 22:00:00+00:00,570.0,570.3,569.5,570.1,68614
2025-08-11 23:00:00+00:00,570.09,570.21,569.78,569.96,33395
2025-08-12 08:00:00+00:00,570.56,570.92,570.09,570.19,44143
2025-08-12 09:00:00+00:00,570.18,570.47,570.1,570.11,28328
2025-08-12 10:00:00+00:00,569.98,570.28,569.96,570.02,27841
2025-08-12 11:00:00+00:00,570.03,570.21,569.44,570.2,99854
2025-08-12 12:00:00+00:00,569.68,574.47,569.26,573.36,1378255
2025-08-12 13:00:00+00:00,573.4,574.17,570.39,570.51,7948886
2025-08-12 14:00:00+00:00,570.53,573.56,569.74,573.45,6420067
2025-08-12 15:00:00+00:00,573.45,575.7,573.37,575.63,6381653
2025-08-12 16:00:00+00:00,575.63,576.63,575.12,576.39,3361578
2025-08-12 17:00:00+00:00,576.39,576.77,576.06,576.73,2972493
2025-08-12 18:00:00+00:00,576.73,577.17,576.53,576.56,3020965
2025-08-12 19:00:00+00:00,576.56,577.57,576.46,577.24,8162572
2025-08-12 20:00:00+00:00,577.24,577.67,577.0,577.62,1572036
2025-08-12 21:00:00+00:00,577.6,577.62,577.12,577.22,642974
2025-08-12 22:00:00+00:00,577.22,577.37,577.02,577.16,89324
2025-08-12 23:00:00+00:00,577.12,578.02,577.1,577.87,101483
2025-08-13 08:00:00+00:00,578.71,579.26,578.34,578.74,100804
2025-08-13 09:00:00+00:00,578.76,579.13,578.58,579.1,34534
2025-08-13 10:00:00+00:00,579.11,579.2,578.67,578.76,41237
2025-08-13 11:00:00+00:00,578.74,578.99,578.57,578.76,59525
2025-08-13 12:00:00+00:00,578.8,579.7,576.84,579.36,343936
2025-08-13 13:00:00+00:00,579.33,580.52,579.03,579.3,4998395
2025-08-13 14:00:00+00:00,579.31,579.32,577.28,577.92,7374889
2025-08-13 15:00:00+00:00,577.91,577.95,576.29,577.09,6419246
2025-08-13 16:00:00+00:00,577.12,577.45,576.16,576.47,3330316
2025-08-13 17:00:00+00:00,576.48,577.65,576.39,577.45,3878786
2025-08-13 18:00:00+00:00,577.45,577.81,576.2,577.32,4399563
2025-08-13 19:00:00+00:00,577.33,577.86,576.78,577.57,6250395
2025-08-13 20:00:00+00:00,577.55,577.93,577.03,577.1,3718498
2025-08-13 21:00:00+00:00,577.17,577.28,577.12,577.23,146153
2025-08-13 22:00:00+00:00,577.26,577.7,576.75,577.63,40435
2025-08-13 23:00:00+00:00,577.63,578.02,577.46,577.68,52287
2025-08-14 08:00:00+00:00,577.37,577.58,577.12,577.18,29213
2025-08-14 09:00:00+00:00,577.14,577.49,577.04,577.18,30246
2025-08-14 10:00:00+00:00,577.22,577.48,577.08,577.38,16335
2025-08-14 11:00:00+00:00,577.42,577.97,577.27,577.9,133667
2025-08-14 12:00:00+00:00,577.36,578.12,573.98,575.21,1724358
2025-08-14 13:00:00+00:00,575.18,578.02,574.53,577.41,7446007
2025-08-14 14:00:00+00:00,577.42,579.09,576.67,577.9,6404803
2025-08-14 15:00:00+00:00,577.9,578.01,575.68,577.32,5931624
2025-08-14 16:00:00+00:00,577.31,577.77,575.69,577.68,5392598
2025-08-14 17:00:00+00:00,577.68,578.44,577.47,578.05,3695812
2025-08-14 18:00:00+00:00,578.06,578.06,576.4,577.13,4223883
2025-08-14 19:00:00+00:00,577.12,577.96,576.97,577.08,7197050
2025-08-14 20:00:00+00:00,577.08,577.25,575.88,576.4,2763417
2025-08-14 21:00:00+00:00,576.19,576.29,576.17,576.24,141326
2025-08-14 22:00:00+00:00,576.2,576.51,575.97,576.42,78910
2025-08-14 23:00:00+00:00,576.47,576.81,576.27,576.27,47889
2025-08-15 08:00:00+00:00,577.67,578.06,576.28,576.42,38602
2025-08-15 09:00:00+00:00,576.44,576.72,576.33,576.39,29469
2025-08-15 10:00:00+00:00,576.27,577.23,576.13,577.09,30968
2025-08-15 11:00:00+00:00,577.0,577.44,576.94,577.29,82288
2025-08-15 12:00:00+00:00,577.0,578.23,576.24,576.94,236265
2025-08-15 13:00:00+00:00,576.82,577.42,573.68,574.52,6065187
2025-08-15 14:00:00+00:00,574.43,576.31,573.64,574.38,6765461
2025-08-15 15:00:00+00:00,574.36,575.2,572.82,574.07,14247774
2025-08-15 16:00:00+00:00,574.06,574.98,573.48,574.8,4709392
2025-08-15 17:00:00+00:00,574.81,575.39,574.03,575.3,3848498
2025-08-15 18:00:00+00:00,575.31,575.5,574.17,574.63,4290064
2025-08-15 19:00:00+00:00,574.61,575.03,573.77,574.46,7076894
2025-08-15 20:00:00+00:00,574.46,574.61,573.83,574.26,1810425
2025-08-15 21:00:00+00:00,574.26,574.4,574.16,574.4,36233
2025-08-15 22:00:00+00:00,574.39,574.71,574.23,574.71,32115
2025-08-15 23:00:00+00:00,574.69,574.69,574.26,574.29,47677
2025-08-18 08:00:00+00:00,574.48,574.67,573.14,573.88,89048
2025-08-18 09:00:00+00:00,573.96,573.96,573.06,573.54,35061
2025-08-18 10:00:00+00:00,573.49,574.19,573.44,574.1,43352
2025-08-18 11:00:00+00:00,574.14,574.22,573.18,573.77,78916
2025-08-18 12:00:00+00:00,574.09,575.88,573.16,573.81,256424
2025-08-18 13:00:00+00:00,573.79,574.83,572.89,573.19,4733030
2025-08-18 14:00:00+00:00,573.2,575.0,572.48,573.88,5803089
2025-08-18 15:00:00+00:00,573.89,574.04,572.72,573.16,3738229
2025-08-18 16:00:00+00:00,573.15,573.95,572.58,572.86,2784154
2025-08-18 17:00:00+00:00,572.87,574.4,572.81,573.48,3222092
2025-08-18 18:00:00+00:00,573.49,574.47,573.22,574.3,2901174
2025-08-18 19:00:00+00:00,574.31,574.8,574.07,574.33,4443836
2025-08-18 20:00:00+00:00,574.35,574.53,574.06,574.17,1467150
2025-08-18 21:00:00+00:00,574.18,574.32,574.17,574.23,23751
2025-08-18 22:00:00+00:00,574.33,575.27,574.3,574.91,82335
2025-08-18 23:00:00+00:00,574.96,574.98,574.49,574.54,23013
2025-08-19 08:00:00+00:00,573.99,574.23,573.31,574.23,31402
2025-08-19 09:00:00+00:00,574.14,574.59,574.11,574.22,29690
2025-08-19 10:00:00+00:00,574.21,574.21,573.38,573.68,37961
2025-08-19 11:00:00+00:00,573.65,573.94,573.46,573.92,46713
2025-08-19 12:00:00+00:00,573.7,574.54,572.91,573.13,216195
2025-08-19 13:00:00+00:00,573.17,573.8,570.67,571.57,8097390
2025-08-19 14:00:00+00:00,571.58,572.77,568.28,568.3,10045813
2025-08-19 15:00:00+00:00,568.29,569.43,567.66,568.72,6488195
2025-08-19 16:00:00+00:00,568.71,569.17,566.65,566.87,6557444
2025-08-19 17:00:00+00:00,566.86,567.69,565.98,567.47,5886483
2025-08-19 18:00:00+00:00,567.47,567.49,565.96,566.39,4122532
2025-08-19 19:00:00+00:00,566.4,566.72,565.53,566.55,8768790
2025-08-19 20:00:00+00:00,566.56,566.96,566.43,566.59,2735989
2025-08-19 21:00:00+00:00,566.66,566.76,565.99,566.11,313392
2025-08-19 22:00:00+00:00,566.15,566.87,566.15,566.25,163847
2025-08-19 23:00:00+00:00,566.28,566.43,565.21,565.36,196540
2025-08-20 08:00:00+00:00,565.0,565.47,564.33,565.28,157410
2025-08-20 09:00:00+00:00,565.34,565.9,565.15,565.73,86455
2025-08-20 10:00:00+00:00,565.67,565.96,565.1,565.63,72566
2025-08-20 11:00:00+00:00,565.58,566.18,564.65,565.27,219462
2025-08-20 12:00:00+00:00,565.83,566.14,563.39,565.6,544440
2025-08-20 13:00:00+00:00,565.59,565.73,558.83,559.49,12130646
2025-08-20 14:00:00+00:00,559.49,560.47,556.16,556.69,17117547
2025-08-20 15:00:00+00:00,556.69,561.71,556.42,559.44,12757045
2025-08-20 16:00:00+00:00,559.44,562.62,559.37,560.94,7523042
2025-08-20 17:00:00+00:00,560.94,562.91,560.76,561.68,6160278
2025-08-20 18:00:00+00:00,561.66,562.06,559.9,561.19,6426086
2025-08-20 19:00:00+00:00,561.18,564.17,561.18,563.14,9795230
2025-08-20 20:00:00+00:00,563.15,563.28,561.76,562.99,3280468
2025-08-20 21:00:00+00:00,562.91,563.03,562.8,562.88,298588
2025-08-20 22:00:00+00:00,562.89,563.49,562.88,563.07,115638
2025-08-20 23:00:00+00:00,563.07,563.21,562.68,562.99,86502
2025-08-21 08:00:00+00:00,563.64,564.03,562.57,562.57,105800
2025-08-21 09:00:00+00:00,562.61,563.29,562.46,562.71,48754
2025-08-21 10:00:00+00:00,562.72,563.02,562.01,562.92,88932
2025-08-21 11:00:00+00:00,562.88,563.4,561.78,562.13,157647
2025-08-21 12:00:00+00:00,562.66,564.18,560.58,560.75,686484
2025-08-21 13:00:00+00:00,560.74,562.37,559.62,559.89,7363317
2025-08-21 14:00:00+00:00,559.87,563.77,559.16,562.49,8741352
2025-08-21 15:00:00+00:00,562.52,562.92,560.02,560.33,6253352
2025-08-21 16:00:00+00:00,560.32,560.55,559.04,559.29,4725024
2025-08-21 17:00:00+00:00,559.3,560.77,558.29,560.55,5758252
2025-08-21 18:00:00+00:00,560.55,561.03,559.73,560.81,3587166
2025-08-21 19:00:00+00:00,560.8,561.51,560.28,560.62,6807112
2025-08-21 20:00:00+00:00,560.62,560.8,560.2,560.69,1810945
2025-08-21 21:00:00+00:00,560.62,560.66,560.39,560.62,58772
2025-08-21 22:00:00+00:00,560.65,561.31,560.65,561.25,114580
2025-08-21 23:00:00+00:00,561.17,561.36,560.97,561.36,116535
2025-08-22 08:00:00+00:00,560.31,561.72,560.21,561.65,116900
2025-08-22 09:00:00+00:00,561.61,561.71,561.19,561.66,46149
2025-08-22 10:00:00+00:00,561.65,562.2,561.65,561.93,90243
2025-08-22 11:00:00+00:00,561.95,562.29,561.43,561.62,197826
2025-08-22 12:00:00+00:00,562.01,562.28,557.76,561.44,410910
2025-08-22 13:00:00+00:00,561.46,563.82,560.57,562.0,5380321
2025-08-22 14:00:00+00:00,562.05,571.13,562.04,570.14,16296317
2025-08-22 15:00:00+00:00,570.15,571.24,569.22,569.31,6120871
2025-08-22 16:00:00+00:00,569.33,569.85,567.83,568.34,4376922
2025-08-22 17:00:00+00:00,568.33,570.66,568.33,570.2,4548842
2025-08-22 18:00:00+00:00,570.24,570.46,569.64,569.73,2850327
2025-08-22 19:00:00+00:00,569.73,569.9,568.4,569.25,7669091
2025-08-22 20:00:00+00:00,569.24,569.76,568.88,569.66,2820502
2025-08-22 21:00:00+00:00,569.65,569.68,569.42,569.51,490556
2025-08-22 22:00:00+00:00,569.5,569.75,569.38,569.75,20325
2025-08-22 23:00:00+00:00,569.72,570.05,569.61,569.9,46803
2025-08-25 08:00:00+00:00,568.46,568.64,567.94,567.94,85120
2025-08-25 09:00:00+00:00,567.92,568.05,567.44,567.81,116372
2025-08-25 10:00:00+00:00,567.82,567.85,566.89,567.26,165587
2025-08-25 11:00:00+00:00,567.3,567.75,567.07,567.68,81424
2025-08-25 12:00:00+00:00,567.35,569.34,566.87,567.26,391028
2025-08-25 13:00:00+00:00,567.28,568.2,566.43,568.2,6461589
2025-08-25 14:00:00+00:00,568.21,569.53,567.85,569.45,6061502
2025-08-25 15:00:00+00:00,569.44,570.54,569.32,570.17,4004966
2025-08-25 16:00:00+00:00,570.15,570.49,569.88,570.05,2566640
2025-08-25 17:00:00+00:00,570.05,570.1,569.14,569.62,2861807
2025-08-25 18:00:00+00:00,569.64,569.77,568.93,569.02,2631372
2025-08-25 19:00:00+00:00,569.02,569.52,567.45,567.62,6640601
2025-08-25 20:00:00+00:00,567.63,568.15,567.41,567.81,1749753
2025-08-25 21:00:00+00:00,567.77,567.8,567.49,567.72,39304
2025-08-25 22:00:00+00:00,567.86,568.18,567.75,567.98,34862
2025-08-25 23:00:00+00:00,568.03,568.08,567.42,567.61,67550
2025-08-26 08:00:00+00:00,566.44,567.13,566.35,566.78,60906
2025-08-26 09:00:00+00:00,566.85,567.35,566.71,567.21,64532
2025-08-26 10:00:00+00:00,567.21,567.89,567.21,567.67,85773
2025-08-26 11:00:00+00:00,567.59,567.66,566.47,567.08,87435
2025-08-26 12:00:00+00:00,567.44,567.87,565.83,566.98,290004
2025-08-26 13:00:00+00:00,566.99,568.24,566.07,567.74,5377339
2025-08-26 14:00:00+00:00,567.69,569.07,567.44,568.34,5781501
2025-08-26 15:00:00+00:00,568.35,568.68,567.64,568.24,3088778
2025-08-26 16:00:00+00:00,568.23,569.14,568.23,568.75,2466841
2025-08-26 17:00:00+00:00,568.74,568.85,567.32,567.86,3244777
2025-08-26 18:00:00+00:00,567.87,569.26,567.79,568.98,3643271
2025-08-26 19:00:00+00:00,568.98,570.17,568.6,569.9,8099126
2025-08-26 20:00:00+00:00,569.89,570.45,569.63,570.37,1522068
2025-08-26 21:00:00+00:00,570.33,570.45,570.22,570.34,130216
2025-08-26 22:00:00+00:00,570.34,570.67,570.27,570.6,91794
2025-08-26 23:00:00+00:00,570.59,570.75,570.43,570.58,48984
2025-08-27 08:00:00+00:00,570.35,570.35,569.53,569.95,124048
2025-08-27 09:00:00+00:00,569.94,570.32,569.94,570.23,38794
2025-08-27 10:00:00+00:00,570.18,570.42,570.12,570.34,35240
2025-08-27 11:00:00+00:00,570.32,570.64,570.25,570.46,57895
2025-08-27 12:00:00+00:00,570.51,570.8,569.43,569.86,358176
2025-08-27 13:00:00+00:00,569.86,569.93,567.64,568.73,6370320
2025-08-27 14:00:00+00:00,568.73,570.65,568.54,570.3,6449659
2025-08-27 15:00:00+00:00,570.3,571.02,569.66,570.85,4009526
2025-08-27 16:00:00+00:00,570.84,570.87,568.91,570.31,3955938
2025-08-27 17:00:00+00:00,570.31,570.87,569.98,570.8,2228836
2025-08-27 18:00:00+00:00,570.79,571.65,570.64,570.93,3018773
2025-08-27 19:00:00+00:00,570.92,571.39,569.18,570.79,7059294
2025-08-27 20:00:00+00:00,570.79,572.24,566.25,568.86,2627321
2025-08-27 21:00:00+00:00,568.79,569.51,568.35,568.89,356651
2025-08-27 22:00:00+00:00,568.91,569.03,567.87,568.29,145069
2025-08-27 23:00:00+00:00,568.32,568.46,567.94,568.07,81162
2025-08-28 08:00:00+00:00,571.08,571.82,570.25,570.77,159402
2025-08-28 09:00:00+00:00,570.77,571.04,570.62,570.68,61344
2025-08-28 10:00:00+00:00,570.72,570.96,570.35,570.6,56812
2025-08-28 11:00:00+00:00,570.62,570.77,569.93,570.77,69928
2025-08-28 12:00:00+00:00,570.75,571.8,568.96,571.2,689149
2025-08-28 13:00:00+00:00,571.19,573.77,569.72,570.6,8922121
2025-08-28 14:00:00+00:00,570.59,573.46,570.22,573.09,8600036
2025-08-28 15:00:00+00:00,573.11,574.01,571.92,572.44,5854255
2025-08-28 16:00:00+00:00,572.45,574.32,572.33,573.5,5178623
2025-08-28 17:00:00+00:00,573.5,574.47,573.28,574.33,3516115
2025-08-28 18:00:00+00:00,574.33,574.96,574.22,574.87,3245347
2025-08-28 19:00:00+00:00,574.87,575.23,574.27,574.3,7492913
2025-08-28 20:00:00+00:00,574.3,574.49,573.94,574.19,2473422
2025-08-28 21:00:00+00:00,574.22,574.31,574.07,574.14,61502
2025-08-28 22:00:00+00:00,574.15,574.18,573.59,573.65,58802
2025-08-28 23:00:00+00:00,573.76,573.96,573.68,573.88,19756
2025-08-29 08:00:00+00:00,572.68,573.2,571.34,571.39,115165
2025-08-29 09:00:00+00:00,571.43,572.06,570.99,571.83,114083
2025-08-29 10:00:00+00:00,571.71,572.13,571.25,571.48,105632
2025-08-29 11:00:00+00:00,571.52,571.99,571.43,571.59,96612
2025-08-29 12:00:00+00:00,571.86,573.9,571.19,572.18,532017
2025-08-29 13:00:00+00:00,572.17,572.31,568.41,568.7,7995967
2025-08-29 14:00:00+00:00,568.72,569.49,566.23,566.69,12834082
2025-08-29 15:00:00+00:00,566.68,568.19,566.44,566.59,6020790
2025-08-29 16:00:00+00:00,566.6,568.0,566.53,567.7,4223938
2025-08-29 17:00:00+00:00,567.67,567.67,565.81,567.24,5382770
2025-08-29 18:00:00+00:00,567.24,567.43,566.71,567.25,3847135
2025-08-29 19:00:00+00:00,567.25,568.11,566.45,567.58,10813779
2025-08-29 20:00:00+00:00,567.59,567.9,567.08,567.22,3463982
2025-08-29 21:00:00+00:00,567.18,567.54,566.67,566.97,271340
2025-08-29 22:00:00+00:00,566.97,567.26,566.62,566.97,84569
2025-08-29 23:00:00+00:00,567.08,567.08,566.81,566.95,38773
2025-09-02 08:00:00+00:00,562.89,566.96,562.73,563.68,168331
2025-09-02 09:00:00+00:00,563.72,564.17,563.26,563.29,118349
2025-09-02 10:00:00+00:00,563.25,563.72,561.88,562.29,234699
2025-09-02 11:00:00+00:00,562.36,562.48,561.53,561.65,208915
2025-09-02 12:00:00+00:00,562.06,568.09,557.88,558.6,1083273
2025-09-02 13:00:00+00:00,558.56,562.52,556.85,561.88,12533502
2025-09-02 14:00:00+00:00,561.9,562.99,559.5,560.15,12022156
2025-09-02 15:00:00+00:00,560.16,560.55,556.89,557.41,7800966
2025-09-02 16:00:00+00:00,557.41,559.41,557.16,559.3,5715361
2025-09-02 17:00:00+00:00,559.31,561.65,558.76,560.78,6098886
2025-09-02 18:00:00+00:00,560.77,561.82,560.04,560.8,5806060
2025-09-02 19:00:00+00:00,560.81,563.25,560.77,562.91,9347743
2025-09-02 20:00:00+00:00,562.91,565.54,561.13,565.4,4231412
2025-09-02 21:00:00+00:00,565.43,565.58,565.27,565.48,252490
2025-09-02 22:00:00+00:00,565.48,565.57,564.35,564.5,167361
2025-09-02 23:00:00+00:00,564.47,564.58,564.15,564.34,83972
2025-09-03 08:00:00+00:00,565.41,566.71,565.21,566.45,144684
2025-09-03 09:00:00+00:00,566.56,567.02,565.98,566.89,62500
2025-09-03 10:00:00+00:00,566.88,567.11,566.56,566.98,96099
2025-09-03 11:00:00+00:00,566.96,567.35,566.19,566.37,361151
2025-09-03 12:00:00+00:00,566.41,567.31,563.33,566.54,527266
2025-09-03 13:00:00+00:00,566.54,567.33,565.26,565.56,7165423
2025-09-03 14:00:00+00:00,565.55,568.95,565.34,568.58,9726852
2025-09-03 15:00:00+00:00,568.57,568.75,566.05,566.36,7200449
2025-09-03 16:00:00+00:00,566.34,567.51,565.76,566.23,5096472
2025-09-03 17:00:00+00:00,566.24,567.45,564.71,565.13,5287029
2025-09-03 18:00:00+00:00,565.14,565.15,564.01,564.58,5774425
2025-09-03 19:00:00+00:00,564.58,567.34,564.31,567.26,10205591
2025-09-03 20:00:00+00:00,567.26,567.68,566.41,567.28,2389416
2025-09-03 21:00:00+00:00,567.29,567.42,567.17,567.18,70498
2025-09-03 22:00:00+00:00,567.28,567.34,566.82,566.82,87587
2025-09-03 23:00:00+00:00,566.9,567.34,566.78,566.92,26001
2025-09-04 08:00:00+00:00,568.08,568.66,567.96,568.39,63922
2025-09-04 09:00:00+00:00,568.51,568.91,568.28,568.88,66523
2025-09-04 10:00:00+00:00,568.88,569.29,568.52,568.7,105407
2025-09-04 11:00:00+00:00,568.69,568.97,568.01,568.35,106277
2025-09-04 12:00:00+00:00,568.76,569.05,567.44,568.1,448673
2025-09-04 13:00:00+00:00,568.06,569.61,567.45,567.87,6339871
2025-09-04 14:00:00+00:00,568.09,569.18,566.3,569.0,8609698
2025-09-04 15:00:00+00:00,568.99,569.79,568.27,569.38,5530434
2025-09-04 16:00:00+00:00,569.38,570.03,568.78,569.39,3666255
2025-09-04 17:00:00+00:00,569.4,570.96,569.35,570.48,3917099
2025-09-04 18:00:00+00:00,570.47,571.46,570.46,571.36,4658126
2025-09-04 19:00:00+00:00,571.35,572.84,571.27,572.51,9543206
2025-09-04 20:00:00+00:00,572.51,573.49,572.32,572.91,3988815
2025-09-04 21:00:00+00:00,572.86,573.6,572.84,573.38,267724
2025-09-04 22:00:00+00:00,573.29,573.58,573.09,573.45,111252
2025-09-04 23:00:00+00:00,573.46,573.65,573.38,573.46,90753
2025-09-05 08:00:00+00:00,574.44,575.66,574.44,575.66,86540
2025-09-05 09:00:00+00:00,575.73,575.73,575.42,575.51,52146
2025-09-05 10:00:00+00:00,575.54,575.66,575.29,575.46,98769
2025-09-05 11:00:00+00:00,575.34,575.93,575.21,575.21,94819
2025-09-05 12:00:00+00:00,575.59,577.68,572.04,577.67,1793063
2025-09-05 13:00:00+00:00,577.67,578.33,576.43,577.17,11903028
2025-09-05 14:00:00+00:00,577.14,577.16,569.76,569.81,17402318
2025-09-05 15:00:00+00:00,569.82,572.74,568.79,571.52,10392764
2025-09-05 16:00:00+00:00,571.51,572.48,570.96,572.39,5821109
2025-09-05 17:00:00+00:00,572.38,572.56,570.74,571.42,5751267
2025-09-05 18:00:00+00:00,571.43,572.59,571.17,572.46,3829111
2025-09-05 19:00:00+00:00,572.45,573.36,572.08,573.27,8569620
2025-09-05 20:00:00+00:00,573.29,573.39,572.7,572.82,2363408
2025-09-05 21:00:00+00:00,572.76,572.95,572.32,572.32,107347
2025-09-05 22:00:00+00:00,572.31,572.37,572.1,572.24,25281
2025-09-05 23:00:00+00:00,572.21,572.26,572.13,572.13,20578
2025-09-08 08:00:00+00:00,574.83,575.23,574.61,575.14,49531
2025-09-08 09:00:00+00:00,575.13,575.61,574.9,575.49,56213
2025-09-08 10:00:00+00:00,575.55,575.76,575.26,575.36,66767
2025-09-08 11:00:00+00:00,575.3,575.53,575.09,575.1,76950
2025-09-08 12:00:00+00:00,575.29,575.62,572.87,575.39,280662
2025-09-08 13:00:00+00:00,575.48,577.78,575.27,577.06,9150519
2025-09-08 14:00:00+00:00,577.06,578.06,576.1,577.38,8192083
2025-09-08 15:00:00+00:00,577.37,577.96,576.68,577.71,5457583
2025-09-08 16:00:00+00:00,577.71,577.72,575.73,576.24,4504421
2025-09-08 17:00:00+00:00,576.23,576.37,575.07,575.55,3707569
2025-09-08 18:00:00+00:00,575.56,576.43,575.31,575.81,4140646
2025-09-08 19:00:00+00:00,575.81,576.24,575.0,576.05,8364216
2025-09-08 20:00:00+00:00,576.07,576.19,575.79,575.93,2187579
2025-09-08 21:00:00+00:00,575.9,576.22,575.78,576.22,33952
2025-09-08 22:00:00+00:00,576.01,576.63,576.01,576.55,57644
2025-09-08 23:00:00+00:00,576.55,576.68,576.08,576.14,29768
2025-09-09 08:00:00+00:00,577.35,577.44,576.87,577.1,76155
2025-09-09 09:00:00+00:00,577.07,577.39,576.92,577.1,41379
2025-09-09 10:00:00+00:00,577.11,577.46,576.98,577.11,40511
2025-09-09 11:00:00+00:00,577.13,577.27,576.35,577.27,78884
2025-09-09 12:00:00+00:00,577.02,578.04,576.39,577.0,320680
2025-09-09 13:00:00+00:00,577.01,577.42,576.06,576.42,5696712
2025-09-09 14:00:00+00:00,576.42,577.25,574.27,575.72,9686060
2025-09-09 15:00:00+00:00,575.71,576.33,574.89,575.66,4967935
2025-09-09 16:00:00+00:00,575.67,576.85,575.61,576.54,3498337
2025-09-09 17:00:00+00:00,576.55,577.37,576.55,576.97,4230524
2025-09-09 18:00:00+00:00,576.98,577.2,576.6,577.09,4522989
2025-09-09 19:00:00+00:00,577.09,578.16,576.9,577.69,6945031
2025-09-09 20:00:00+00:00,577.7,578.89,577.23,578.27,3483414
2025-09-09 21:00:00+00:00,578.3,578.96,578.22,578.86,140826
2025-09-09 22:00:00+00:00,578.86,578.86,578.29,578.39,123252
2025-09-09 23:00:00+00:00,578.38,578.38,577.9,578.12,144062
2025-09-10 08:00:00+00:00,579.46,579.49,578.28,578.41,98037
2025-09-10 09:00:00+00:00,578.55,578.74,578.15,578.72,82603
2025-09-10 10:00:00+00:00,578.62,579.16,578.62,579.1,90582
2025-09-10 11:00:00+00:00,579.14,579.91,579.08,579.71,149144
2025-09-10 12:00:00+00:00,579.18,581.97,578.24,581.08,1098573
2025-09-10 13:00:00+00:00,581.07,581.3,578.54,579.25,9251247
2025-09-10 14:00:00+00:00,579.24,580.65,579.11,580.12,7597113
2025-09-10 15:00:00+00:00,580.13,580.4,579.06,579.71,6195275
2025-09-10 16:00:00+00:00,579.71,579.72,578.46,579.11,3978366
2025-09-10 17:00:00+00:00,579.1,579.5,577.95,578.48,4039756
2025-09-10 18:00:00+00:00,578.48,578.52,576.98,577.63,5065837
2025-09-10 19:00:00+00:00,577.63,578.35,575.78,577.92,9309455
2025-09-10 20:00:00+00:00,577.92,578.17,577.48,577.57,2035268
2025-09-10 21:00:00+00:00,577.52,577.61,577.42,577.52,112241
2025-09-10 22:00:00+00:00,577.45,578.65,577.45,578.5,145268
2025-09-10 23:00:00+00:00,578.42,578.8,578.32,578.48,47783
2025-09-11 08:00:00+00:00,578.83,579.58,578.83,579.19,52009
2025-09-11 09:00:00+00:00,579.17,579.33,578.81,579.1,48148
2025-09-11 10:00:00+00:00,579.11,579.78,579.09,579.74,47978
2025-09-11 11:00:00+00:00,579.67,579.91,579.54,579.71,103299
2025-09-11 12:00:00+00:00,579.72,580.37,577.23,580.03,1136639
2025-09-11 13:00:00+00:00,580.01,580.93,578.83,580.48,7822918
2025-09-11 14:00:00+00:00,580.46,581.44,579.71,581.06,8295770
2025-09-11 15:00:00+00:00,581.06,582.08,580.99,581.57,5902103
2025-09-11 16:00:00+00:00,581.57,582.03,580.87,581.2,3590338
2025-09-11 17:00:00+00:00,581.2,581.81,580.93,581.78,3294849
2025-09-11 18:00:00+00:00,581.78,582.0,581.34,581.81,3399915
2025-09-11 19:00:00+00:00,581.8,582.07,581.21,581.29,7058544
2025-09-11 20:00:00+00:00,581.29,581.58,581.1,581.15,3524552
2025-09-11 21:00:00+00:00,581.24,581.94,581.05,581.87,127337
2025-09-11 22:00:00+00:00,581.8,581.81,581.08,581.34,262221
2025-09-11 23:00:00+00:00,581.33,581.63,581.18,581.53,31034
2025-09-12 08:00:00+00:00,581.5,581.73,580.55,581.34,89680
2025-09-12 09:00:00+00:00,581.33,581.73,581.18,581.52,45857
2025-09-12 10:00:00+00:00,581.47,581.85,581.41,581.83,46429
2025-09-12 11:00:00+00:00,581.81,582.4,581.55,582.36,77251
2025-09-12 12:00:00+00:00,582.32,582.36,580.84,582.26,500341
2025-09-12 13:00:00+00:00,582.25,582.76,581.3,582.34,5509675
2025-09-12 14:00:00+00:00,582.34,584.02,581.89,583.79,7701567
2025-09-12 15:00:00+00:00,583.79,583.91,582.98,583.42,5892004
2025-09-12 16:00:00+00:00,583.41,584.17,582.96,583.88,6126622
2025-09-12 17:00:00+00:00,583.89,584.3,583.42,584.2,5289983
2025-09-12 18:00:00+00:00,584.21,585.04,583.94,584.93,7477311
2025-09-12 19:00:00+00:00,584.93,585.01,583.31,583.85,9257358
2025-09-12 20:00:00+00:00,583.85,584.09,583.57,583.94,2397710
2025-09-12 21:00:00+00:00,583.94,584.02,583.69,583.69,281396
2025-09-12 22:00:00+00:00,583.96,583.97,583.82,583.88,22347
2025-09-12 23:00:00+00:00,583.89,583.96,583.74,583.83,14422
2025-09-15 08:00:00+00:00,584.78,584.78,583.19,583.67,182157
2025-09-15 09:00:00+00:00,583.61,583.73,583.28,583.63,60312
2025-09-15 10:00:00+00:00,583.6,584.49,583.59,584.36,83740
2025-09-15 11:00:00+00:00,584.43,584.86,584.38,584.77,157260
2025-09-15 12:00:00+00:00,584.52,585.49,583.37,585.47,490698
2025-09-15 13:00:00+00:00,585.41,587.64,585.27,587.6,6663147
2025-09-15 14:00:00+00:00,587.61,587.73,586.85,587.64,6358111
2025-09-15 15:00:00+00:00,587.64,588.3,587.13,588.08,5431718
2025-09-15 16:00:00+00:00,588.08,588.35,587.63,587.75,4141681
2025-09-15 17:00:00+00:00,587.75,588.3,587.36,588.27,3955817
2025-09-15 18:00:00+00:00,588.26,588.35,587.26,587.86,4524325
2025-09-15 19:00:00+00:00,587.86,588.95,587.63,588.86,8532176
2025-09-15 20:00:00+00:00,588.86,588.87,588.23,588.47,3427243
2025-09-15 21:00:00+00:00,588.47,588.59,588.37,588.37,24562
2025-09-15 22:00:00+00:00,588.32,588.44,588.21,588.22,78042
2025-09-15 23:00:00+00:00,588.37,588.74,588.29,588.71,32267
2025-09-16 08:00:00+00:00,590.16,591.15,589.98,590.9,123517
2025-09-16 09:00:00+00:00,591.02,591.11,590.43,590.64,39695
2025-09-16 10:00:00+00:00,590.61,590.72,590.46,590.6,49948
2025-09-16 11:00:00+00:00,590.59,590.62,589.86,590.13,127289
2025-09-16 12:00:00+00:00,590.36,591.1,588.4,589.98,362262
2025-09-16 13:00:00+00:00,589.95,590.26,588.18,588.54,6644805
2025-09-16 14:00:00+00:00,588.53,589.07,588.16,588.56,5608535
2025-09-16 15:00:00+00:00,588.56,588.65,587.73,587.9,3867757
2025-09-16 16:00:00+00:00,587.88,588.47,587.66,588.27,3424663
2025-09-16 17:00:00+00:00,588.26,588.79,588.24,588.53,3950674
2025-09-16 18:00:00+00:00,588.52,588.9,588.27,588.86,3101628
2025-09-16 19:00:00+00:00,588.86,589.23,588.18,588.34,7420178
2025-09-16 20:00:00+00:00,588.34,588.76,588.28,588.44,1867798
2025-09-16 21:00:00+00:00,588.46,588.62,588.46,588.51,35694
2025-09-16 22:00:00+00:00,588.49,588.91,588.38,588.82,34320
2025-09-16 23:00:00+00:00,588.83,588.89,588.65,588.75,13752
2025-09-17 08:00:00+00:00,588.94,588.96,586.81,588.09,130329
2025-09-17 09:00:00+00:00,588.17,588.46,587.98,588.09,38145
2025-09-17 10:00:00+00:00,588.01,588.23,587.27,587.76,84020
2025-09-17 11:00:00+00:00,587.78,588.14,587.47,587.8,96850
2025-09-17 12:00:00+00:00,587.87,588.98,587.5,588.32,226657
2025-09-17 13:00:00+00:00,588.31,588.73,586.8,587.16,6336997
2025-09-17 14:00:00+00:00,587.17,587.24,585.56,585.79,5724542
2025-09-17 15:00:00+00:00,585.79,586.35,585.33,585.57,3836296
2025-09-17 16:00:00+00:00,585.58,585.82,584.71,585.06,3877768
2025-09-17 17:00:00+00:00,585.04,586.64,585.03,586.51,3391516
2025-09-17 18:00:00+00:00,586.66,588.27,581.56,585.17,22457041
2025-09-17 19:00:00+00:00,585.12,588.91,584.94,587.1,20467918
2025-09-17 20:00:00+00:00,587.09,588.22,587.02,587.74,2175713
2025-09-17 21:00:00+00:00,587.7,587.76,587.3,587.59,219515
2025-09-17 22:00:00+00:00,587.57,589.41,587.55,589.32,165737
2025-09-17 23:00:00+00:00,589.34,589.77,589.33,589.75,137705
2025-09-18 08:00:00+00:00,591.72,593.36,590.31,593.3,218625
2025-09-18 09:00:00+00:00,593.31,593.36,592.83,593.05,146183
2025-09-18 10:00:00+00:00,593.01,593.29,592.46,592.77,124459
2025-09-18 11:00:00+00:00,592.73,593.93,592.5,593.6,314755
2025-09-18 12:00:00+00:00,593.36,594.06,590.03,592.35,618638
2025-09-18 13:00:00+00:00,592.31,592.86,590.12,592.47,10800465
2025-09-18 14:00:00+00:00,592.47,595.1,592.4,593.35,10763755
2025-09-18 15:00:00+00:00,593.35,595.27,593.15,593.43,9110729
2025-09-18 16:00:00+00:00,593.42,594.74,593.04,594.61,5497247
2025-09-18 17:00:00+00:00,594.61,594.82,593.08,593.34,5404226
2025-09-18 18:00:00+00:00,593.33,594.09,593.18,593.86,4048487
2025-09-18 19:00:00+00:00,593.86,593.91,592.44,592.53,9657820
2025-09-18 20:00:00+00:00,592.53,593.07,592.18,592.89,4034341
2025-09-18 21:00:00+00:00,592.94,593.14,592.83,593.01,30714
2025-09-18 22:00:00+00:00,592.96,593.54,592.82,593.43,50616
2025-09-18 23:00:00+00:00,593.44,593.65,593.31,593.49,101133
2025-09-19 08:00:00+00:00,592.44,593.14,592.34,592.95,77319
2025-09-19 09:00:00+00:00,592.97,593.48,592.89,592.92,58106
2025-09-19 10:00:00+00:00,592.97,593.54,592.82,593.41,65686
2025-09-19 11:00:00+00:00,593.45,593.66,593.16,593.66,80124
2025-09-19 12:00:00+00:00,593.25,594.09,591.76,593.72,405388
2025-09-19 13:00:00+00:00,593.69,595.56,593.64,594.96,7753162
2025-09-19 14:00:00+00:00,594.96,595.35,593.65,594.32,7113432
2025-09-19 15:00:00+00:00,594.33,594.68,592.99,594.5,11232840
2025-09-19 16:00:00+00:00,594.48,595.95,594.47,595.62,7528529
2025-09-19 17:00:00+00:00,595.62,595.81,595.04,595.5,3763816
2025-09-19 18:00:00+00:00,595.51,595.84,595.21,595.68,3272781
2025-09-19 19:00:00+00:00,595.67,597.17,595.58,596.58,11478037
2025-09-19 20:00:00+00:00,596.58,597.09,596.41,596.64,5176943
2025-09-19 21:00:00+00:00,596.56,596.78,596.03,596.22,119730
2025-09-19 22:00:00+00:00,596.27,596.59,596.27,596.58,19036
2025-09-19 23:00:00+00:00,596.61,597.12,596.48,596.82,38649
2025-09-22 08:00:00+00:00,594.84,595.76,594.73,594.74,122402
2025-09-22 09:00:00+00:00,594.81,594.92,594.25,594.73,104824
2025-09-22 10:00:00+00:00,594.7,595.35,594.52,594.52,89629
2025-09-22 11:00:00+00:00,594.6,594.93,594.41,594.91,154299
2025-09-22 12:00:00+00:00,594.58,597.01,594.05,595.09,361532
2025-09-22 13:00:00+00:00,595.09,597.2,594.8,596.99,7268705
2025-09-22 14:00:00+00:00,596.98,598.39,596.57,598.28,8291262
2025-09-22 15:00:00+00:00,598.27,598.53,597.59,597.95,10428361
2025-09-22 16:00:00+00:00,597.93,599.88,597.91,599.7,8251551
2025-09-22 17:00:00+00:00,599.7,600.01,599.37,599.75,4108353
2025-09-22 18:00:00+00:00,599.74,600.46,599.69,600.31,5551116
2025-09-22 19:00:00+00:00,600.32,600.68,599.81,600.05,8656510
2025-09-22 20:00:00+00:00,600.0,600.12,599.61,599.96,3264613
2025-09-22 21:00:00+00:00,600.01,600.31,600.0,600.2,57621
2025-09-22 22:00:00+00:00,600.07,600.07,599.49,599.74,49537
2025-09-22 23:00:00+00:00,599.8,600.14,599.75,600.05,35928
2025-09-23 08:00:00+00:00,599.15,600.79,599.15,600.25,90760
2025-09-23 09:00:00+00:00,600.25,600.51,600.11,600.44,72981
2025-09-23 10:00:00+00:00,600.44,600.56,599.92,600.24,84415
2025-09-23 11:00:00+00:00,600.22,600.24,599.44,600.17,112598
2025-09-23 12:00:00+00:00,599.75,600.68,599.54,600.38,257955
2025-09-23 13:00:00+00:00,600.38,600.41,598.5,598.68,6610363
2025-09-23 14:00:00+00:00,598.7,599.51,598.43,598.78,7352441
2025-09-23 15:00:00+00:00,598.78,599.38,598.42,598.81,6834031
2025-09-23 16:00:00+00:00,598.81,599.01,598.08,598.39,5880481
2025-09-23 17:00:00+00:00,598.39,598.43,594.81,596.17,12911229
2025-09-23 18:00:00+00:00,596.17,596.42,594.93,595.08,7346826
2025-09-23 19:00:00+00:00,595.09,596.28,595.06,595.96,10775262
2025-09-23 20:00:00+00:00,596.0,596.59,595.86,596.14,5615506
2025-09-23 21:00:00+00:00,596.18,596.67,596.17,596.67,592567
2025-09-23 22:00:00+00:00,596.34,596.73,596.26,596.54,50644
2025-09-23 23:00:00+00:00,596.54,596.58,596.22,596.22,32768
2025-09-24 08:00:00+00:00,597.63,597.85,597.35,597.62,102176
2025-09-24 09:00:00+00:00,597.64,597.95,597.59,597.89,91010
2025-09-24 10:00:00+00:00,597.81,597.98,597.39,597.84,82171
2025-09-24 11:00:00+00:00,597.81,598.02,597.14,597.58,107568
2025-09-24 12:00:00+00:00,597.79,597.99,596.22,597.29,632743
2025-09-24 13:00:00+00:00,597.31,597.72,594.96,595.82,7495531
2025-09-24 14:00:00+00:00,595.81,596.28,595.1,595.17,6376985
2025-09-24 15:00:00+00:00,595.18,595.55,592.39,592.44,8661480
2025-09-24 16:00:00+00:00,592.44,593.07,591.2,592.58,9458682
2025-09-24 17:00:00+00:00,592.59,594.3,592.52,593.17,4956656
2025-09-24 18:00:00+00:00,593.17,593.93,592.53,593.88,4281251
2025-09-24 19:00:00+00:00,593.88,594.14,592.94,593.89,5937061
2025-09-24 20:00:00+00:00,593.89,594.26,593.88,594.06,1467075
2025-09-24 21:00:00+00:00,594.07,594.18,593.98,594.08,94045
2025-09-24 22:00:00+00:00,594.08,594.23,593.93,594.15,56353
2025-09-24 23:00:00+00:00,594.11,594.3,593.93,594.3,38171
2025-09-25 08:00:00+00:00,593.97,594.53,593.48,593.74,81872
2025-09-25 09:00:00+00:00,593.71,593.87,592.81,593.09,131510
2025-09-25 10:00:00+00:00,593.15,593.3,592.34,592.72,111417
2025-09-25 11:00:00+00:00,592.76,592.81,590.34,590.45,259084
2025-09-25 12:00:00+00:00,592.39,595.12,589.31,589.85,1175323
2025-09-25 13:00:00+00:00,589.78,590.27,586.36,587.09,12747183
2025-09-25 14:00:00+00:00,587.09,591.98,586.93,591.47,11994631
2025-09-25 15:00:00+00:00,591.47,592.95,590.23,592.5,8647261
2025-09-25 16:00:00+00:00,592.5,592.83,590.94,591.22,5849930
2025-09-25 17:00:00+00:00,591.22,591.69,588.51,588.63,7083182
2025-09-25 18:00:00+00:00,588.64,591.58,587.12,591.28,11374797
2025-09-25 19:00:00+00:00,591.28,591.7,590.43,591.39,8282510
2025-09-25 20:00:00+00:00,591.38,591.76,590.89,591.49,2936514
2025-09-25 21:00:00+00:00,591.44,591.48,591.21,591.3,101192
2025-09-25 22:00:00+00:00,591.36,592.14,591.32,591.56,79899
2025-09-25 23:00:00+00:00,591.51,591.57,591.01,591.01,56093
2025-09-26 08:00:00+00:00,591.56,592.18,590.46,590.46,104697
2025-09-26 09:00:00+00:00,590.46,591.28,590.1,591.2,125332
2025-09-26 10:00:00+00:00,591.26,591.48,590.47,590.8,235698
2025-09-26 11:00:00+00:00,590.78,592.12,590.62,591.76,123612
2025-09-26 12:00:00+00:00,591.77,594.4,590.22,593.13,864620
2025-09-26 13:00:00+00:00,593.14,593.6,590.8,593.36,7862363
2025-09-26 14:00:00+00:00,593.38,594.03,588.91,590.02,11756019
2025-09-26 15:00:00+00:00,590.02,591.71,589.57,590.41,7803949
2025-09-26 16:00:00+00:00,590.43,593.22,590.11,593.01,5489962
2025-09-26 17:00:00+00:00,593.01,593.64,592.41,593.04,6143135
2025-09-26 18:00:00+00:00,593.03,594.13,592.57,593.87,4483329
2025-09-26 19:00:00+00:00,593.86,594.1,593.24,593.88,6897419
2025-09-26 20:00:00+00:00,593.88,594.36,593.77,593.87,2344289
2025-09-26 21:00:00+00:00,593.98,594.05,593.83,593.95,75791
2025-09-26 22:00:00+00:00,593.98,594.12,593.85,594.03,9967
2025-09-26 23:00:00+00:00,594.02,594.09,593.98,593.98,6222
2025-09-29 08:00:00+00:00,597.02,598.02,596.82,597.97,130074
2025-09-29 09:00:00+00:00,598.01,598.11,597.49,597.49,111289
2025-09-29 10:00:00+00:00,597.5,598.16,597.36,597.88,98998
2025-09-29 11:00:00+00:00,597.88,597.94,597.03,597.53,186624
2025-09-29 12:00:00+00:00,597.92,598.3,593.36,598.09,433454
2025-09-29 13:00:00+00:00,598.11,599.38,596.86,599.07,7154713
2025-09-29 14:00:00+00:00,599.07,599.86,598.49,598.76,7389644
2025-09-29 15:00:00+00:00,598.75,599.09,596.46,596.89,5995837
2025-09-29 16:00:00+00:00,596.88,597.35,596.27,596.56,5118439
2025-09-29 17:00:00+00:00,596.56,596.91,595.73,596.8,4077587
2025-09-29 18:00:00+00:00,596.81,597.38,596.55,596.74,3502508
2025-09-29 19:00:00+00:00,596.73,596.88,595.24,596.57,9992321
2025-09-29 20:00:00+00:00,596.58,596.77,595.83,595.98,3132106
2025-09-29 21:00:00+00:00,595.92,595.99,595.87,595.97,896677
2025-09-29 22:00:00+00:00,595.97,596.52,595.89,596.49,59399
2025-09-29 23:00:00+00:00,596.44,596.63,596.21,596.21,41746
2025-09-30 08:00:00+00:00,595.53,596.06,594.93,595.77,106675
2025-09-30 09:00:00+00:00,595.78,596.25,595.47,595.68,161599
2025-09-30 10:00:00+00:00,595.64,596.08,595.14,595.94,155295
2025-09-30 11:00:00+00:00,595.92,596.19,595.52,595.9,120096
2025-09-30 12:00:00+00:00,595.88,597.0,594.83,596.57,785753
2025-09-30 13:00:00+00:00,596.6,596.6,593.93,595.45,5321348
2025-09-30 14:00:00+00:00,595.54,597.03,594.49,596.76,7225452
2025-09-30 15:00:00+00:00,596.76,597.23,594.68,596.02,6234543
2025-09-30 16:00:00+00:00,596.0,596.79,595.05,595.37,3778279
2025-09-30 17:00:00+00:00,595.36,595.7,594.16,595.04,6277491
2025-09-30 18:00:00+00:00,595.03,597.02,594.87,596.68,3918205
2025-09-30 19:00:00+00:00,596.69,598.52,596.3,598.14,9695037
2025-09-30 20:00:00+00:00,598.13,598.23,596.66,596.76,2189331
2025-09-30 21:00:00+00:00,596.82,597.2,596.82,597.04,364510
2025-09-30 22:00:00+00:00,596.87,597.62,596.44,596.67,111170
2025-09-30 23:00:00+00:00,596.68,596.96,596.36,596.57,76651
2025-10-01 08:00:00+00:00,594.71,594.71,592.46,593.96,317483
2025-10-01 09:00:00+00:00,593.91,595.09,593.85,594.63,177287
2025-10-01 10:00:00+00:00,594.69,595.03,594.03,594.26,138604
2025-10-01 11:00:00+00:00,594.31,595.94,594.26,595.86,382566
2025-10-01 12:00:00+00:00,594.28,597.74,592.15,595.35,1178290
2025-10-01 13:00:00+00:00,595.37,596.89,594.17,595.42,8010752
2025-10-01 14:00:00+00:00,595.41,598.6,594.97,598.28,7205547
2025-10-01 15:00:00+00:00,598.26,599.26,597.76,599.1,5376727
2025-10-01 16:00:00+00:00,599.1,599.71,599.02,599.65,3434277
2025-10-01 17:00:00+00:00,599.64,600.5,599.58,600.35,4207972
2025-10-01 18:00:00+00:00,600.34,601.56,600.19,601.31,4864349
2025-10-01 19:00:00+00:00,601.31,601.59,599.29,601.07,8511486
2025-10-01 20:00:00+00:00,601.07,601.11,600.64,601.0,2913468
2025-10-01 21:00:00+00:00,600.95,601.08,600.82,600.97,50389
2025-10-01 22:00:00+00:00,600.83,601.25,600.81,601.13,55702
2025-10-01 23:00:00+00:00,601.13,601.42,600.88,601.24,66717
2025-10-02 08:00:00+00:00,602.75,603.58,601.97,603.58,206529
2025-10-02 09:00:00+00:00,603.58,603.66,602.76,603.17,238764
2025-10-02 10:00:00+00:00,603.15,603.81,603.12,603.53,173545
2025-10-02 11:00:00+00:00,603.54,604.49,603.48,604.45,148268
2025-10-02 12:00:00+00:00,603.59,604.79,601.5,604.75,503402
2025-10-02 13:00:00+00:00,604.77,605.18,601.24,602.44,7058187
2025-10-02 14:00:00+00:00,602.43,603.11,601.34,601.39,7242821
2025-10-02 15:00:00+00:00,601.39,602.88,600.74,602.77,5340765
2025-10-02 16:00:00+00:00,602.76,602.83,601.77,602.77,3705027
2025-10-02 17:00:00+00:00,602.77,603.59,602.34,602.99,3331794
2025-10-02 18:00:00+00:00,602.99,603.74,602.85,603.61,3038970
2025-10-02 19:00:00+00:00,603.6,603.94,603.09,603.5,6399424
2025-10-02 20:00:00+00:00,603.52,603.89,603.3,603.46,6081757
2025-10-02 21:00:00+00:00,603.38,603.39,603.2,603.3,37721
2025-10-02 22:00:00+00:00,603.3,603.43,602.7,603.4,50928
2025-10-02 23:00:00+00:00,603.35,603.85,603.27,603.84,42161
2025-10-03 08:00:00+00:00,603.65,605.59,603.65,605.49,122423
2025-10-03 09:00:00+00:00,605.54,605.63,605.26,605.57,118533
2025-10-03 10:00:00+00:00,605.75,605.83,604.9,605.02,158986
2025-10-03 11:00:00+00:00,605.01,605.21,604.29,604.34,228133
2025-10-03 12:00:00+00:00,604.42,605.78,603.62,604.01,503154
2025-10-03 13:00:00+00:00,603.98,605.11,603.51,603.68,4774058
2025-10-03 14:00:00+00:00,603.68,604.13,602.32,603.89,5864053
2025-10-03 15:00:00+00:00,603.9,604.72,603.48,604.57,4707984
2025-10-03 16:00:00+00:00,604.55,604.81,603.67,603.89,3961596
2025-10-03 17:00:00+00:00,603.85,603.85,599.2,600.43,9284343
2025-10-03 18:00:00+00:00,600.42,602.1,599.26,601.26,6983455
2025-10-03 19:00:00+00:00,601.24,601.76,600.58,600.96,7154431
2025-10-03 20:00:00+00:00,600.97,601.2,600.45,600.68,2490443
2025-10-03 21:00:00+00:00,600.61,600.94,600.39,600.93,45494
2025-10-03 22:00:00+00:00,600.93,601.21,600.77,601.1,10978
2025-10-03 23:00:00+00:00,601.02,601.13,600.71,600.78,23932
2025-10-06 08:00:00+00:00,602.3,603.89,602.3,603.7,195658
2025-10-06 09:00:00+00:00,603.7,604.46,603.64,604.36,218242
2025-10-06 10:00:00+00:00,604.31,605.53,604.12,605.22,287562
2025-10-06 11:00:00+00:00,605.23,605.54,604.19,605.52,445520
2025-10-06 12:00:00+00:00,604.89,606.84,602.24,605.67,784846
2025-10-06 13:00:00+00:00,605.63,606.4,603.88,604.82,6929637
2025-10-06 14:00:00+00:00,604.82,605.52,603.76,604.77,6404154
2025-10-06 15:00:00+00:00,604.76,606.28,604.55,606.09,4230052
2025-10-06 16:00:00+00:00,606.09,606.17,605.5,605.97,3421335
2025-10-06 17:00:00+00:00,605.96,606.65,605.5,606.56,4213891
2025-10-06 18:00:00+00:00,606.56,607.14,606.34,606.8,3360195
2025-10-06 19:00:00+00:00,606.8,606.82,605.41,605.5,8837712
2025-10-06 20:00:00+00:00,605.51,605.63,605.26,605.48,2364638
2025-10-06 21:00:00+00:00,605.56,605.78,605.4,605.66,101883
2025-10-06 22:00:00+00:00,605.57,605.79,604.42,604.47,118160
2025-10-06 23:00:00+00:00,604.49,604.79,604.31,604.56,116052
2025-10-07 08:00:00+00:00,604.99,605.34,604.29,605.3,165548
2025-10-07 09:00:00+00:00,605.32,605.79,605.21,605.77,209899
2025-10-07 10:00:00+00:00,605.76,605.89,605.34,605.36,169647
2025-10-07 11:00:00+00:00,605.38,606.24,605.29,606.23,136034
2025-10-07 12:00:00+00:00,606.24,607.31,604.58,607.23,644020
2025-10-07 13:00:00+00:00,607.24,607.72,606.36,606.94,6034961
2025-10-07 14:00:00+00:00,606.95,607.32,605.32,605.63,7976380
2025-10-07 15:00:00+00:00,605.64,605.75,600.84,601.94,15053665
2025-10-07 16:00:00+00:00,601.93,603.43,601.16,601.81,8306474
2025-10-07 17:00:00+00:00,601.81,602.77,601.54,601.59,4339074
2025-10-07 18:00:00+00:00,601.6,602.5,601.01,602.49,4559906
2025-10-07 19:00:00+00:00,602.48,602.92,601.86,602.27,6003427
2025-10-07 20:00:00+00:00,602.28,602.9,602.28,602.55,4375453
2025-10-07 21:00:00+00:00,602.66,602.69,602.4,602.52,60451
2025-10-07 22:00:00+00:00,602.53,603.15,602.52,603.08,70043
2025-10-07 23:00:00+00:00,603.03,603.03,601.92,602.0,75119
2025-10-08 08:00:00+00:00,603.28,603.93,602.6,603.34,244410
2025-10-08 09:00:00+00:00,603.35,603.6,603.11,603.38,192006
2025-10-08 10:00:00+00:00,603.38,603.63,602.7,603.62,183443
2025-10-08 11:00:00+00:00,603.61,603.78,602.71,603.44,208667
2025-10-08 12:00:00+00:00,603.6,603.84,601.86,602.75,584497
2025-10-08 13:00:00+00:00,602.77,605.6,602.61,605.37,6854137
2025-10-08 14:00:00+00:00,605.38,606.73,605.37,605.88,8668230
2025-10-08 15:00:00+00:00,605.89,607.47,605.81,607.32,4739921
2025-10-08 16:00:00+00:00,607.32,607.84,606.81,607.25,3868775
2025-10-08 17:00:00+00:00,607.25,608.14,606.98,607.81,4487758
2025-10-08 18:00:00+00:00,607.8,608.37,607.6,607.74,4875266
2025-10-08 19:00:00+00:00,607.73,609.52,607.68,609.22,11285193
2025-10-08 20:00:00+00:00,609.21,610.0,605.82,609.7,3671560
2025-10-08 21:00:00+00:00,609.72,609.75,609.47,609.54,495128
2025-10-08 22:00:00+00:00,609.57,610.08,609.57,610.08,68421
2025-10-08 23:00:00+00:00,610.1,610.68,610.02,610.4,98865
2025-10-09 08:00:00+00:00,609.51,609.6,608.44,608.56,240598
2025-10-09 09:00:00+00:00,608.63,609.48,608.47,609.06,155384
2025-10-09 10:00:00+00:00,609.06,609.35,608.67,609.03,170354
2025-10-09 11:00:00+00:00,609.02,609.56,608.89,608.9,212955
2025-10-09 12:00:00+00:00,609.07,610.13,608.48,609.37,445178
2025-10-09 13:00:00+00:00,609.38,609.43,607.46,608.07,6521420
2025-10-09 14:00:00+00:00,608.08,608.31,606.02,607.41,7418785
2025-10-09 15:00:00+00:00,607.42,607.97,606.13,607.7,4979631
2025-10-09 16:00:00+00:00,607.71,607.97,606.11,606.29,4713306
2025-10-09 17:00:00+00:00,606.29,606.96,605.27,606.58,5436744
2025-10-09 18:00:00+00:00,606.58,607.2,605.81,607.04,3957290
2025-10-09 19:00:00+00:00,607.04,608.54,606.99,608.48,8787999
2025-10-09 20:00:00+00:00,608.5,608.6,607.92,608.25,2101927
2025-10-09 21:00:00+00:00,608.28,608.36,608.17,608.34,196294
2025-10-09 22:00:00+00:00,608.34,609.07,608.34,608.98,110879
2025-10-09 23:00:00+00:00,609.02,609.4,608.8,609.35,84112
2025-10-10 08:00:00+00:00,609.33,609.89,609.22,609.79,154952
2025-10-10 09:00:00+00:00,609.81,609.84,607.77,607.85,326969
2025-10-10 10:00:00+00:00,607.89,608.93,607.88,608.92,220483
2025-10-10 11:00:00+00:00,608.95,609.46,608.93,609.46,157068
2025-10-10 12:00:00+00:00,609.12,610.09,607.85,608.81,439974
2025-10-10 13:00:00+00:00,608.85,610.95,608.74,610.27,6237811
2025-10-10 14:00:00+00:00,610.32,610.52,604.72,606.31,7274968
2025-10-10 15:00:00+00:00,606.26,606.32,593.76,597.56,27331266
2025-10-10 16:00:00+00:00,597.46,598.03,593.25,593.5,11304527
2025-10-10 17:00:00+00:00,593.47,595.71,592.17,594.01,9772178
2025-10-10 18:00:00+00:00,594.05,594.96,591.43,591.83,5846055
2025-10-10 19:00:00+00:00,591.84,592.94,586.91,587.34,18181628
2025-10-10 20:00:00+00:00,587.32,588.43,581.56,582.85,7134082
2025-10-10 21:00:00+00:00,582.51,583.5,579.92,581.02,1877507
2025-10-10 22:00:00+00:00,581.18,586.06,580.96,585.39,815787
2025-10-10 23:00:00+00:00,585.36,588.41,585.36,587.78,512945
2025-10-13 08:00:00+00:00,595.99,599.39,595.82,598.61,658369
2025-10-13 09:00:00+00:00,598.61,598.75,597.72,598.0,532687
2025-10-13 10:00:00+00:00,597.96,598.67,597.52,598.08,677096
2025-10-13 11:00:00+00:00,598.05,598.44,595.29,596.78,1437770
2025-10-13 12:00:00+00:00,592.65,600.19,592.65,596.58,2162353
2025-10-13 13:00:00+00:00,596.56,599.06,595.06,598.97,12749635
2025-10-13 14:00:00+00:00,598.95,599.55,595.51,595.86,11268525
2025-10-13 15:00:00+00:00,595.88,599.28,595.56,599.07,6917158
2025-10-13 16:00:00+00:00,599.1,600.58,598.52,600.39,6678650
2025-10-13 17:00:00+00:00,600.41,600.64,598.97,599.9,4624780
2025-10-13 18:00:00+00:00,599.89,600.76,599.02,599.28,3955038
2025-10-13 19:00:00+00:00,599.29,600.48,598.84,599.85,9316875
2025-10-13 20:00:00+00:00,599.85,599.97,599.31,599.48,4279356
2025-10-13 21:00:00+00:00,599.56,599.8,599.51,599.6,160809
2025-10-13 22:00:00+00:00,599.64,600.06,599.29,600.04,47369
2025-10-13 23:00:00+00:00,600.06,600.06,599.35,599.62,68695
2025-10-14 08:00:00+00:00,596.32,596.65,591.92,594.34,340605
2025-10-14 09:00:00+00:00,594.38,594.82,592.83,593.05,309810
2025-10-14 10:00:00+00:00,593.11,593.18,589.85,591.12,564640
2025-10-14 11:00:00+00:00,591.2,593.73,590.88,593.5,541264
2025-10-14 12:00:00+00:00,591.21,599.66,589.89,592.58,1103906
2025-10-14 13:00:00+00:00,592.63,593.51,587.98,591.64,10771891
2025-10-14 14:00:00+00:00,591.61,595.64,591.18,594.35,10367249
2025-10-14 15:00:00+00:00,594.39,597.89,594.22,597.09,8763602
2025-10-14 16:00:00+00:00,597.11,600.5,596.07,599.17,7767619
2025-10-14 17:00:00+00:00,599.14,600.25,598.35,599.3,6103116
2025-10-14 18:00:00+00:00,599.34,599.95,598.89,599.3,5001043
2025-10-14 19:00:00+00:00,599.29,599.97,594.2,595.87,12908171
2025-10-14 20:00:00+00:00,595.87,596.62,594.48,595.82,4311990
2025-10-14 21:00:00+00:00,595.8,596.05,595.62,595.97,65404
2025-10-14 22:00:00+00:00,595.89,597.24,595.82,596.45,97787
2025-10-14 23:00:00+00:00,596.36,597.32,596.22,596.28,97972
2025-10-15 08:00:00+00:00,599.31,600.23,598.48,600.1,225302
2025-10-15 09:00:00+00:00,600.09,601.55,600.03,601.11,352718
2025-10-15 10:00:00+00:00,601.14,601.31,600.58,601.03,227538
2025-10-15 11:00:00+00:00,600.95,601.06,600.35,600.85,327368
2025-10-15 12:00:00+00:00,600.86,602.47,595.38,602.29,1083672
2025-10-15 13:00:00+00:00,602.31,602.32,599.32,602.09,8091039
2025-10-15 14:00:00+00:00,602.13,604.49,602.08,604.13,9660326
2025-10-15 15:00:00+00:00,604.18,604.39,598.84,600.24,8691435
2025-10-15 16:00:00+00:00,600.24,601.6,599.23,599.45,6276021
2025-10-15 17:00:00+00:00,599.45,599.73,593.76,599.53,12276226
2025-10-15 18:00:00+00:00,599.48,600.8,598.42,600.65,4681447
2025-10-15 19:00:00+00:00,600.65,600.72,598.1,599.97,7871190
2025-10-15 20:00:00+00:00,599.98,600.87,599.68,600.38,2548596
2025-10-15 21:00:00+00:00,600.41,600.41,599.6,600.06,249112
2025-10-15 22:00:00+00:00,600.08,601.5,600.08,601.17,163487
2025-10-15 23:00:00+00:00,601.14,601.2,599.98,600.36,74749
2025-10-16 08:00:00+00:00,602.8,603.22,601.97,602.31,233788
2025-10-16 09:00:00+00:00,602.42,602.94,602.0,602.85,182868
2025-10-16 10:00:00+00:00,602.87,603.54,602.8,603.13,328847
2025-10-16 11:00:00+00:00,603.12,603.84,602.95,603.43,199884
2025-10-16 12:00:00+00:00,603.37,604.16,599.58,603.72,929892
2025-10-16 13:00:00+00:00,603.72,604.81,602.46,603.31,7144227
2025-10-16 14:00:00+00:00,603.32,606.1,602.16,604.38,9393167
2025-10-16 15:00:00+00:00,604.43,604.95,600.57,601.18,8772141
2025-10-16 16:00:00+00:00,601.14,601.76,595.46,600.14,11917225
2025-10-16 17:00:00+00:00,600.1,601.01,597.71,598.62,6853464
2025-10-16 18:00:00+00:00,598.59,598.77,593.33,597.03,10588879
2025-10-16 19:00:00+00:00,597.04,598.14,594.49,597.79,10626814
2025-10-16 20:00:00+00:00,597.79,598.36,595.77,596.9,3084342
2025-10-16 21:00:00+00:00,596.86,596.86,596.44,596.69,266831
2025-10-16 22:00:00+00:00,596.82,598.42,595.59,595.6,262987
2025-10-16 23:00:00+00:00,595.67,596.29,595.19,596.05,192504
2025-10-17 08:00:00+00:00,589.41,590.76,587.96,589.9,588525
2025-10-17 09:00:00+00:00,589.83,591.56,589.75,590.02,454327
2025-10-17 10:00:00+00:00,590.04,591.92,589.71,591.89,418396
2025-10-17 11:00:00+00:00,591.9,595.89,591.74,595.57,905710
2025-10-17 12:00:00+00:00,595.53,597.36,588.26,595.81,1230898
2025-10-17 13:00:00+00:00,595.75,599.42,594.2,597.82,9330094
2025-10-17 14:00:00+00:00,597.79,601.12,596.02,596.39,11591384
2025-10-17 15:00:00+00:00,596.37,599.0,594.25,598.41,14190991
2025-10-17 16:00:00+00:00,598.43,601.38,598.41,599.68,8873047
2025-10-17 17:00:00+00:00,599.7,600.74,597.94,600.51,6825273
2025-10-17 18:00:00+00:00,600.49,602.74,600.49,601.95,5659755
2025-10-17 19:00:00+00:00,601.92,603.31,601.52,601.68,8404349
2025-10-17 20:00:00+00:00,601.73,603.03,601.4,602.77,3218452
2025-10-17 21:00:00+00:00,602.72,602.76,602.3,602.5,391809
2025-10-17 22:00:00+00:00,602.64,602.64,601.81,602.05,43202
2025-10-17 23:00:00+00:00,602.05,603.15,601.73,602.79,71402
2025-10-20 08:00:00+00:00,605.09,605.3,603.79,603.93,225158
2025-10-20 09:00:00+00:00,603.95,604.53,603.64,604.23,157957
2025-10-20 10:00:00+00:00,604.23,604.6,603.1,603.19,340544
2025-10-20 11:00:00+00:00,603.11,604.29,603.07,604.17,227164
2025-10-20 12:00:00+00:00,604.13,605.64,601.28,605.22,742803
2025-10-20 13:00:00+00:00,605.22,607.85,604.86,607.41,7533609
2025-10-20 14:00:00+00:00,607.43,609.8,607.2,609.61,8331416
2025-10-20 15:00:00+00:00,609.63,610.35,609.02,609.68,6211017
2025-10-20 16:00:00+00:00,609.68,609.93,609.05,609.62,4019068
2025-10-20 17:00:00+00:00,609.61,610.57,609.55,610.14,3924931
2025-10-20 18:00:00+00:00,610.11,610.55,609.45,609.93,3317044
2025-10-20 19:00:00+00:00,609.95,610.14,609.22,609.32,6931598
2025-10-20 20:00:00+00:00,609.32,609.91,609.1,609.91,3316599
2025-10-20 21:00:00+00:00,609.86,609.97,609.69,609.86,311595
2025-10-20 22:00:00+00:00,609.85,609.92,609.48,609.77,78619
2025-10-20 23:00:00+00:00,609.87,610.32,609.71,609.83,80781
2025-10-21 08:00:00+00:00,609.55,609.55,608.36,608.59,167954
2025-10-21 09:00:00+00:00,608.62,609.29,608.59,608.95,223134
2025-10-21 10:00:00+00:00,608.98,609.08,608.43,608.9,234210
2025-10-21 11:00:00+00:00,608.9,609.63,608.8,609.6,238339
2025-10-21 12:00:00+00:00,608.9,610.05,608.48,609.38,673152
2025-10-21 13:00:00+00:00,609.36,609.52,607.32,607.81,6128740
2025-10-21 14:00:00+00:00,607.82,609.46,607.1,609.37,7871568
2025-10-21 15:00:00+00:00,609.38,610.02,608.03,609.92,6743982
2025-10-21 16:00:00+00:00,609.91,610.49,608.83,609.02,5622675
2025-10-21 17:00:00+00:00,609.02,609.71,608.15,609.68,4428713
2025-10-21 18:00:00+00:00,609.68,609.97,609.12,609.6,2986883
2025-10-21 19:00:00+00:00,609.58,610.2,609.03,609.18,6321659
2025-10-21 20:00:00+00:00,609.16,609.36,607.67,608.53,2420536
2025-10-21 21:00:00+00:00,608.52,608.81,608.06,608.66,325383
2025-10-21 22:00:00+00:00,608.65,608.98,608.37,608.63,71911
2025-10-21 23:00:00+00:00,608.38,608.59,607.95,608.03,69529
2025-10-22 08:00:00+00:00,609.37,609.47,608.32,608.67,255367
2025-10-22 09:00:00+00:00,608.64,608.82,607.84,608.78,291821
2025-10-22 10:00:00+00:00,608.77,609.77,608.34,609.08,248976
2025-10-22 11:00:00+00:00,609.08,609.2,607.28,607.67,335827
2025-10-22 12:00:00+00:00,609.18,610.32,607.28,608.51,566024
2025-10-22 13:00:00+00:00,608.54,609.18,606.41,608.42,6076076
2025-10-22 14:00:00+00:00,608.42,608.97,603.43,606.38,11120165
2025-10-22 15:00:00+00:00,606.38,606.8,602.29,604.61,8924210
2025-10-22 16:00:00+00:00,604.66,604.86,599.07,602.06,8587991
2025-10-22 17:00:00+00:00,602.06,602.47,597.56,599.2,7912860
2025-10-22 18:00:00+00:00,599.2,601.3,598.11,601.25,6318019
2025-10-22 19:00:00+00:00,601.22,603.63,600.45,603.18,7562996
2025-10-22 20:00:00+00:00,603.2,604.06,602.8,603.15,2767004
2025-10-22 21:00:00+00:00,603.09,603.15,602.01,602.16,181944
2025-10-22 22:00:00+00:00,602.2,603.62,602.2,603.34,218844
2025-10-22 23:00:00+00:00,603.25,603.69,602.04,602.11,103241
2025-10-23 08:00:00+00:00,605.12,605.12,604.05,604.35,147722
2025-10-23 09:00:00+00:00,604.33,604.51,602.96,603.74,295862
2025-10-23 10:00:00+00:00,603.75,603.93,603.18,603.5,191760
2025-10-23 11:00:00+00:00,603.51,603.56,601.44,601.71,478653
2025-10-23 12:00:00+00:00,601.67,605.34,600.81,602.52,802159
2025-10-23 13:00:00+00:00,602.5,606.61,600.9,606.13,6494071
2025-10-23 14:00:00+00:00,606.17,607.05,604.3,606.84,7649986
2025-10-23 15:00:00+00:00,606.84,607.47,605.19,606.95,4552101
2025-10-23 16:00:00+00:00,606.95,608.06,606.72,608.04,3731431
2025-10-23 17:00:00+00:00,608.06,609.07,606.84,608.97,4829568
2025-10-23 18:00:00+00:00,608.99,609.14,608.14,608.88,3465473
2025-10-23 19:00:00+00:00,608.88,609.09,607.86,608.38,5440784
2025-10-23 20:00:00+00:00,608.38,609.38,608.28,608.96,4322741
2025-10-23 21:00:00+00:00,608.95,609.41,608.78,609.22,275374
2025-10-23 22:00:00+00:00,609.22,609.57,608.99,609.33,102959
2025-10-23 23:00:00+00:00,609.47,609.58,609.36,609.52,52280
2025-10-24 08:00:00+00:00,610.57,611.45,610.37,611.02,216972
2025-10-24 09:00:00+00:00,611.08,611.98,611.05,611.6,155732
2025-10-24 10:00:00+00:00,611.62,611.93,611.35,611.36,159420
2025-10-24 11:00:00+00:00,611.39,611.81,611.29,611.52,202811
2025-10-24 12:00:00+00:00,611.37,615.03,607.9,613.56,1386777
2025-10-24 13:00:00+00:00,613.59,615.28,612.89,614.72,7272397
2025-10-24 14:00:00+00:00,614.77,615.65,612.94,613.8,8983561
2025-10-24 15:00:00+00:00,613.8,615.64,613.52,615.1,5573744
2025-10-24 16:00:00+00:00,615.09,616.02,615.03,615.75,4020440
2025-10-24 17:00:00+00:00,615.74,616.17,615.47,615.73,3269246
2025-10-24 18:00:00+00:00,615.72,615.86,615.25,615.61,4194348
2025-10-24 19:00:00+00:00,615.61,616.15,614.51,614.77,9462490
2025-10-24 20:00:00+00:00,614.77,615.18,614.51,614.82,2582964
2025-10-24 21:00:00+00:00,614.84,615.19,614.8,615.07,41756
2025-10-24 22:00:00+00:00,615.18,615.18,614.96,614.98,10958
2025-10-24 23:00:00+00:00,614.98,615.27,614.98,615.27,32690
2025-10-27 08:00:00+00:00,621.73,622.07,620.8,621.97,347560
2025-10-27 09:00:00+00:00,621.99,622.82,621.66,622.82,305021
2025-10-27 10:00:00+00:00,622.83,623.13,622.59,622.8,252074
2025-10-27 11:00:00+00:00,622.79,623.0,622.19,622.39,364117
2025-10-27 12:00:00+00:00,622.76,623.12,620.79,622.58,808764
2025-10-27 13:00:00+00:00,622.58,623.25,621.76,623.02,6781285
2025-10-27 14:00:00+00:00,623.02,624.06,622.43,623.26,8356182
2025-10-27 15:00:00+00:00,623.26,624.47,623.2,624.11,5819417
2025-10-27 16:00:00+00:00,624.13,624.7,624.03,624.62,4313036
2025-10-27 17:00:00+00:00,624.62,624.98,624.1,624.92,5805121
2025-10-27 18:00:00+00:00,624.92,625.4,624.75,625.29,3966591
2025-10-27 19:00:00+00:00,625.29,626.26,624.79,625.79,12841928
2025-10-27 20:00:00+00:00,625.79,627.01,623.93,626.81,3517885
2025-10-27 21:00:00+00:00,626.77,626.84,626.66,626.78,366246
2025-10-27 22:00:00+00:00,626.72,626.72,626.41,626.64,137596
2025-10-27 23:00:00+00:00,626.63,627.1,626.59,626.65,111836
2025-10-28 08:00:00+00:00,625.8,626.29,625.46,626.04,227736
2025-10-28 09:00:00+00:00,626.06,626.33,625.93,626.27,142819
2025-10-28 10:00:00+00:00,626.24,626.71,626.05,626.28,202831
2025-10-28 11:00:00+00:00,626.29,626.91,626.28,626.74,284111
2025-10-28 12:00:00+00:00,625.62,627.41,625.33,627.13,632552
2025-10-28 13:00:00+00:00,627.08,629.06,627.08,628.29,7526418
2025-10-28 14:00:00+00:00,628.36,628.61,626.99,627.61,7924785
2025-10-28 15:00:00+00:00,627.62,628.24,626.96,628.23,4142054
2025-10-28 16:00:00+00:00,628.25,630.28,628.25,629.37,8276624
2025-10-28 17:00:00+00:00,629.36,630.57,629.25,630.45,8876845
2025-10-28 18:00:00+00:00,630.46,631.48,630.31,631.47,6124590
2025-10-28 19:00:00+00:00,631.47,632.37,630.56,630.59,11263490
2025-10-28 20:00:00+00:00,630.61,631.06,630.38,630.93,5002631
2025-10-28 21:00:00+00:00,630.97,631.55,630.77,631.44,125378
2025-10-28 22:00:00+00:00,631.44,631.44,630.9,630.96,179591
2025-10-28 23:00:00+00:00,630.99,631.32,630.75,631.2,79357
2025-10-29 08:00:00+00:00,633.69,634.33,633.16,633.38,286044
2025-10-29 09:00:00+00:00,633.33,633.4,632.39,632.64,413179
2025-10-29 10:00:00+00:00,632.54,633.44,632.45,632.91,281213
2025-10-29 11:00:00+00:00,632.89,634.03,632.85,633.5,351901
2025-10-29 12:00:00+00:00,633.51,634.32,630.14,633.14,699999
2025-10-29 13:00:00+00:00,633.12,634.52,633.0,634.52,7377201
2025-10-29 14:00:00+00:00,634.53,634.69,632.72,633.08,9061591
2025-10-29 15:00:00+00:00,633.11,633.53,632.1,632.57,5908238
2025-10-29 16:00:00+00:00,632.56,633.24,631.72,632.96,6880739
2025-10-29 17:00:00+00:00,632.96,633.28,632.12,632.99,3478908
2025-10-29 18:00:00+00:00,632.99,633.73,627.96,631.25,15538675
2025-10-29 19:00:00+00:00,631.27,633.66,629.54,633.56,13202615
2025-10-29 20:00:00+00:00,633.55,635.86,630.61,632.16,3088571
2025-10-29 21:00:00+00:00,632.16,632.67,630.19,630.49,292795
2025-10-29 22:00:00+00:00,630.49,632.69,630.49,631.7,420619
2025-10-29 23:00:00+00:00,631.49,632.67,630.75,632.4,138283
2025-10-30 08:00:00+00:00,633.23,636.09,632.54,633.33,206900
2025-10-30 09:00:00+00:00,633.48,633.86,631.57,631.82,209604
2025-10-30 10:00:00+00:00,631.86,632.74,631.61,632.47,211598
2025-10-30 11:00:00+00:00,632.43,633.75,632.27,633.13,196771
2025-10-30 12:00:00+00:00,633.13,635.79,628.92,628.92,1390822
2025-10-30 13:00:00+00:00,628.94,630.44,625.48,629.89,11930922
2025-10-30 14:00:00+00:00,629.89,631.19,626.37,627.27,10683293
2025-10-30 15:00:00+00:00,627.28,628.71,626.08,626.67,6880284
2025-10-30 16:00:00+00:00,626.69,629.2,626.54,628.66,4349984
2025-10-30 17:00:00+00:00,628.66,628.7,626.88,628.52,3743393
2025-10-30 18:00:00+00:00,628.5,628.5,626.31,626.6,4495773
2025-10-30 19:00:00+00:00,626.59,626.71,623.71,623.73,11331057
2025-10-30 20:00:00+00:00,623.73,630.5,623.33,630.5,5046799
2025-10-30 21:00:00+00:00,630.5,631.19,630.35,630.5,615172
2025-10-30 22:00:00+00:00,630.5,631.19,630.12,630.34,198863
2025-10-30 23:00:00+00:00,630.45,631.05,629.95,630.97,133463
2025-10-31 08:00:00+00:00,632.36,632.36,630.89,631.84,226218
2025-10-31 09:00:00+00:00,631.91,632.17,630.96,631.49,166845
2025-10-31 10:00:00+00:00,631.52,631.79,631.0,631.47,203462
2025-10-31 11:00:00+00:00,631.48,632.62,631.14,632.38,329067
2025-10-31 12:00:00+00:00,632.38,633.62,623.3,632.17,1173832
2025-10-31 13:00:00+00:00,632.16,632.3,629.05,629.58,6866821
2025-10-31 14:00:00+00:00,629.57,631.42,628.55,631.03,9760686
2025-10-31 15:00:00+00:00,631.03,631.44,628.25,628.29,9144426
2025-10-31 16:00:00+00:00,628.28,628.33,625.43,625.84,8473145
2025-10-31 17:00:00+00:00,625.83,626.61,624.41,625.79,9035914
2025-10-31 18:00:00+00:00,625.82,627.62,625.75,627.42,5857698
2025-10-31 19:00:00+00:00,627.41,629.94,626.88,626.9,12055377
2025-10-31 20:00:00+00:00,626.9,627.64,626.3,626.72,2882156
2025-10-31 21:00:00+00:00,626.81,626.91,626.61,626.85,85959
2025-10-31 22:00:00+00:00,626.85,626.95,626.81,626.91,9876
2025-10-31 23:00:00+00:00,626.89,626.91,626.74,626.76,22917
2025-11-03 09:00:00+00:00,629.7,630.92,628.14,630.32,279462
2025-11-03 10:00:00+00:00,630.37,631.07,630.17,630.55,299133
2025-11-03 11:00:00+00:00,630.56,631.44,630.56,630.88,274869
2025-11-03 12:00:00+00:00,630.88,631.52,630.66,630.82,409038
2025-11-03 13:00:00+00:00,630.79,631.69,626.91,631.63,718829
2025-11-03 14:00:00+00:00,631.65,633.51,630.03,630.46,6184772
2025-11-03 15:00:00+00:00,630.52,630.9,627.56,629.31,7155223
2025-11-03 16:00:00+00:00,629.32,630.21,628.21,630.0,4607079
2025-11-03 17:00:00+00:00,630.03,630.98,629.17,630.77,3890475
2025-11-03 18:00:00+00:00,630.76,631.11,630.16,630.26,2849547
2025-11-03 19:00:00+00:00,630.25,630.51,628.74,629.96,3205978
2025-11-03 20:00:00+00:00,629.98,630.16,628.89,629.81,4898814
2025-11-03 21:00:00+00:00,629.79,631.44,629.51,629.78,1923745
2025-11-03 22:00:00+00:00,629.8,630.1,629.44,629.44,61031
2025-11-03 23:00:00+00:00,629.38,629.53,628.7,628.83,94171
2025-11-04 00:00:00+00:00,628.8,628.8,626.79,627.49,196218
2025-11-04 09:00:00+00:00,622.73,622.73,619.29,619.42,570926
2025-11-04 10:00:00+00:00,619.4,621.73,618.71,621.44,527899
2025-11-04 11:00:00+00:00,621.41,622.22,621.13,621.55,374168
2025-11-04 12:00:00+00:00,621.63,622.24,620.65,621.34,623091
2025-11-04 13:00:00+00:00,622.31,629.31,618.83,620.39,1476300
2025-11-04 14:00:00+00:00,620.36,624.39,619.11,624.23,9751898
2025-11-04 15:00:00+00:00,624.22,624.67,621.54,622.14,7952917
2025-11-04 16:00:00+00:00,622.14,622.93,620.56,621.33,5498371
2025-11-04 17:00:00+00:00,621.33,621.37,618.63,619.51,6219030
2025-11-04 18:00:00+00:00,619.51,619.64,617.65,619.27,6407912
2025-11-04 19:00:00+00:00,619.24,619.71,616.98,617.71,5535640
2025-11-04 20:00:00+00:00,617.71,618.57,616.2,616.99,12432794
2025-11-04 21:00:00+00:00,616.99,617.36,615.66,616.95,5386152
2025-11-04 22:00:00+00:00,616.98,617.05,615.85,615.99,453102
2025-11-04 23:00:00+00:00,616.15,616.79,615.18,615.21,275615
2025-11-05 00:00:00+00:00,615.15,615.15,612.86,612.95,344829
2025-11-05 09:00:00+00:00,613.6,616.48,613.6,615.64,256501
2025-11-05 10:00:00+00:00,615.71,616.16,613.14,613.23,265370
2025-11-05 11:00:00+00:00,613.16,614.89,613.01,614.82,198553
2025-11-05 12:00:00+00:00,614.8,616.15,614.29,615.98,394186
2025-11-05 13:00:00+00:00,614.23,617.57,613.19,617.36,1284023
2025-11-05 14:00:00+00:00,617.36,619.87,614.96,619.72,7979852
2025-11-05 15:00:00+00:00,619.68,620.92,618.08,620.54,8919218
2025-11-05 16:00:00+00:00,620.55,622.16,619.07,621.83,5950172
2025-11-05 17:00:00+00:00,621.82,623.13,621.02,622.74,3446165
2025-11-05 18:00:00+00:00,622.74,624.2,622.57,624.02,2871715
2025-11-05 19:00:00+00:00,624.01,624.29,623.01,623.97,4030838
2025-11-05 20:00:00+00:00,623.98,624.32,620.79,621.02,9565119
2025-11-05 21:00:00+00:00,621.02,621.56,619.96,620.67,2859858
2025-11-05 22:00:00+00:00,620.65,621.09,620.53,621.01,250028
2025-11-05 23:00:00+00:00,621.19,621.83,620.09,621.79,131924
2025-11-06 00:00:00+00:00,621.78,621.78,618.96,620.08,284578
2025-11-06 09:00:00+00:00,619.49,621.32,619.48,620.85,234206
2025-11-06 10:00:00+00:00,620.88,622.07,620.82,621.47,293131
2025-11-06 11:00:00+00:00,621.46,622.01,621.23,621.35,248663
2025-11-06 12:00:00+00:00,621.34,622.4,621.34,622.1,402461
2025-11-06 13:00:00+00:00,621.58,623.09,618.5,621.79,626531
2025-11-06 14:00:00+00:00,621.81,621.96,615.56,615.66,8335498
2025-11-06 15:00:00+00:00,615.64,616.43,610.3,610.6,15258599
2025-11-06 16:00:00+00:00,610.58,612.22,608.15,608.62,10930228
2025-11-06 17:00:00+00:00,608.62,611.91,608.08,611.46,9514918
2025-11-06 18:00:00+00:00,611.46,612.25,608.77,611.25,5899803
2025-11-06 19:00:00+00:00,611.24,613.89,611.05,613.06,6008596
2025-11-06 20:00:00+00:00,613.04,613.3,608.73,609.47,9924457
2025-11-06 21:00:00+00:00,609.47,610.94,609.09,610.79,3619695
2025-11-06 22:00:00+00:00,610.73,610.87,610.35,610.55,441572
2025-11-06 23:00:00+00:00,610.55,611.36,609.86,610.91,222138
2025-11-07 00:00:00+00:00,610.96,611.72,610.13,611.13,154367
2025-11-07 09:00:00+00:00,609.89,611.45,609.39,609.79,162763
2025-11-07 10:00:00+00:00,609.61,610.19,608.08,608.78,198705
2025-11-07 11:00:00+00:00,608.67,608.7,605.58,607.88,572078
2025-11-07 12:00:00+00:00,607.85,608.25,605.06,605.77,479301
2025-11-07 13:00:00+00:00,607.58,612.06,605.08,606.21,1267141
2025-11-07 14:00:00+00:00,606.16,606.43,601.48,603.87,11454342
2025-11-07 15:00:00+00:00,603.7,604.58,599.22,599.23,12946981
2025-11-07 16:00:00+00:00,599.22,600.15,596.71,597.4,11153577
2025-11-07 17:00:00+00:00,597.39,600.22,596.49,599.72,8771784
2025-11-07 18:00:00+00:00,599.73,602.43,599.26,601.67,8111634
2025-11-07 19:00:00+00:00,601.68,606.36,601.16,606.31,9213235
2025-11-07 20:00:00+00:00,606.3,607.73,604.13,607.54,13392478
2025-11-07 21:00:00+00:00,607.53,608.99,606.19,608.99,3688774
2025-11-07 22:00:00+00:00,609.03,609.03,608.74,608.98,254143
2025-11-07 23:00:00+00:00,609.08,609.63,609.02,609.57,80262
2025-11-08 00:00:00+00:00,609.62,609.92,609.51,609.92,87763
2025-11-10 09:00:00+00:00,614.87,617.41,614.87,617.02,259716
2025-11-10 10:00:00+00:00,617.1,617.17,616.44,616.53,226440
2025-11-10 11:00:00+00:00,616.53,616.88,615.93,616.88,217141
2025-11-10 12:00:00+00:00,616.87,617.0,616.11,616.72,406140
2025-11-10 13:00:00+00:00,615.57,617.22,607.98,617.08,775039
2025-11-10 14:00:00+00:00,617.07,619.51,616.25,619.03,8809544
2025-11-10 15:00:00+00:00,619.02,619.78,616.18,616.32,9634218
2025-11-10 16:00:00+00:00,616.34,616.69,614.64,616.32,7520665
2025-11-10 17:00:00+00:00,616.32,619.29,615.99,619.0,5562365
2025-11-10 18:00:00+00:00,619.02,620.15,618.85,619.29,4219787
2025-11-10 19:00:00+00:00,619.3,620.98,619.18,620.63,5236395
2025-11-10 20:00:00+00:00,620.63,622.04,620.5,620.91,9766317
2025-11-10 21:00:00+00:00,620.91,621.7,620.8,621.09,2853182
2025-11-10 22:00:00+00:00,621.06,621.47,621.05,621.33,216086
2025-11-10 23:00:00+00:00,621.32,621.7,620.71,621.63,109416
2025-11-11 00:00:00+00:00,621.63,622.26,621.33,621.55,107000
2025-11-11 09:00:00+00:00,620.11,620.11,618.12,618.26,141441
2025-11-11 10:00:00+00:00,618.27,618.97,618.09,618.71,89235
2025-11-11 11:00:00+00:00,618.75,619.31,618.4,618.76,113595
2025-11-11 12:00:00+00:00,618.74,619.14,617.79,618.05,297393
2025-11-11 13:00:00+00:00,618.0,621.43,617.56,618.11,900202
2025-11-11 14:00:00+00:00,618.17,619.31,617.23,618.82,6173850
2025-11-11 15:00:00+00:00,618.8,618.86,615.44,616.08,7227309
2025-11-11 16:00:00+00:00,616.07,617.97,615.27,616.01,5447088
2025-11-11 17:00:00+00:00,616.01,618.92,615.94,618.61,4454685
2025-11-11 18:00:00+00:00,618.59,620.45,618.34,620.32,5179759
2025-11-11 19:00:00+00:00,620.32,620.33,619.14,619.68,3690921
2025-11-11 20:00:00+00:00,619.69,620.33,618.63,619.26,7857800
2025-11-11 21:00:00+00:00,619.27,620.24,618.78,619.53,3061106
2025-11-11 22:00:00+00:00,619.62,619.99,619.58,619.84,38750
2025-11-11 23:00:00+00:00,619.82,619.9,618.9,619.44,91358
2025-11-12 00:00:00+00:00,619.53,620.55,619.4,620.2,102880
2025-11-12 09:00:00+00:00,622.35,623.67,622.35,623.55,115796
2025-11-12 10:00:00+00:00,623.56,623.76,622.61,622.86,87295
2025-11-12 11:00:00+00:00,623.04,623.16,621.41,621.49,96915
2025-11-12 12:00:00+00:00,621.53,623.13,621.23,622.9,362815
2025-11-12 13:00:00+00:00,621.4,623.74,618.84,623.09,374317
2025-11-12 14:00:00+00:00,623.05,623.09,617.34,618.09,6972929
2025-11-12 15:00:00+00:00,618.1,619.7,616.59,617.19,8260520
2025-11-12 16:00:00+00:00,617.2,618.4,615.56,616.6,6543469
2025-11-12 17:00:00+00:00,616.59,618.9,616.31,618.45,4517428
2025-11-12 18:00:00+00:00,618.46,619.14,617.84,618.55,6197649
2025-11-12 19:00:00+00:00,618.56,618.83,617.11,617.78,3628657
2025-11-12 20:00:00+00:00,617.75,619.44,616.91,618.78,6816798
2025-11-12 21:00:00+00:00,618.82,619.49,618.28,618.82,2737116
2025-11-12 22:00:00+00:00,618.86,619.18,618.74,618.74,52084
2025-11-12 23:00:00+00:00,618.74,619.02,615.92,616.79,355727
2025-11-13 00:00:00+00:00,616.77,618.2,616.77,617.34,196717
2025-11-13 09:00:00+00:00,620.73,620.73,616.67,617.4,221149
2025-11-13 10:00:00+00:00,617.42,618.99,617.37,618.33,121622
2025-11-13 11:00:00+00:00,618.2,618.96,617.12,618.09,121501
2025-11-13 12:00:00+00:00,618.06,618.64,617.15,617.99,171319
2025-11-13 13:00:00+00:00,618.06,621.21,615.66,615.79,763688
2025-11-13 14:00:00+00:00,615.79,616.05,610.61,613.01,7628198
2025-11-13 15:00:00+00:00,613.03,615.79,608.58,610.06,11379854
2025-11-13 16:00:00+00:00,610.07,610.54,607.66,608.46,8849968
2025-11-13 17:00:00+00:00,608.39,609.95,606.83,607.1,7630842
2025-11-13 18:00:00+00:00,607.15,607.78,604.11,605.53,7789133
2025-11-13 19:00:00+00:00,605.51,607.03,603.87,605.12,7807591
2025-11-13 20:00:00+00:00,605.11,607.31,604.19,606.2,13719727
2025-11-13 21:00:00+00:00,606.2,607.82,605.72,605.86,4277820
2025-11-13 22:00:00+00:00,605.89,606.01,605.74,605.89,443445
2025-11-13 23:00:00+00:00,605.94,607.41,605.89,606.42,221983
2025-11-14 00:00:00+00:00,606.49,607.17,606.08,606.31,185629
2025-11-14 09:00:00+00:00,603.79,604.92,602.34,602.63,318982
2025-11-14 10:00:00+00:00,602.51,603.83,602.31,602.7,184707
2025-11-14 11:00:00+00:00,602.6,602.6,598.66,600.05,686293
2025-11-14 12:00:00+00:00,599.95,600.01,596.03,597.43,1300953
2025-11-14 13:00:00+00:00,599.64,606.71,595.78,597.21,1788038
2025-11-14 14:00:00+00:00,597.27,603.35,595.0,602.96,14846741
2025-11-14 15:00:00+00:00,602.94,608.35,600.74,607.51,15526265
2025-11-14 16:00:00+00:00,607.51,610.51,605.22,610.04,8840092
2025-11-14 17:00:00+00:00,610.0,611.12,607.92,608.95,7152646
2025-11-14 18:00:00+00:00,608.93,609.45,606.17,608.19,7968575
2025-11-14 19:00:00+00:00,608.2,609.88,607.04,609.56,5442528
2025-11-14 20:00:00+00:00,609.57,610.11,605.77,606.6,11983296
2025-11-14 21:00:00+00:00,606.61,607.96,605.93,607.58,3806561
2025-11-14 22:00:00+00:00,607.6,609.25,607.44,608.11,150189
2025-11-14 23:00:00+00:00,608.16,608.57,607.92,608.54,49577
2025-11-15 00:00:00+00:00,608.56,609.24,608.56,609.13,40553
2025-11-17 09:00:00+00:00,611.39,612.83,610.55,611.06,202055
2025-11-17 10:00:00+00:00,611.04,611.21,608.35,608.98,161169
2025-11-17 11:00:00+00:00,608.94,610.04,608.3,609.06,166538
2025-11-17 12:00:00+00:00,609.1,609.1,606.85,607.33,425055
2025-11-17 13:00:00+00:00,607.83,612.83,604.39,606.04,925327
2025-11-17 14:00:00+00:00,605.99,610.25,603.04,608.95,7875795
2025-11-17 15:00:00+00:00,608.94,609.35,605.47,606.11,9707967
2025-11-17 16:00:00+00:00,606.09,608.96,602.84,608.86,8423596
2025-11-17 17:00:00+00:00,608.85,608.92,604.08,604.16,5285348
2025-11-17 18:00:00+00:00,604.16,605.39,601.42,601.61,6764961
2025-11-17 19:00:00+00:00,601.63,602.03,598.22,598.27,7377534
2025-11-17 20:00:00+00:00,598.25,601.54,597.69,601.45,13170506
2025-11-17 21:00:00+00:00,601.47,602.35,601.21,601.85,2660465
2025-11-17 22:00:00+00:00,601.89,601.9,601.37,601.46,116327
2025-11-17 23:00:00+00:00,601.5,603.0,601.33,602.16,414333
2025-11-18 00:00:00+00:00,602.1,602.59,600.05,600.56,172625
2025-11-18 09:00:00+00:00,599.55,600.75,596.12,600.3,316492
2025-11-18 10:00:00+00:00,600.33,600.47,599.11,600.12,153165
2025-11-18 11:00:00+00:00,599.97,600.24,598.44,599.36,289158
2025-11-18 12:00:00+00:00,599.39,599.39,596.02,596.81,674719
2025-11-18 13:00:00+00:00,601.39,601.39,594.73,597.77,983241
2025-11-18 14:00:00+00:00,597.7,600.12,592.63,592.69,13484754
2025-11-18 15:00:00+00:00,592.66,594.75,590.43,591.12,18540478
2025-11-18 16:00:00+00:00,591.13,596.97,589.19,595.8,11543403
2025-11-18 17:00:00+00:00,595.78,598.94,591.94,598.21,9289258
2025-11-18 18:00:00+00:00,598.23,599.44,596.76,597.17,6229685
2025-11-18 19:00:00+00:00,597.17,599.6,596.61,598.77,5566357
2025-11-18 20:00:00+00:00,598.78,599.25,594.02,594.16,11443223
2025-11-18 21:00:00+00:00,594.17,594.34,592.72,592.83,3747206
2025-11-18 22:00:00+00:00,592.87,594.2,592.83,593.08,601938
2025-11-18 23:00:00+00:00,593.19,595.19,593.13,594.27,304312
2025-11-19 00:00:00+00:00,594.39,594.49,592.14,593.46,158913
2025-11-19 09:00:00+00:00,593.55,596.59,593.55,596.43,180397
2025-11-19 10:00:00+00:00,596.49,597.25,596.18,597.07,180598
2025-11-19 11:00:00+00:00,597.03,597.82,596.78,596.89,169456
2025-11-19 12:00:00+00:00,596.85,597.56,596.4,596.96,338864
2025-11-19 13:00:00+00:00,596.94,597.68,590.89,596.18,955983
2025-11-19 14:00:00+00:00,596.11,601.88,593.97,601.7,8241253
2025-11-19 15:00:00+00:00,601.69,603.95,598.19,598.73,14585433
2025-11-19 16:00:00+00:00,598.72,599.12,595.81,597.42,10220058
2025-11-19 17:00:00+00:00,597.42,597.56,592.43,595.46,8779145
2025-11-19 18:00:00+00:00,595.44,597.45,594.32,596.75,6584699
2025-11-19 19:00:00+00:00,596.69,597.04,593.93,596.03,6533164
2025-11-19 20:00:00+00:00,596.02,600.15,595.7,597.58,9880024
2025-11-19 21:00:00+00:00,597.59,603.66,596.12,603.15,4766609
2025-11-19 22:00:00+00:00,603.32,604.69,602.06,603.2,895527
2025-11-19 23:00:00+00:00,603.27,606.85,603.21,606.8,503895
2025-11-20 00:00:00+00:00,606.8,608.09,606.43,607.32,296382
2025-11-20 09:00:00+00:00,608.28,608.78,605.52,605.78,214326
2025-11-20 10:00:00+00:00,605.89,607.34,604.92,607.06,181294
2025-11-20 11:00:00+00:00,607.02,607.38,605.51,606.51,368492
2025-11-20 12:00:00+00:00,606.45,608.1,605.8,608.08,313516
2025-11-20 13:00:00+00:00,608.06,610.68,598.13,609.86,1845311
2025-11-20 14:00:00+00:00,609.86,611.33,607.81,610.93,11230760
2025-11-20 15:00:00+00:00,610.96,611.8,608.12,608.26,12318635
2025-11-20 16:00:00+00:00,608.27,608.31,592.58,593.6,22587995
2025-11-20 17:00:00+00:00,593.58,595.73,587.68,589.78,21671800
2025-11-20 18:00:00+00:00,589.79,594.72,585.96,587.02,15521806
2025-11-20 19:00:00+00:00,586.99,589.94,585.2,589.83,10908268
2025-11-20 20:00:00+00:00,589.81,589.81,582.62,583.54,13602224
2025-11-20 21:00:00+00:00,583.56,583.61,582.0,582.12,5479692
2025-11-20 22:00:00+00:00,582.16,582.23,581.3,582.11,534684
2025-11-20 23:00:00+00:00,582.15,584.23,580.68,583.44,706379
2025-11-21 00:00:00+00:00,583.42,585.12,582.97,584.68,281013
2025-11-21 09:00:00+00:00,584.86,585.69,581.17,581.28,448395
2025-11-21 10:00:00+00:00,581.33,582.72,578.16,582.62,684391
2025-11-21 11:00:00+00:00,582.67,584.12,580.68,581.7,820639
2025-11-21 12:00:00+00:00,581.8,586.74,579.26,585.0,2617220
2025-11-21 13:00:00+00:00,581.31,587.48,578.25,586.31,2396683
2025-11-21 14:00:00+00:00,586.24,587.62,582.89,584.76,12625438
2025-11-21 15:00:00+00:00,584.77,585.96,578.63,580.92,19742623
2025-11-21 16:00:00+00:00,580.9,589.46,578.84,589.44,15668332
2025-11-21 17:00:00+00:00,589.44,590.45,587.81,588.86,8619639
2025-11-21 18:00:00+00:00,588.89,593.86,585.32,591.89,10548840
2025-11-21 19:00:00+00:00,591.92,594.81,590.7,591.48,9552082
2025-11-21 20:00:00+00:00,591.47,592.4,587.29,588.01,14172244
2025-11-21 21:00:00+00:00,587.98,589.05,587.52,588.79,5249658
2025-11-21 22:00:00+00:00,588.81,588.95,588.66,588.7,105591
2025-11-21 23:00:00+00:00,588.7,589.25,588.37,589.18,51827
2025-11-22 00:00:00+00:00,589.06,589.91,589.05,589.9,39986
2025-11-24 09:00:00+00:00,593.83,594.06,589.34,590.72,397470
2025-11-24 10:00:00+00:00,590.57,591.06,589.26,590.19,233812
2025-11-24 11:00:00+00:00,590.27,591.62,589.63,591.45,316134
2025-11-24 12:00:00+00:00,591.39,592.91,590.68,592.74,504328
2025-11-24 13:00:00+00:00,592.65,594.12,589.63,592.53,959420
2025-11-24 14:00:00+00:00,592.5,597.88,592.45,597.01,9370425
2025-11-24 15:00:00+00:00,597.01,600.19,596.51,599.28,10280391
2025-11-24 16:00:00+00:00,599.29,601.95,599.29,600.9,6949942
2025-11-24 17:00:00+00:00,600.9,603.17,600.49,602.7,5166746
2025-11-24 18:00:00+00:00,602.7,603.5,602.54,602.84,4591488
2025-11-24 19:00:00+00:00,602.81,603.68,602.04,602.53,4773339
2025-11-24 20:00:00+00:00,602.53,604.47,602.52,603.11,11276011
2025-11-24 21:00:00+00:00,603.11,604.04,602.86,603.79,4401986
2025-11-24 22:00:00+00:00,603.74,604.55,603.74,604.28,341906
2025-11-24 23:00:00+00:00,604.2,604.37,603.52,603.75,456728
2025-11-25 00:00:00+00:00,603.69,603.78,602.74,603.64,147791
2025-11-25 09:00:00+00:00,602.3,602.3,600.46,601.27,229874
2025-11-25 10:00:00+00:00,601.38,602.13,600.81,602.0,164593
2025-11-25 11:00:00+00:00,602.03,602.29,600.99,601.68,156315
2025-11-25 12:00:00+00:00,601.69,604.16,601.54,602.6,541352
2025-11-25 13:00:00+00:00,602.61,603.99,600.52,601.93,963840
2025-11-25 14:00:00+00:00,601.96,602.35,595.15,600.33,11071644
2025-11-25 15:00:00+00:00,600.39,601.7,596.42,600.37,11225082
2025-11-25 16:00:00+00:00,600.35,602.65,599.31,602.32,5711036
2025-11-25 17:00:00+00:00,602.31,606.21,602.2,604.4,7366182
2025-11-25 18:00:00+00:00,604.42,605.96,604.33,605.33,3540565
2025-11-25 19:00:00+00:00,605.33,605.57,603.26,605.09,5552563
2025-11-25 20:00:00+00:00,605.1,608.04,605.07,606.69,8649900
2025-11-25 21:00:00+00:00,606.67,607.13,606.11,606.31,2042426
2025-11-25 22:00:00+00:00,606.38,606.78,605.89,606.67,137960
2025-11-25 23:00:00+00:00,606.62,607.0,606.31,606.83,72766
2025-11-26 00:00:00+00:00,606.86,607.82,606.42,607.68,133849
2025-11-26 09:00:00+00:00,608.78,609.74,608.1,608.52,143609
2025-11-26 10:00:00+00:00,608.52,609.83,608.52,609.66,140891
2025-11-26 11:00:00+00:00,609.65,610.11,609.12,609.21,154824
2025-11-26 12:00:00+00:00,609.21,609.36,607.8,609.14,298213
2025-11-26 13:00:00+00:00,608.25,610.59,607.81,610.06,758633
2025-11-26 14:00:00+00:00,610.05,611.67,608.66,608.94,6074796
2025-11-26 15:00:00+00:00,608.93,611.45,608.17,611.38,6701328
2025-11-26 16:00:00+00:00,611.38,613.95,611.27,613.44,5580558
2025-11-26 17:00:00+00:00,613.45,613.82,612.44,613.07,4367130
2025-11-26 18:00:00+00:00,613.08,613.59,611.72,612.53,4190025
2025-11-26 19:00:00+00:00,612.53,613.48,612.08,612.92,3499731
2025-11-26 20:00:00+00:00,612.93,613.61,612.03,612.07,8099114
2025-11-26 21:00:00+00:00,612.07,612.9,612.01,612.59,2192177
2025-11-26 22:00:00+00:00,612.62,612.76,612.4,612.76,81164
2025-11-26 23:00:00+00:00,612.57,613.03,612.52,612.83,58169
2025-11-27 00:00:00+00:00,612.66,612.97,612.56,612.96,44673
2025-11-28 09:00:00+00:00,613.18,614.88,613.18,614.57,67913
2025-11-28 10:00:00+00:00,614.64,614.84,614.51,614.69,47287
2025-11-28 11:00:00+00:00,614.74,614.85,614.51,614.59,49943
2025-11-28 12:00:00+00:00,614.55,615.35,614.41,615.12,121453
2025-11-28 13:00:00+00:00,614.52,615.55,611.58,614.19,353101
2025-11-28 14:00:00+00:00,614.21,615.33,613.18,614.07,4214654
2025-11-28 15:00:00+00:00,614.07,615.32,613.67,615.05,4442331
2025-11-28 16:00:00+00:00,615.05,615.69,614.04,615.43,4279725
2025-11-28 17:00:00+00:00,615.42,616.99,614.66,616.93,6852536
2025-11-28 18:00:00+00:00,616.93,617.24,616.49,616.61,2059450
2025-11-28 19:00:00+00:00,616.69,617.06,616.54,617.04,125122
2025-11-28 20:00:00+00:00,617.05,617.26,616.81,616.81,373157
2025-11-28 21:00:00+00:00,616.81,617.0,616.55,616.86,45262
2025-12-01 09:00:00+00:00,613.61,613.61,611.82,612.05,163736
2025-12-01 10:00:00+00:00,612.04,613.26,612.04,612.8,92844
2025-12-01 11:00:00+00:00,612.76,612.93,612.02,612.39,113905
2025-12-01 12:00:00+00:00,612.4,612.59,610.37,610.68,452560
2025-12-01 13:00:00+00:00,612.57,616.53,609.9,611.67,899815
2025-12-01 14:00:00+00:00,611.64,614.39,610.29,614.04,7234740
2025-12-01 15:00:00+00:00,614.04,615.36,611.71,615.19,7742445
2025-12-01 16:00:00+00:00,615.18,616.11,613.04,615.71,3960371
2025-12-01 17:00:00+00:00,615.74,617.19,615.23,616.1,3696440
2025-12-01 18:00:00+00:00,616.1,617.11,616.02,616.96,2592962
2025-12-01 19:00:00+00:00,616.96,616.99,613.82,614.27,4699400
2025-12-01 20:00:00+00:00,614.27,615.41,614.06,614.95,7491519
2025-12-01 21:00:00+00:00,614.95,615.16,614.51,614.91,1411875
2025-12-01 22:00:00+00:00,614.85,615.15,614.85,615.14,21422
2025-12-01 23:00:00+00:00,615.19,615.45,614.43,614.84,226608
2025-12-02 00:00:00+00:00,614.83,615.29,614.53,615.13,40533
2025-12-02 09:00:00+00:00,615.43,616.19,615.42,615.97,70009
2025-12-02 10:00:00+00:00,616.05,617.34,615.88,617.1,82180
2025-12-02 11:00:00+00:00,617.2,617.57,616.87,616.93,96637
2025-12-02 12:00:00+00:00,616.92,617.38,616.38,617.38,158141
2025-12-02 13:00:00+00:00,616.93,617.72,613.25,617.53,376211
2025-12-02 14:00:00+00:00,617.58,620.1,616.73,619.73,7638382
2025-12-02 15:00:00+00:00,619.74,621.48,618.14,620.93,9464516
2025-12-02 16:00:00+00:00,620.95,621.31,615.34,617.61,10941404
2025-12-02 17:00:00+00:00,617.6,620.36,617.49,617.53,5070199
2025-12-02 18:00:00+00:00,617.52,619.5,617.32,619.26,4840426
2025-12-02 19:00:00+00:00,619.23,620.84,618.94,620.6,4534367
2025-12-02 20:00:00+00:00,620.61,620.95,619.6,619.81,7593710
2025-12-02 21:00:00+00:00,619.78,619.96,619.23,619.95,3154458
2025-12-02 22:00:00+00:00,619.88,620.23,619.78,620.12,313137
2025-12-02 23:00:00+00:00,620.22,620.55,620.09,620.48,60261
2025-12-03 00:00:00+00:00,620.4,620.72,619.25,620.46,146782
2025-12-03 09:00:00+00:00,621.3,621.3,620.23,620.84,97563
2025-12-03 10:00:00+00:00,620.82,621.1,620.05,620.49,49727
2025-12-03 11:00:00+00:00,620.49,620.97,620.16,620.69,39754
2025-12-03 12:00:00+00:00,620.66,621.45,620.27,621.24,123646
2025-12-03 13:00:00+00:00,621.23,621.76,619.27,621.07,634679
2025-12-03 14:00:00+00:00,621.06,621.15,615.55,617.41,8950261
2025-12-03 15:00:00+00:00,617.48,620.01,617.13,619.0,9755921
2025-12-03 16:00:00+00:00,619.0,620.39,618.0,618.94,5915672
2025-12-03 17:00:00+00:00,618.95,620.77,618.82,620.5,4372579
2025-12-03 18:00:00+00:00,620.49,621.2,620.08,620.6,3669692
2025-12-03 19:00:00+00:00,620.58,621.64,620.52,621.58,3795472
2025-12-03 20:00:00+00:00,621.58,621.95,620.84,621.26,7368212
2025-12-03 21:00:00+00:00,621.26,621.33,620.73,620.95,2707186
2025-12-03 22:00:00+00:00,620.98,621.01,620.77,620.85,150135
2025-12-03 23:00:00+00:00,620.97,621.23,620.73,621.02,73671
2025-12-04 00:00:00+00:00,621.03,621.41,620.48,620.66,77900
2025-12-04 09:00:00+00:00,620.81,622.17,620.27,622.07,98299
2025-12-04 10:00:00+00:00,622.03,622.14,620.97,621.02,94714
2025-12-04 11:00:00+00:00,620.98,621.33,620.62,621.31,65096
2025-12-04 12:00:00+00:00,621.3,621.75,621.23,621.39,66265
2025-12-04 13:00:00+00:00,621.57,622.17,620.04,620.71,393223
2025-12-04 14:00:00+00:00,620.73,623.15,618.53,618.95,8209083
2025-12-04 15:00:00+00:00,618.9,620.92,618.06,619.24,7967545
2025-12-04 16:00:00+00:00,619.24,621.17,617.7,620.96,6817807
2025-12-04 17:00:00+00:00,620.96,621.2,619.65,620.4,4442665
2025-12-04 18:00:00+00:00,620.39,620.75,619.37,620.07,3259392
2025-12-04 19:00:00+00:00,620.06,620.26,617.28,619.7,6318071
2025-12-04 20:00:00+00:00,619.69,620.74,618.78,620.59,6246552
2025-12-04 21:00:00+00:00,620.61,620.85,620.35,620.73,2896603
2025-12-04 22:00:00+00:00,620.73,620.73,620.4,620.53,29777
2025-12-04 23:00:00+00:00,620.51,621.04,620.18,620.4,66696
2025-12-05 00:00:00+00:00,620.46,621.24,620.25,621.21,49874
2025-12-05 09:00:00+00:00,623.02,623.46,622.78,623.07,104490
2025-12-05 10:00:00+00:00,623.06,623.43,622.93,623.02,56682
2025-12-05 11:00:00+00:00,622.96,623.23,622.74,623.06,41993
2025-12-05 12:00:00+00:00,623.06,623.39,622.38,622.7,112418
2025-12-05 13:00:00+00:00,622.95,623.82,619.72,620.54,769953
2025-12-05 14:00:00+00:00,620.53,625.09,620.51,624.8,8413784
2025-12-05 15:00:00+00:00,624.8,626.63,623.01,623.66,9960052
2025-12-05 16:00:00+00:00,623.65,624.25,621.44,623.31,8846631
2025-12-05 17:00:00+00:00,623.3,623.58,621.75,623.33,5605284
2025-12-05 18:00:00+00:00,623.32,624.01,622.6,623.25,4626939
2025-12-05 19:00:00+00:00,623.26,623.66,622.68,623.5,3828743
2025-12-05 20:00:00+00:00,623.51,623.57,622.05,623.23,7119369
2025-12-05 21:00:00+00:00,623.2,623.67,623.16,623.42,3734560
2025-12-05 22:00:00+00:00,623.44,623.54,623.27,623.46,311708
2025-12-05 23:00:00+00:00,623.43,623.47,623.35,623.35,43387
2025-12-06 00:00:00+00:00,623.35,623.46,623.18,623.23,35739
2025-12-08 09:00:00+00:00,624.52,625.04,624.4,624.45,62546
2025-12-08 10:00:00+00:00,624.51,625.06,624.22,624.94,65620
2025-12-08 11:00:00+00:00,624.87,625.02,624.41,624.51,33911
2025-12-08 12:00:00+00:00,624.5,625.4,624.28,625.21,149108
2025-12-08 13:00:00+00:00,625.2,625.9,623.67,625.36,501948
2025-12-08 14:00:00+00:00,625.36,626.55,623.22,623.75,6239450
2025-12-08 15:00:00+00:00,623.74,624.56,621.47,621.79,6622424
2025-12-08 16:00:00+00:00,621.79,621.99,620.93,621.23,5414529
2025-12-08 17:00:00+00:00,621.23,622.46,620.1,622.22,4367439
2025-12-08 18:00:00+00:00,622.22,622.6,619.43,620.08,5187122
2025-12-08 19:00:00+00:00,620.09,620.79,619.49,620.07,3975405
2025-12-08 20:00:00+00:00,620.07,622.01,619.83,621.91,7008691
2025-12-08 21:00:00+00:00,621.93,622.83,621.64,622.82,2827522
2025-12-08 22:00:00+00:00,622.81,622.92,622.71,622.82,522354
2025-12-08 23:00:00+00:00,622.86,623.33,622.51,623.31,367408
2025-12-09 00:00:00+00:00,623.32,623.32,622.95,623.13,115035
2025-12-09 09:00:00+00:00,622.48,622.63,621.56,621.69,45319
2025-12-09 10:00:00+00:00,621.68,622.53,620.43,622.0,166660
2025-12-09 11:00:00+00:00,621.97,622.27,621.08,622.04,94999
2025-12-09 12:00:00+00:00,622.07,622.14,621.44,621.84,119955
2025-12-09 13:00:00+00:00,621.86,623.0,620.51,620.75,423196
2025-12-09 14:00:00+00:00,620.75,621.6,618.74,621.04,5697347
2025-12-09 15:00:00+00:00,621.08,622.4,620.73,622.37,5215936
2025-12-09 16:00:00+00:00,622.36,623.11,622.0,622.95,5088395
2025-12-09 17:00:00+00:00,622.95,623.53,622.51,623.16,4536877
2025-12-09 18:00:00+00:00,623.15,623.59,622.54,623.26,3579805
2025-12-09 19:00:00+00:00,623.27,623.32,622.36,622.81,3639613
2025-12-09 20:00:00+00:00,622.81,623.27,622.45,622.83,6331032
2025-12-09 21:00:00+00:00,622.84,622.86,622.18,622.35,2029576
2025-12-09 22:00:00+00:00,622.29,622.43,621.93,622.19,98354
2025-12-09 23:00:00+00:00,622.19,622.47,622.05,622.09,38351
2025-12-10 00:00:00+00:00,622.09,622.57,621.66,621.66,48831
2025-12-10 09:00:00+00:00,623.3,623.62,622.95,623.09,53309
2025-12-10 10:00:00+00:00,622.99,623.56,620.83,621.68,118075
2025-12-10 11:00:00+00:00,621.53,622.65,621.41,622.01,123831
2025-12-10 12:00:00+00:00,622.03,622.05,621.12,621.62,112354
2025-12-10 13:00:00+00:00,621.57,623.93,620.91,622.18,358901
2025-12-10 14:00:00+00:00,622.36,622.4,619.66,621.18,5170534
2025-12-10 15:00:00+00:00,621.16,621.79,619.26,619.64,5657057
2025-12-10 16:00:00+00:00,619.65,621.82,618.73,621.65,5208827
2025-12-10 17:00:00+00:00,621.64,622.4,620.81,621.99,3505021
2025-12-10 18:00:00+00:00,621.99,622.05,620.32,620.86,3314250
2025-12-10 19:00:00+00:00,620.85,626.08,620.6,625.85,15672133
2025-12-10 20:00:00+00:00,625.84,626.92,624.95,625.27,11378786
2025-12-10 21:00:00+00:00,625.26,625.5,624.24,625.31,3437488
2025-12-10 22:00:00+00:00,625.26,625.34,624.12,624.4,220390
2025-12-10 23:00:00+00:00,624.42,625.01,623.25,623.59,526128
2025-12-11 00:00:00+00:00,623.59,623.63,622.2,622.48,173662
2025-12-11 09:00:00+00:00,616.6,621.03,616.6,620.55,187600
2025-12-11 10:00:00+00:00,620.73,620.92,620.07,620.46,81122
2025-12-11 11:00:00+00:00,620.48,621.23,620.32,621.04,86545
2025-12-11 12:00:00+00:00,621.07,622.89,620.96,622.73,259559
2025-12-11 13:00:00+00:00,621.1,625.79,617.45,621.53,737704
2025-12-11 14:00:00+00:00,621.49,622.43,615.73,616.04,9321417
2025-12-11 15:00:00+00:00,616.06,621.23,615.47,618.88,13173499
2025-12-11 16:00:00+00:00,618.87,620.27,617.06,618.16,8481219
2025-12-11 17:00:00+00:00,618.16,621.67,618.03,620.38,5958168
2025-12-11 18:00:00+00:00,620.36,622.61,620.12,621.45,5170974
2025-12-11 19:00:00+00:00,621.46,623.5,621.41,622.71,3916235
2025-12-11 20:00:00+00:00,622.71,623.44,621.99,623.34,7420563
2025-12-11 21:00:00+00:00,623.33,626.85,623.16,626.23,2055691
2025-12-11 22:00:00+00:00,626.32,626.32,621.73,622.58,985890
2025-12-11 23:00:00+00:00,622.62,623.69,621.73,622.25,347636
2025-12-12 00:00:00+00:00,622.23,622.6,621.58,621.75,88516
2025-12-12 09:00:00+00:00,621.73,622.43,616.04,620.48,172187
2025-12-12 10:00:00+00:00,620.43,621.3,619.97,620.37,62980
2025-12-12 11:00:00+00:00,620.38,620.45,619.19,619.61,107264
2025-12-12 12:00:00+00:00,619.67,620.7,619.35,620.01,293427
2025-12-12 13:00:00+00:00,619.57,623.77,619.3,621.41,578649
2025-12-12 14:00:00+00:00,621.39,621.54,618.38,619.75,9237962
2025-12-12 15:00:00+00:00,619.73,619.8,611.49,612.09,14819589
2025-12-12 16:00:00+00:00,612.06,612.98,609.13,610.53,13724042
2025-12-12 17:00:00+00:00,610.51,613.78,610.21,612.98,8789548
2025-12-12 18:00:00+00:00,612.99,615.22,612.64,612.99,6420397
2025-12-12 19:00:00+00:00,613.01,613.17,611.46,612.16,5158761
2025-12-12 20:00:00+00:00,612.17,612.62,609.79,611.34,11833529
2025-12-12 21:00:00+00:00,611.35,611.7,611.1,611.21,3711304
2025-12-12 22:00:00+00:00,611.19,611.31,611.07,611.15,177108
2025-12-12 23:00:00+00:00,611.15,611.15,610.62,610.63,30028
2025-12-13 00:00:00+00:00,610.62,610.76,610.52,610.57,38591
2025-12-15 09:00:00+00:00,614.75,614.75,612.41,614.21,106096
2025-12-15 10:00:00+00:00,614.12,614.59,614.03,614.47,63528
2025-12-15 11:00:00+00:00,614.47,614.99,614.28,614.93,72628
2025-12-15 12:00:00+00:00,614.9,615.03,614.16,614.83,230755
2025-12-15 13:00:00+00:00,614.9,615.55,610.93,615.48,591362
2025-12-15 14:00:00+00:00,615.45,616.17,611.42,611.71,8216471
2025-12-15 15:00:00+00:00,611.7,611.93,607.1,609.93,11058019
2025-12-15 16:00:00+00:00,609.93,612.67,609.15,610.18,6637005
2025-12-15 17:00:00+00:00,610.19,610.75,608.29,609.43,3730622
2025-12-15 18:00:00+00:00,609.39,610.32,608.21,609.93,3430961
2025-12-15 19:00:00+00:00,609.91,610.64,608.81,609.89,3933177
2025-12-15 20:00:00+00:00,609.87,610.0,608.18,608.27,7663364
2025-12-15 21:00:00+00:00,608.27,608.83,608.1,608.62,3072806
2025-12-15 22:00:00+00:00,608.68,608.78,608.32,608.48,294582
2025-12-15 23:00:00+00:00,608.55,609.18,607.21,607.52,174868
2025-12-16 00:00:00+00:00,607.69,607.79,606.15,606.3,261400
2025-12-16 09:00:00+00:00,603.91,606.56,603.59,604.79,228404
2025-12-16 10:00:00+00:00,604.77,606.92,604.44,606.28,110189
2025-12-16 11:00:00+00:00,606.33,607.42,606.04,607.38,153872
2025-12-16 12:00:00+00:00,607.43,608.14,607.15,607.55,221451
2025-12-16 13:00:00+00:00,607.52,609.67,602.3,606.55,1239462
2025-12-16 14:00:00+00:00,606.4,610.02,605.37,609.88,6873752
2025-12-16 15:00:00+00:00,609.98,610.26,604.76,608.23,9518306
2025-12-16 16:00:00+00:00,608.22,608.72,605.64,608.54,7050996
2025-12-16 17:00:00+00:00,608.54,608.98,605.16,605.36,5611779
2025-12-16 18:00:00+00:00,605.32,608.91,604.7,608.08,5994164
2025-12-16 19:00:00+00:00,608.06,608.99,605.96,608.25,5215086
2025-12-16 20:00:00+00:00,608.24,611.28,608.04,609.57,8305332
2025-12-16 21:00:00+00:00,609.57,609.86,608.08,608.38,3822088
2025-12-16 22:00:00+00:00,608.29,609.52,608.28,608.68,315303
2025-12-16 23:00:00+00:00,608.66,609.25,607.78,608.32,341718
2025-12-17 00:00:00+00:00,608.13,608.46,607.07,607.97,150331
2025-12-17 09:00:00+00:00,610.63,611.95,610.07,611.8,172114
2025-12-17 10:00:00+00:00,611.8,612.48,611.63,612.27,117132
2025-12-17 11:00:00+00:00,612.27,612.64,611.91,612.54,93837
2025-12-17 12:00:00+00:00,612.55,612.89,612.07,612.48,281840
2025-12-17 13:00:00+00:00,610.63,612.87,607.73,611.87,1334422
2025-12-17 14:00:00+00:00,611.87,612.24,606.67,608.84,8251306
2025-12-17 15:00:00+00:00,608.83,609.13,601.71,602.31,11251709
2025-12-17 16:00:00+00:00,602.28,603.82,600.58,601.79,9551978
2025-12-17 17:00:00+00:00,601.78,602.95,600.53,601.48,7660648
2025-12-17 18:00:00+00:00,601.53,602.81,599.39,599.97,8212500
2025-12-17 19:00:00+00:00,599.95,600.64,599.11,600.4,7380977
2025-12-17 20:00:00+00:00,600.39,600.58,598.1,598.17,11265874
2025-12-17 21:00:00+00:00,598.17,600.81,598.17,599.86,4436185
2025-12-17 22:00:00+00:00,599.83,600.66,599.72,600.53,294196
2025-12-17 23:00:00+00:00,600.52,600.73,599.13,599.21,150252
2025-12-18 00:00:00+00:00,599.26,600.78,598.56,600.55,199017
2025-12-18 09:00:00+00:00,601.78,603.33,600.81,603.3,182631
2025-12-18 10:00:00+00:00,603.3,603.36,602.6,602.89,103017
2025-12-18 11:00:00+00:00,602.92,603.79,602.79,603.47,158065
2025-12-18 12:00:00+00:00,603.46,603.7,603.05,603.24,207813
2025-12-18 13:00:00+00:00,603.25,607.24,599.92,606.22,1675702
2025-12-18 14:00:00+00:00,606.3,608.73,604.71,607.46,12640270
2025-12-18 15:00:00+00:00,607.46,610.59,605.03,609.58,13519706
2025-12-18 16:00:00+00:00,609.58,610.7,609.09,610.08,9171268
2025-12-18 17:00:00+00:00,610.08,610.08,605.3,609.33,12209558
2025-12-18 18:00:00+00:00,609.33,610.47,608.45,608.99,5191004
2025-12-18 19:00:00+00:00,608.99,609.02,605.54,605.88,6664369
2025-12-18 20:00:00+00:00,605.88,609.06,605.51,606.93,10644732
2025-12-18 21:00:00+00:00,606.93,607.0,605.61,606.08,5375989
2025-12-18 22:00:00+00:00,606.08,606.9,606.06,606.89,861663
2025-12-18 23:00:00+00:00,606.77,607.02,605.95,607.01,157942
2025-12-19 00:00:00+00:00,607.02,607.26,606.27,606.76,111608
2025-12-19 09:00:00+00:00,610.0,610.57,608.82,610.33,109007
2025-12-19 10:00:00+00:00,610.3,610.34,609.68,609.82,72259
2025-12-19 11:00:00+00:00,609.78,609.89,608.78,609.29,106499
2025-12-19 12:00:00+00:00,609.35,609.7,607.84,607.85,161369
2025-12-19 13:00:00+00:00,609.45,610.53,607.63,608.86,499773
2025-12-19 14:00:00+00:00,608.88,614.71,608.29,614.41,10557305
2025-12-19 15:00:00+00:00,614.41,615.37,612.14,612.58,8072880
2025-12-19 16:00:00+00:00,612.56,614.5,612.0,613.1,9783801
2025-12-19 17:00:00+00:00,613.12,615.25,613.04,614.79,5288211
2025-12-19 18:00:00+00:00,614.79,615.13,614.04,614.24,4865472
2025-12-19 19:00:00+00:00,614.23,615.14,614.22,614.65,3899029
2025-12-19 20:00:00+00:00,614.64,615.23,613.72,614.99,10007516
2025-12-19 21:00:00+00:00,614.99,615.75,614.65,615.35,6131081
2025-12-19 22:00:00+00:00,615.43,616.25,615.35,615.85,485808
2025-12-19 23:00:00+00:00,615.85,616.24,615.8,616.17,33869
2025-12-20 00:00:00+00:00,616.23,616.55,616.19,616.54,41179
2025-12-22 09:00:00+00:00,617.41,618.52,617.41,618.24,92235
2025-12-22 10:00:00+00:00,618.22,618.43,618.12,618.13,53602
2025-12-22 11:00:00+00:00,618.11,618.39,617.99,617.99,57286
2025-12-22 12:00:00+00:00,618.01,618.91,617.94,618.86,148160
2025-12-22 13:00:00+00:00,618.87,619.32,616.06,619.28,403920
2025-12-22 14:00:00+00:00,619.28,620.19,617.29,619.12,6710139
2025-12-22 15:00:00+00:00,619.11,619.28,616.31,617.4,7723611
2025-12-22 16:00:00+00:00,617.4,618.48,617.35,618.35,6687373
2025-12-22 17:00:00+00:00,618.36,618.62,617.67,618.49,4717136
2025-12-22 18:00:00+00:00,618.48,618.51,617.36,617.72,4554038
2025-12-22 19:00:00+00:00,617.72,618.25,617.4,617.73,3612628
2025-12-22 20:00:00+00:00,617.73,618.03,617.47,617.7,6899597
2025-12-22 21:00:00+00:00,617.72,618.13,617.7,617.99,1754213
2025-12-22 22:00:00+00:00,617.98,618.25,617.75,618.05,200117
2025-12-22 23:00:00+00:00,618.07,618.51,618.06,618.24,47847
2025-12-23 00:00:00+00:00,618.29,618.51,618.21,618.46,38631
2025-12-23 09:00:00+00:00,617.89,618.72,617.81,618.47,70751
2025-12-23 10:00:00+00:00,618.53,618.64,618.04,618.3,94527
2025-12-23 11:00:00+00:00,618.22,618.26,617.73,617.82,74255
2025-12-23 12:00:00+00:00,617.87,618.06,617.13,617.72,73179
2025-12-23 13:00:00+00:00,617.75,618.71,615.9,616.18,519624
2025-12-23 14:00:00+00:00,616.17,619.25,615.94,617.85,6646214
2025-12-23 15:00:00+00:00,617.87,619.02,616.32,618.77,6364934
2025-12-23 16:00:00+00:00,618.79,619.85,618.68,619.77,5236942
2025-12-23 17:00:00+00:00,619.78,619.87,619.23,619.33,5070549
2025-12-23 18:00:00+00:00,619.32,619.94,619.27,619.79,3641183
2025-12-23 19:00:00+00:00,619.79,620.41,619.75,620.34,3226563
2025-12-23 20:00:00+00:00,620.34,620.94,620.3,620.74,6368134
2025-12-23 21:00:00+00:00,620.75,621.0,620.57,620.77,3288123
2025-12-23 22:00:00+00:00,620.78,620.78,620.53,620.64,366485
2025-12-23 23:00:00+00:00,620.68,620.88,620.55,620.68,47740
2025-12-24 00:00:00+00:00,620.7,621.03,620.7,620.88,28192
2025-12-24 09:00:00+00:00,620.44,620.77,620.26,620.62,25362
2025-12-24 10:00:00+00:00,620.6,620.6,620.35,620.51,17908
2025-12-24 11:00:00+00:00,620.47,620.65,620.34,620.43,27269
2025-12-24 12:00:00+00:00,620.47,621.07,620.41,621.05,59766
2025-12-24 13:00:00+00:00,621.03,621.39,620.13,621.21,204206
2025-12-24 14:00:00+00:00,621.21,621.31,620.26,620.87,3496227
2025-12-24 15:00:00+00:00,620.86,621.61,620.72,621.32,3742446
2025-12-24 16:00:00+00:00,621.33,622.61,621.31,622.41,3851483
2025-12-24 17:00:00+00:00,622.42,622.81,622.14,622.47,4390663
2025-12-24 18:00:00+00:00,622.47,622.53,621.45,621.55,2347003
2025-12-24 19:00:00+00:00,621.56,621.78,621.55,621.63,17491
2025-12-24 20:00:00+00:00,621.63,621.85,621.63,621.73,17270
2025-12-24 21:00:00+00:00,621.73,621.76,621.55,621.55,16797
2025-12-26 09:00:00+00:00,622.46,622.7,621.73,622.65,25801
2025-12-26 10:00:00+00:00,622.69,623.08,622.67,622.78,22575
2025-12-26 11:00:00+00:00,622.88,622.95,622.44,622.62,20120
2025-12-26 12:00:00+00:00,622.66,623.13,622.5,623.02,38968
2025-12-26 13:00:00+00:00,622.7,623.75,621.91,623.11,289531
2025-12-26 14:00:00+00:00,623.13,624.04,622.39,622.76,4105028
2025-12-26 15:00:00+00:00,622.75,623.4,621.67,623.24,4707702
2025-12-26 16:00:00+00:00,623.24,623.52,622.23,622.64,3701379
2025-12-26 17:00:00+00:00,622.63,622.81,622.03,622.57,2369573
2025-12-26 18:00:00+00:00,622.58,623.06,622.15,623.03,2492643
2025-12-26 19:00:00+00:00,623.03,623.2,622.61,623.01,2149638
2025-12-26 20:00:00+00:00,623.0,623.03,622.2,622.37,6310171
2025-12-26 21:00:00+00:00,622.39,622.58,622.13,622.2,2197786
2025-12-26 22:00:00+00:00,622.11,622.16,622.03,622.05,67126
2025-12-26 23:00:00+00:00,622.05,622.13,621.94,622.13,154657
2025-12-27 00:00:00+00:00,622.15,622.23,621.73,621.73,17600
2025-12-29 09:00:00+00:00,619.5,621.38,619.31,619.98,112607
2025-12-29 10:00:00+00:00,619.9,620.14,619.54,619.58,29774
2025-12-29 11:00:00+00:00,619.54,620.25,619.34,620.11,43969
2025-12-29 12:00:00+00:00,620.14,620.33,619.34,619.62,123377
2025-12-29 13:00:00+00:00,619.56,622.89,617.55,618.32,555588
2025-12-29 14:00:00+00:00,618.35,621.31,617.46,619.02,6633167
2025-12-29 15:00:00+00:00,619.02,620.23,617.57,618.56,5706607
2025-12-29 16:00:00+00:00,618.55,618.92,618.03,618.4,3414492
2025-12-29 17:00:00+00:00,618.4,618.67,617.27,618.49,3923499
2025-12-29 18:00:00+00:00,618.48,619.2,618.04,618.38,2510588
2025-12-29 19:00:00+00:00,618.37,620.23,618.13,620.03,3605062
2025-12-29 20:00:00+00:00,620.03,620.05,619.15,619.42,4507315
2025-12-29 21:00:00+00:00,619.42,619.57,619.12,619.5,1096367
2025-12-29 22:00:00+00:00,619.5,619.52,619.29,619.32,18926
2025-12-29 23:00:00+00:00,619.39,619.46,618.62,618.63,74387
2025-12-30 00:00:00+00:00,618.62,619.06,618.45,618.5,47372
2025-12-30 09:00:00+00:00,619.41,619.79,619.27,619.49,53176
2025-12-30 10:00:00+00:00,619.51,619.66,619.1,619.24,20435
2025-12-30 11:00:00+00:00,619.16,619.44,618.66,619.41,33009
2025-12-30 12:00:00+00:00,619.36,619.62,618.88,619.23,45614
2025-12-30 13:00:00+00:00,619.18,619.78,618.21,618.88,287330
2025-12-30 14:00:00+00:00,618.88,620.29,617.92,619.86,4050406
2025-12-30 15:00:00+00:00,619.84,619.96,618.12,619.56,5320483
2025-12-30 16:00:00+00:00,619.57,620.71,618.94,619.01,4502008
2025-12-30 17:00:00+00:00,619.0,619.46,618.55,619.24,3026623
2025-12-30 18:00:00+00:00,619.24,619.57,618.73,619.29,2858596
2025-12-30 19:00:00+00:00,619.27,619.52,618.69,618.84,3047587
2025-12-30 20:00:00+00:00,618.84,618.98,617.76,617.96,5879965
2025-12-30 21:00:00+00:00,617.96,618.27,617.78,617.97,1573640
2025-12-30 22:00:00+00:00,617.99,618.13,617.94,617.99,318139
2025-12-30 23:00:00+00:00,618.04,618.22,617.23,617.5,61870
2025-12-31 00:00:00+00:00,617.51,617.51,616.32,616.5,111689
2025-12-31 09:00:00+00:00,616.77,616.77,615.24,615.57,50105
2025-12-31 10:00:00+00:00,615.55,616.11,615.43,615.96,32938
2025-12-31 11:00:00+00:00,616.04,616.59,615.91,616.59,21070
2025-12-31 12:00:00+00:00,616.53,617.08,616.38,617.04,73144
2025-12-31 13:00:00+00:00,616.53,619.04,615.32,618.74,325068
2025-12-31 14:00:00+00:00,618.76,619.11,615.88,616.46,5093364
2025-12-31 15:00:00+00:00,616.47,616.74,615.0,615.29,5794812
2025-12-31 16:00:00+00:00,615.28,616.51,615.24,616.46,3577895
2025-12-31 17:00:00+00:00,616.45,616.48,615.59,615.9,3945655
2025-12-31 18:00:00+00:00,615.9,617.02,615.7,616.67,2850715
2025-12-31 19:00:00+00:00,616.66,617.14,614.74,614.84,3966094
2025-12-31 20:00:00+00:00,614.83,614.92,612.6,612.83,11745146
2025-12-31 21:00:00+00:00,612.81,613.22,612.28,612.33,2779284
2025-12-31 22:00:00+00:00,612.43,612.86,612.39,612.85,154399
2025-12-31 23:00:00+00:00,612.82,612.9,612.78,612.88,29363
2026-01-01 00:00:00+00:00,612.88,612.91,612.75,612.81,23990
2026-01-02 09:00:00+00:00,617.54,619.87,617.54,619.74,163308
2026-01-02 10:00:00+00:00,619.77,619.84,619.14,619.68,107468
2026-01-02 11:00:00+00:00,619.68,619.95,619.32,619.6,80029
2026-01-02 12:00:00+00:00,619.59,619.59,618.47,619.02,196942
2026-01-02 13:00:00+00:00,619.39,619.86,616.85,618.78,423990
2026-01-02 14:00:00+00:00,618.73,621.38,617.44,619.73,8522512
2026-01-02 15:00:00+00:00,619.72,620.8,610.87,611.22,14990529
2026-01-02 16:00:00+00:00,611.24,612.48,609.31,610.51,10347045
2026-01-02 17:00:00+00:00,610.48,611.98,609.82,610.12,4903684
2026-01-02 18:00:00+00:00,610.08,611.05,608.71,609.4,5540778
2026-01-02 19:00:00+00:00,609.4,613.25,609.27,611.91,6279851
2026-01-02 20:00:00+00:00,611.9,613.1,611.06,611.65,7732394
2026-01-02 21:00:00+00:00,611.65,612.29,611.47,611.81,2291338
2026-01-02 22:00:00+00:00,611.81,611.84,611.61,611.81,31124
2026-01-02 23:00:00+00:00,611.84,612.03,611.71,612.03,23778
2026-01-03 00:00:00+00:00,612.02,612.25,611.95,612.24,19488
2026-01-05 09:00:00+00:00,614.56,615.21,614.37,614.76,90524
2026-01-05 10:00:00+00:00,614.8,615.83,614.74,615.74,73857
2026-01-05 11:00:00+00:00,615.75,616.3,615.54,616.07,92246
2026-01-05 12:00:00+00:00,616.09,616.51,615.54,615.8,173375
2026-01-05 13:00:00+00:00,615.85,616.61,611.22,616.25,669962
2026-01-05 14:00:00+00:00,616.27,618.52,615.27,616.6,9775371
2026-01-05 15:00:00+00:00,616.64,618.93,615.96,618.32,6904589
2026-01-05 16:00:00+00:00,618.32,619.35,618.0,618.19,5594429
2026-01-05 17:00:00+00:00,618.2,618.53,616.97,617.44,4235211
2026-01-05 18:00:00+00:00,617.43,617.57,615.77,617.11,4864737
2026-01-05 19:00:00+00:00,617.11,617.24,615.59,616.24,4319596
2026-01-05 20:00:00+00:00,616.24,617.12,616.0,616.49,6952487
2026-01-05 21:00:00+00:00,616.49,616.58,616.17,616.32,2541650
2026-01-05 22:00:00+00:00,616.32,617.14,616.19,616.33,174212
2026-01-05 23:00:00+00:00,616.33,616.69,615.91,616.01,81936
2026-01-06 00:00:00+00:00,616.03,616.36,615.74,615.95,46555
2026-01-06 09:00:00+00:00,616.24,617.08,615.93,616.6,114415
2026-01-06 10:00:00+00:00,616.62,616.84,616.26,616.74,43895
2026-01-06 11:00:00+00:00,616.77,617.14,616.69,616.85,52098
2026-01-06 12:00:00+00:00,616.85,618.07,616.73,617.89,111642
2026-01-06 13:00:00+00:00,616.74,618.64,615.24,617.39,426519
2026-01-06 14:00:00+00:00,617.33,620.72,616.76,620.52,6885845
2026-01-06 15:00:00+00:00,620.49,621.12,618.64,618.97,8115362
2026-01-06 16:00:00+00:00,618.97,619.5,617.83,619.2,5454615
2026-01-06 17:00:00+00:00,619.19,621.32,618.69,620.69,4654388
2026-01-06 18:00:00+00:00,620.71,621.77,620.35,621.75,3785635
2026-01-06 19:00:00+00:00,621.75,622.14,621.49,621.82,3772478
2026-01-06 20:00:00+00:00,621.82,622.55,621.67,622.0,7108805
2026-01-06 21:00:00+00:00,622.0,622.47,621.91,622.43,2408891
2026-01-06 22:00:00+00:00,622.36,622.58,617.83,622.37,93024
2026-01-06 23:00:00+00:00,622.38,622.72,622.11,622.26,56499
2026-01-07 00:00:00+00:00,622.25,622.7,622.16,622.42,51002
2026-01-07 09:00:00+00:00,621.38,621.38,620.01,620.63,143602
2026-01-07 10:00:00+00:00,620.61,620.83,620.04,620.3,70823
2026-01-07 11:00:00+00:00,620.28,621.0,620.14,621.0,61115
2026-01-07 12:00:00+00:00,621.01,621.35,620.7,620.98,152904
2026-01-07 13:00:00+00:00,620.96,621.73,620.04,621.52,480947
2026-01-07 14:00:00+00:00,621.54,623.68,620.88,623.13,6252419
2026-01-07 15:00:00+00:00,623.16,624.44,622.05,624.31,7071521
2026-01-07 16:00:00+00:00,624.32,625.86,623.67,625.83,6248660
2026-01-07 17:00:00+00:00,625.83,626.46,625.63,625.85,3947914
2026-01-07 18:00:00+00:00,625.84,626.06,624.8,625.51,4061654
2026-01-07 19:00:00+00:00,625.51,625.53,623.97,624.24,4379987
2026-01-07 20:00:00+00:00,624.24,624.52,622.15,622.59,9393305
2026-01-07 21:00:00+00:00,622.61,622.74,622.24,622.62,2421641
2026-01-07 22:00:00+00:00,622.63,622.71,622.53,622.56,88854
2026-01-07 23:00:00+00:00,622.63,622.92,622.22,622.32,55200
2026-01-08 00:00:00+00:00,622.28,622.78,621.96,622.78,47960
2026-01-08 09:00:00+00:00,621.36,621.73,620.68,621.11,70984
2026-01-08 10:00:00+00:00,621.1,621.22,620.5,621.17,55630
2026-01-08 11:00:00+00:00,621.26,621.53,620.43,621.13,83671
2026-01-08 12:00:00+00:00,621.18,621.33,620.63,621.1,96755
2026-01-08 13:00:00+00:00,620.76,622.31,618.83,621.88,442195
2026-01-08 14:00:00+00:00,621.82,622.15,617.01,617.16,9115492
2026-01-08 15:00:00+00:00,617.14,619.79,616.34,619.08,10144628
2026-01-08 16:00:00+00:00,619.09,619.13,616.66,618.73,6261459
2026-01-08 17:00:00+00:00,618.73,619.53,617.67,618.96,4464613
2026-01-08 18:00:00+00:00,618.96,619.05,617.5,617.78,4953310
2026-01-08 19:00:00+00:00,617.77,618.4,616.94,617.83,4622288
2026-01-08 20:00:00+00:00,617.81,619.39,617.63,618.97,7743369
2026-01-08 21:00:00+00:00,618.97,620.36,618.94,619.64,2081548
2026-01-08 22:00:00+00:00,619.6,620.21,619.52,619.91,140629
2026-01-08 23:00:00+00:00,619.8,620.01,618.75,618.84,98774
2026-01-09 00:00:00+00:00,618.83,619.28,618.62,618.64,58527
2026-01-09 09:00:00+00:00,619.0,620.27,618.76,620.19,65031
2026-01-09 10:00:00+00:00,620.26,620.56,620.1,620.38,54513
2026-01-09 11:00:00+00:00,620.39,621.24,620.18,620.63,60643
2026-01-09 12:00:00+00:00,620.58,620.87,619.98,620.77,83300
2026-01-09 13:00:00+00:00,620.67,622.13,618.54,622.09,888752
2026-01-09 14:00:00+00:00,622.14,622.55,618.38,620.46,7495732
2026-01-09 15:00:00+00:00,620.48,623.87,617.6,622.29,10524209
2026-01-09 16:00:00+00:00,622.33,624.85,622.3,624.61,5649835
2026-01-09 17:00:00+00:00,624.59,625.21,624.03,624.92,3965972
2026-01-09 18:00:00+00:00,624.92,625.98,623.97,625.83,4423797
2026-01-09 19:00:00+00:00,625.83,626.1,625.53,625.66,2903817
2026-01-09 20:00:00+00:00,625.66,626.41,625.14,625.19,8577213
2026-01-09 21:00:00+00:00,625.19,625.42,624.97,625.2,4467020
2026-01-09 22:00:00+00:00,625.21,625.36,625.11,625.22,455141
2026-01-09 23:00:00+00:00,625.22,625.52,625.17,625.34,52136
2026-01-10 00:00:00+00:00,625.39,625.57,625.27,625.39,19202
2026-01-12 09:00:00+00:00,618.8,619.84,618.79,619.7,172379
2026-01-12 10:00:00+00:00,619.69,620.22,619.42,619.9,110793
2026-01-12 11:00:00+00:00,619.88,620.49,619.86,620.09,103502
2026-01-12 12:00:00+00:00,620.14,621.17,620.02,621.0,259443
2026-01-12 13:00:00+00:00,620.18,621.22,618.14,620.77,721060
2026-01-12 14:00:00+00:00,620.74,625.06,620.21,624.5,7589949
2026-01-12 15:00:00+00:00,624.52,625.28,623.62,624.85,7314834
2026-01-12 16:00:00+00:00,624.84,626.13,624.52,625.92,4114841
2026-01-12 17:00:00+00:00,625.92,626.23,625.39,626.11,2561831
2026-01-12 18:00:00+00:00,626.11,626.79,626.03,626.35,2419681
2026-01-12 19:00:00+00:00,626.34,627.26,625.96,627.22,3466170
2026-01-12 20:00:00+00:00,627.22,627.36,625.69,625.71,6138537
2026-01-12 21:00:00+00:00,625.73,626.22,625.26,625.42,2011711
2026-01-12 22:00:00+00:00,625.54,625.73,625.48,625.73,150794
2026-01-12 23:00:00+00:00,625.65,625.65,624.36,624.39,106854
2026-01-13 00:00:00+00:00,624.33,624.43,623.83,623.95,144492
2026-01-13 09:00:00+00:00,625.02,625.45,624.47,624.88,83730
2026-01-13 10:00:00+00:00,624.88,624.94,623.97,624.07,54286
2026-01-13 11:00:00+00:00,624.17,624.58,623.93,624.56,66541
2026-01-13 12:00:00+00:00,624.63,625.04,624.36,624.48,176846
2026-01-13 13:00:00+00:00,624.58,628.03,623.95,626.27,1166287
2026-01-13 14:00:00+00:00,626.27,627.99,625.31,625.72,6489232
2026-01-13 15:00:00+00:00,625.7,626.22,622.41,624.48,7534816
2026-01-13 16:00:00+00:00,624.45,627.56,623.33,627.14,5598241
2026-01-13 17:00:00+00:00,627.14,627.36,623.54,623.99,5066029
2026-01-13 18:00:00+00:00,623.97,624.81,622.96,623.13,4242390
2026-01-13 19:00:00+00:00,623.14,624.22,622.67,623.77,3825926
2026-01-13 20:00:00+00:00,623.76,624.81,622.23,624.65,6355383
2026-01-13 21:00:00+00:00,624.64,625.16,624.43,624.49,3567411
2026-01-13 22:00:00+00:00,624.54,624.62,624.1,624.59,26326
2026-01-13 23:00:00+00:00,624.49,624.83,624.23,624.31,42149
2026-01-14 00:00:00+00:00,624.31,625.07,624.21,624.72,40441
2026-01-14 09:00:00+00:00,623.63,624.14,623.13,623.46,75727
2026-01-14 10:00:00+00:00,623.48,623.49,620.14,620.74,263661
2026-01-14 11:00:00+00:00,620.83,621.41,620.17,620.88,133411
2026-01-14 12:00:00+00:00,620.85,621.86,619.9,621.73,199018
2026-01-14 13:00:00+00:00,620.7,624.3,619.93,621.11,636720
2026-01-14 14:00:00+00:00,621.12,621.98,616.98,617.06,11131144
2026-01-14 15:00:00+00:00,617.08,619.62,614.3,614.81,15413455
2026-01-14 16:00:00+00:00,614.81,617.17,613.58,614.05,10789573
2026-01-14 17:00:00+00:00,614.04,615.21,613.41,613.8,6458464
2026-01-14 18:00:00+00:00,613.79,615.6,613.11,615.35,6325820
2026-01-14 19:00:00+00:00,615.35,615.79,614.66,615.0,5064418
2026-01-14 20:00:00+00:00,614.98,618.34,614.07,618.19,12540915
2026-01-14 21:00:00+00:00,618.14,618.7,616.24,617.54,3203346
2026-01-14 22:00:00+00:00,617.61,617.68,616.78,617.0,127525
2026-01-14 23:00:00+00:00,617.08,617.62,616.45,617.41,155659
2026-01-15 00:00:00+00:00,617.36,617.49,616.97,617.35,78626
2026-01-15 09:00:00+00:00,620.67,623.0,620.57,622.48,267305
2026-01-15 10:00:00+00:00,622.48,622.9,622.17,622.64,169481
2026-01-15 11:00:00+00:00,622.69,623.61,622.67,623.23,377309
2026-01-15 12:00:00+00:00,623.23,623.53,622.44,623.41,395373
2026-01-15 13:00:00+00:00,621.63,624.94,616.94,624.41,1371464
2026-01-15 14:00:00+00:00,624.41,625.79,623.19,623.69,9281293
2026-01-15 15:00:00+00:00,623.68,628.52,622.29,624.23,9580826
2026-01-15 16:00:00+00:00,624.22,625.5,624.08,625.16,5403708
2026-01-15 17:00:00+00:00,625.16,625.48,623.39,623.49,4424206
2026-01-15 18:00:00+00:00,623.49,624.84,623.38,624.26,3134652
2026-01-15 19:00:00+00:00,624.24,624.25,620.89,621.15,7582550
2026-01-15 20:00:00+00:00,621.15,621.49,619.29,620.2,9790167
2026-01-15 21:00:00+00:00,620.22,620.4,619.63,619.96,1724215
2026-01-15 22:00:00+00:00,619.95,620.63,619.87,620.36,179019
2026-01-15 23:00:00+00:00,620.26,621.02,619.92,620.77,186214
2026-01-16 00:00:00+00:00,620.77,621.29,620.57,621.27,66061
2026-01-16 09:00:00+00:00,622.53,623.5,622.53,622.87,117646
2026-01-16 10:00:00+00:00,622.92,623.99,622.75,623.78,98635
2026-01-16 11:00:00+00:00,623.83,624.22,623.13,623.26,123653
2026-01-16 12:00:00+00:00,623.25,623.68,622.61,623.19,180129
2026-01-16 13:00:00+00:00,623.33,624.18,619.85,623.05,546378
2026-01-16 14:00:00+00:00,623.12,624.6,620.67,620.72,8781232
2026-01-16 15:00:00+00:00,620.72,621.59,617.42,619.56,16956513
2026-01-16 16:00:00+00:00,619.56,621.23,619.08,620.36,7017370
2026-01-16 17:00:00+00:00,620.36,620.47,618.95,618.99,4846825
2026-01-16 18:00:00+00:00,619.02,620.71,618.85,620.34,4507961
2026-01-16 19:00:00+00:00,620.33,621.09,619.3,620.33,6298517
2026-01-16 20:00:00+00:00,620.34,620.65,619.51,619.58,7575255
2026-01-16 21:00:00+00:00,619.59,619.98,619.27,619.56,3450101
2026-01-16 22:00:00+00:00,619.57,619.82,619.24,619.54,474384
2026-01-16 23:00:00+00:00,619.54,619.94,619.26,619.92,33782
2026-01-17 00:00:00+00:00,619.92,620.29,619.54,619.66,41909
2026-01-20 09:00:00+00:00,612.85,612.85,605.62,606.59,533229
2026-01-20 10:00:00+00:00,606.52,608.26,605.95,607.53,214498
2026-01-20 11:00:00+00:00,607.5,608.78,607.47,608.18,232524
2026-01-20 12:00:00+00:00,608.27,610.14,607.93,609.51,410098
2026-01-20 13:00:00+00:00,609.54,620.26,605.63,608.34,1685231
2026-01-20 14:00:00+00:00,608.34,612.15,608.05,611.06,12532320
2026-01-20 15:00:00+00:00,611.04,613.33,609.44,612.03,14853953
2026-01-20 16:00:00+00:00,612.03,613.61,611.33,612.85,9658348
2026-01-20 17:00:00+00:00,612.84,613.05,609.46,610.33,7885265
2026-01-20 18:00:00+00:00,610.33,610.77,607.39,608.09,7344408
2026-01-20 19:00:00+00:00,608.08,608.69,606.35,607.35,7552242
2026-01-20 20:00:00+00:00,607.36,607.36,605.62,606.61,14770154
2026-01-20 21:00:00+00:00,606.65,610.11,606.22,606.69,3560688
2026-01-20 22:00:00+00:00,606.71,606.77,606.47,606.71,436852
2026-01-20 23:00:00+00:00,606.73,607.42,605.75,605.91,168458
2026-01-21 00:00:00+00:00,606.05,607.67,606.05,607.54,149796
2026-01-21 09:00:00+00:00,609.06,609.06,606.47,606.48,184119
2026-01-21 10:00:00+00:00,606.48,607.86,606.32,607.05,85329
2026-01-21 11:00:00+00:00,607.0,607.19,604.33,604.48,223612
2026-01-21 12:00:00+00:00,604.47,605.54,604.07,605.45,295546
2026-01-21 13:00:00+00:00,604.63,609.16,604.03,605.42,1014500
2026-01-21 14:00:00+00:00,605.36,611.49,605.08,611.16,10644908
2026-01-21 15:00:00+00:00,611.16,615.04,610.45,614.6,10218129
2026-01-21 16:00:00+00:00,614.6,615.17,608.65,608.86,10595427
2026-01-21 17:00:00+00:00,608.87,609.65,606.79,609.23,8626773
2026-01-21 18:00:00+00:00,609.25,610.42,606.98,610.13,5969639
2026-01-21 19:00:00+00:00,610.11,618.84,608.92,618.63,15282105
2026-01-21 20:00:00+00:00,618.63,618.96,614.06,614.67,12945391
2026-01-21 21:00:00+00:00,614.64,616.09,614.64,615.55,3005308
2026-01-21 22:00:00+00:00,615.57,615.93,615.25,615.88,293538
2026-01-21 23:00:00+00:00,616.01,617.02,615.93,616.59,388695
2026-01-22 00:00:00+00:00,616.68,617.28,616.44,616.74,64213
2026-01-22 09:00:00+00:00,618.19,620.59,618.19,620.18,182401
2026-01-22 10:00:00+00:00,620.27,620.31,619.52,620.03,142668
2026-01-22 11:00:00+00:00,619.97,620.57,619.44,619.58,218723
2026-01-22 12:00:00+00:00,619.59,620.09,619.25,619.99,190276
2026-01-22 13:00:00+00:00,619.57,621.15,615.13,621.07,886716
2026-01-22 14:00:00+00:00,621.07,621.13,616.69,617.35,8471600
2026-01-22 15:00:00+00:00,617.36,619.25,616.32,617.98,7407184
2026-01-22 16:00:00+00:00,617.97,620.21,617.92,619.46,5094951
2026-01-22 17:00:00+00:00,619.46,620.73,619.09,620.5,3214061
2026-01-22 18:00:00+00:00,620.49,620.77,619.44,619.6,3019726
2026-01-22 19:00:00+00:00,619.57,620.56,618.65,618.78,3254373
2026-01-22 20:00:00+00:00,618.77,619.37,617.45,619.32,7721657
2026-01-22 21:00:00+00:00,619.29,619.64,618.08,618.63,1887227
2026-01-22 22:00:00+00:00,618.52,618.94,618.2,618.35,382526
2026-01-22 23:00:00+00:00,618.28,618.52,617.43,618.21,102586
2026-01-23 00:00:00+00:00,618.16,619.12,617.79,619.09,77287
2026-01-23 09:00:00+00:00,620.57,620.57,616.63,617.1,161694
2026-01-23 10:00:00+00:00,617.05,617.42,616.91,617.39,65261
2026-01-23 11:00:00+00:00,617.44,619.43,617.32,618.14,267302
2026-01-23 12:00:00+00:00,618.2,618.84,617.71,618.73,152063
2026-01-23 13:00:00+00:00,618.22,621.2,616.75,617.38,558208
2026-01-23 14:00:00+00:00,617.4,619.67,617.03,619.67,6274825
2026-01-23 15:00:00+00:00,619.62,623.5,619.62,623.47,8532961
2026-01-23 16:00:00+00:00,623.48,623.93,621.91,622.57,6222345
2026-01-23 17:00:00+00:00,622.58,623.02,620.07,620.32,4562477
2026-01-23 18:00:00+00:00,620.32,622.02,620.21,621.09,4060849
2026-01-23 19:00:00+00:00,621.1,622.27,620.94,621.64,3220178
2026-01-23 20:00:00+00:00,621.62,621.79,620.28,621.31,7308639
2026-01-23 21:00:00+00:00,621.32,621.38,619.84,619.96,2049930
2026-01-23 22:00:00+00:00,620.09,620.33,619.77,619.92,131262
2026-01-23 23:00:00+00:00,619.96,620.24,619.9,620.06,25775
2026-01-24 00:00:00+00:00,620.1,620.29,620.04,620.13,25208
2026-01-26 09:00:00+00:00,620.21,621.37,617.86,618.6,209555
2026-01-26 10:00:00+00:00,618.57,619.94,618.5,619.39,87689
2026-01-26 11:00:00+00:00,619.43,619.88,619.16,619.86,51915
2026-01-26 12:00:00+00:00,619.85,620.85,619.79,620.32,91990
2026-01-26 13:00:00+00:00,621.12,621.48,617.94,620.97,615808
2026-01-26 14:00:00+00:00,620.97,624.22,620.65,623.82,5421630
2026-01-26 15:00:00+00:00,623.81,625.27,622.98,624.86,5972143
2026-01-26 16:00:00+00:00,624.85,625.96,624.15,625.46,4421763
2026-01-26 17:00:00+00:00,625.46,626.13,624.88,625.09,3875991
2026-01-26 18:00:00+00:00,625.1,626.07,624.69,625.32,3926095
2026-01-26 19:00:00+00:00,625.31,625.65,624.83,624.84,2892162
2026-01-26 20:00:00+00:00,624.85,625.24,623.93,624.01,6693262
2026-01-26 21:00:00+00:00,624.01,624.64,623.78,624.36,1480171
2026-01-26 22:00:00+00:00,624.44,624.49,624.03,624.13,62541
2026-01-26 23:00:00+00:00,624.18,625.23,623.95,625.06,78505
2026-01-27 00:00:00+00:00,625.09,625.39,624.77,625.34,75824
2026-01-27 09:00:00+00:00,627.43,627.7,627.08,627.24,105053
2026-01-27 10:00:00+00:00,627.29,628.03,627.21,627.99,115704
2026-01-27 11:00:00+00:00,627.98,628.86,627.67,628.62,134517
2026-01-27 12:00:00+00:00,628.61,628.62,627.64,627.96,135561
2026-01-27 13:00:00+00:00,628.54,628.79,623.52,627.61,459062
2026-01-27 14:00:00+00:00,627.62,629.2,625.86,629.07,6364270
2026-01-27 15:00:00+00:00,629.13,630.15,628.37,629.68,6632427
2026-01-27 16:00:00+00:00,629.69,630.34,629.55,629.69,3978019
2026-01-27 17:00:00+00:00,629.7,630.0,629.02,629.29,3842492
2026-01-27 18:00:00+00:00,629.29,630.13,628.74,629.97,2871803
2026-01-27 19:00:00+00:00,629.97,630.2,629.58,630.03,3232920
2026-01-27 20:00:00+00:00,630.02,630.55,629.43,629.59,7758039
2026-01-27 21:00:00+00:00,629.61,630.64,629.26,630.41,3005404
2026-01-27 22:00:00+00:00,630.51,630.71,630.42,630.67,128128
2026-01-27 23:00:00+00:00,630.64,631.34,630.56,631.11,93079
2026-01-28 00:00:00+00:00,631.17,632.79,631.11,632.79,138710
2026-01-28 09:00:00+00:00,634.63,634.88,633.93,634.77,114609
2026-01-28 10:00:00+00:00,634.74,635.63,634.51,635.61,95458
2026-01-28 11:00:00+00:00,635.58,635.79,634.85,635.57,121632
2026-01-28 12:00:00+00:00,635.58,635.61,634.32,634.68,218668
2026-01-28 13:00:00+00:00,635.49,636.11,629.17,634.49,616243
2026-01-28 14:00:00+00:00,634.45,635.1,633.03,633.96,7400632
2026-01-28 15:00:00+00:00,633.95,634.25,631.74,631.81,8371286
2026-01-28 16:00:00+00:00,631.8,632.69,630.32,630.7,5183522
2026-01-28 17:00:00+00:00,630.7,631.86,630.55,631.29,4037737
2026-01-28 18:00:00+00:00,631.29,632.24,630.84,632.02,3221747
2026-01-28 19:00:00+00:00,631.97,632.95,630.61,631.76,7556464
2026-01-28 20:00:00+00:00,631.78,633.0,631.1,631.48,9036941
2026-01-28 21:00:00+00:00,631.47,634.8,627.52,634.36,3761521
2026-01-28 22:00:00+00:00,634.2,635.22,634.0,634.77,378366
2026-01-28 23:00:00+00:00,634.76,634.92,631.73,632.02,387582
2026-01-29 00:00:00+00:00,632.11,632.13,630.38,631.73,188605
2026-01-29 09:00:00+00:00,633.94,634.52,633.03,633.05,112769
2026-01-29 10:00:00+00:00,633.02,633.64,632.49,632.58,74389
2026-01-29 11:00:00+00:00,632.57,632.95,632.21,632.74,135749
2026-01-29 12:00:00+00:00,632.82,633.28,631.79,632.27,224344
2026-01-29 13:00:00+00:00,632.99,634.6,631.26,632.66,495129
2026-01-29 14:00:00+00:00,632.65,632.71,624.58,624.71,10157226
2026-01-29 15:00:00+00:00,624.72,624.8,616.81,617.8,17099003
2026-01-29 16:00:00+00:00,617.82,621.75,616.88,621.06,12743120
2026-01-29 17:00:00+00:00,621.03,625.09,621.0,622.25,9309547
2026-01-29 18:00:00+00:00,622.25,625.37,622.2,624.1,7422491
2026-01-29 19:00:00+00:00,624.1,625.59,623.71,624.38,6955854
2026-01-29 20:00:00+00:00,624.39,628.5,624.2,627.88,9480233
2026-01-29 21:00:00+00:00,627.84,629.07,627.04,627.63,5141313
2026-01-29 22:00:00+00:00,627.58,628.56,627.44,628.2,221286
2026-01-29 23:00:00+00:00,628.18,628.42,625.27,627.43,251960
2026-01-30 00:00:00+00:00,627.32,627.77,625.78,626.33,118741
2026-01-30 09:00:00+00:00,622.6,623.53,619.78,620.87,181588
2026-01-30 10:00:00+00:00,620.91,623.11,620.91,622.51,167691
2026-01-30 11:00:00+00:00,622.55,625.37,622.52,625.1,266794
2026-01-30 12:00:00+00:00,625.1,625.91,623.89,624.48,195746
2026-01-30 13:00:00+00:00,625.74,625.88,619.77,624.02,670036
2026-01-30 14:00:00+00:00,623.98,626.78,623.56,624.08,7531611
2026-01-30 15:00:00+00:00,624.06,626.63,622.72,624.4,10507954
2026-01-30 16:00:00+00:00,624.41,625.05,622.05,622.36,7343437
2026-01-30 17:00:00+00:00,622.38,623.29,620.48,620.52,7403301
2026-01-30 18:00:00+00:00,620.49,622.71,617.84,621.98,8102438
2026-01-30 19:00:00+00:00,621.98,622.93,619.82,619.97,5421666
2026-01-30 20:00:00+00:00,619.95,621.67,617.86,620.35,13648414
2026-01-30 21:00:00+00:00,620.38,621.11,619.15,619.4,3876213
2026-01-30 22:00:00+00:00,619.54,619.76,619.04,619.07,155037
2026-01-30 23:00:00+00:00,619.22,619.5,618.54,618.54,92796
2026-01-31 00:00:00+00:00,618.54,618.79,618.34,618.78,69671
2026-02-02 09:00:00+00:00,615.77,615.77,612.73,615.12,307059
2026-02-02 10:00:00+00:00,615.15,615.55,613.63,614.0,155538
2026-02-02 11:00:00+00:00,614.0,615.99,613.83,615.1,138236
2026-02-02 12:00:00+00:00,615.08,616.94,615.04,616.01,280996
2026-02-02 13:00:00+00:00,615.04,619.94,608.61,616.91,811273
2026-02-02 14:00:00+00:00,616.94,623.44,616.72,622.25,7782508
2026-02-02 15:00:00+00:00,622.23,626.12,621.88,624.4,8649350
2026-02-02 16:00:00+00:00,624.39,625.93,623.52,625.7,6189478
2026-02-02 17:00:00+00:00,625.69,626.83,625.56,626.41,4098638
2026-02-02 18:00:00+00:00,626.42,627.01,625.79,626.84,2942926
2026-02-02 19:00:00+00:00,626.84,626.92,624.45,624.57,3986855
2026-02-02 20:00:00+00:00,624.56,625.85,623.95,624.76,10240764
2026-02-02 21:00:00+00:00,624.77,625.76,624.28,625.12,2972735
2026-02-02 22:00:00+00:00,625.19,625.9,625.1,625.8,161112
2026-02-02 23:00:00+00:00,625.79,627.64,625.1,626.97,172183
2026-02-03 00:00:00+00:00,626.97,627.89,626.24,627.06,130185
2026-02-03 09:00:00+00:00,627.86,628.62,627.44,627.66,103022
2026-02-03 10:00:00+00:00,627.74,628.19,627.14,627.47,79062
2026-02-03 11:00:00+00:00,627.29,627.56,626.87,627.14,81553
2026-02-03 12:00:00+00:00,627.14,628.28,626.59,627.92,159867
2026-02-03 13:00:00+00:00,627.2,629.04,626.63,627.58,410755
2026-02-03 14:00:00+00:00,627.57,628.5,619.28,619.5,9909494
2026-02-03 15:00:00+00:00,619.52,619.84,615.63,619.14,16066680
2026-02-03 16:00:00+00:00,619.17,619.2,615.57,616.11,8173676
2026-02-03 17:00:00+00:00,616.11,616.36,612.56,613.58,9464173
2026-02-03 18:00:00+00:00,613.54,614.46,610.17,610.17,7918698
2026-02-03 19:00:00+00:00,610.16,612.91,609.52,611.9,9508751
2026-02-03 20:00:00+00:00,611.88,615.32,610.77,615.0,12931852
2026-02-03 21:00:00+00:00,615.01,615.78,613.45,614.25,5932674
2026-02-03 22:00:00+00:00,614.24,614.4,613.45,613.55,187321
2026-02-03 23:00:00+00:00,613.55,614.82,613.0,614.47,214793
2026-02-04 00:00:00+00:00,614.55,614.66,613.31,613.39,90434
2026-02-04 09:00:00+00:00,614.54,615.15,612.94,614.06,162055
2026-02-04 10:00:00+00:00,614.01,615.67,613.88,615.16,127511
2026-02-04 11:00:00+00:00,615.22,615.93,614.9,615.74,106634
2026-02-04 12:00:00+00:00,615.72,616.16,613.93,614.3,184951
2026-02-04 13:00:00+00:00,615.66,616.68,612.6,612.96,660711
2026-02-04 14:00:00+00:00,612.92,613.7,608.77,608.98,8263801
2026-02-04 15:00:00+00:00,608.89,611.7,606.86,607.95,15326600
2026-02-04 16:00:00+00:00,607.97,608.41,602.55,605.16,11022333
2026-02-04 17:00:00+00:00,605.15,605.66,599.06,601.27,10933417
2026-02-04 18:00:00+00:00,601.26,603.3,599.93,602.45,7851754
2026-02-04 19:00:00+00:00,602.43,607.52,601.02,606.88,10343274
2026-02-04 20:00:00+00:00,606.88,607.2,603.78,604.19,11207378
2026-02-04 21:00:00+00:00,604.17,608.64,601.34,606.97,4872778
2026-02-04 22:00:00+00:00,607.1,607.32,605.06,605.61,442694
2026-02-04 23:00:00+00:00,605.64,607.19,605.34,605.76,220994
2026-02-05 00:00:00+00:00,605.75,607.57,605.06,606.89,123643
2026-02-05 09:00:00+00:00,606.57,606.66,603.88,605.15,161977
2026-02-05 10:00:00+00:00,605.2,606.62,604.92,605.24,119287
2026-02-05 11:00:00+00:00,605.07,605.96,604.15,605.04,153368
2026-02-05 12:00:00+00:00,605.16,605.74,597.34,599.32,1155988
2026-02-05 13:00:00+00:00,604.31,607.31,597.35,598.77,1451007
2026-02-05 14:00:00+00:00,598.76,603.39,595.94,598.8,13546799
2026-02-05 15:00:00+00:00,598.81,599.61,593.52,595.54,17831813
2026-02-05 16:00:00+00:00,595.55,600.89,593.36,600.26,12888288
2026-02-05 17:00:00+00:00,600.23,601.63,597.66,599.09,6769816
2026-02-05 18:00:00+00:00,599.14,600.33,596.18,597.11,6839792
2026-02-05 19:00:00+00:00,597.09,600.44,596.44,597.33,7899989
2026-02-05 20:00:00+00:00,597.39,599.69,593.89,595.63,13443276
2026-02-05 21:00:00+00:00,595.66,597.57,590.04,590.49,4872076
2026-02-05 22:00:00+00:00,590.46,590.57,588.9,589.71,1085721
2026-02-05 23:00:00+00:00,589.81,591.51,587.36,588.31,567817
2026-02-06 00:00:00+00:00,588.17,590.01,586.06,589.87,567478
2026-02-06 09:00:00+00:00,594.6,599.4,593.2,598.65,432012
2026-02-06 10:00:00+00:00,598.63,599.74,597.71,599.68,223360
2026-02-06 11:00:00+00:00,599.65,601.5,599.64,601.1,432441
2026-02-06 12:00:00+00:00,601.07,601.18,598.78,599.26,494396
2026-02-06 13:00:00+00:00,601.1,601.38,590.9,599.71,1113907
2026-02-06 14:00:00+00:00,599.74,604.18,597.36,601.07,12599252
2026-02-06 15:00:00+00:00,600.99,603.64,598.36,602.04,14957968
2026-02-06 16:00:00+00:00,602.04,605.8,601.68,604.58,9363015
2026-02-06 17:00:00+00:00,604.58,607.19,604.24,606.8,7695258
2026-02-06 18:00:00+00:00,606.82,607.56,606.39,606.64,5995772
2026-02-06 19:00:00+00:00,606.63,607.21,606.18,606.28,4437250
2026-02-06 20:00:00+00:00,606.28,609.97,605.93,608.19,14377680
2026-02-06 21:00:00+00:00,608.19,608.56,606.8,607.25,5181468
2026-02-06 22:00:00+00:00,607.26,607.71,607.24,607.41,317510
2026-02-06 23:00:00+00:00,607.38,607.79,607.37,607.71,358087
2026-02-07 00:00:00+00:00,607.7,608.16,607.68,608.1,39127
2026-02-09 09:00:00+00:00,608.55,609.16,606.49,606.76,198601
2026-02-09 10:00:00+00:00,606.87,606.88,603.9,605.77,224040
2026-02-09 11:00:00+00:00,605.69,606.35,605.15,605.88,125080
2026-02-09 12:00:00+00:00,605.89,607.19,605.07,607.17,186309
2026-02-09 13:00:00+00:00,607.15,610.61,603.89,606.63,658447
2026-02-09 14:00:00+00:00,606.72,609.26,603.64,607.43,10203918
2026-02-09 15:00:00+00:00,607.38,612.6,607.2,612.2,10081925
2026-02-09 16:00:00+00:00,612.2,614.44,612.05,614.12,5816793
2026-02-09 17:00:00+00:00,614.1,614.74,613.15,613.28,4641489
2026-02-09 18:00:00+00:00,613.27,614.07,612.21,613.61,6004488
2026-02-09 19:00:00+00:00,613.61,615.01,613.48,614.32,4969172
2026-02-09 20:00:00+00:00,614.33,614.66,612.76,612.88,10114136
2026-02-09 21:00:00+00:00,612.88,613.73,612.82,613.46,2474880
2026-02-09 22:00:00+00:00,613.43,613.59,612.87,613.59,765352
2026-02-09 23:00:00+00:00,613.59,614.21,612.7,613.04,132337
2026-02-10 00:00:00+00:00,613.15,613.39,612.28,612.88,84102
2026-02-10 09:00:00+00:00,612.8,614.55,612.8,613.56,85624
2026-02-10 10:00:00+00:00,613.63,613.79,613.12,613.35,67323
2026-02-10 11:00:00+00:00,613.29,613.8,612.85,613.76,46728
2026-02-10 12:00:00+00:00,613.75,614.99,612.96,612.99,231752
2026-02-10 13:00:00+00:00,613.77,614.95,611.87,613.78,586417
2026-02-10 14:00:00+00:00,613.74,614.69,610.96,614.25,10235854
2026-02-10 15:00:00+00:00,614.24,615.57,613.19,613.82,9402512
2026-02-10 16:00:00+00:00,613.83,614.44,612.43,612.69,6465973
2026-02-10 17:00:00+00:00,612.67,614.38,612.16,614.04,4228052
2026-02-10 18:00:00+00:00,614.03,614.06,611.36,612.34,5693346
2026-02-10 19:00:00+00:00,612.34,612.58,611.43,611.89,4744647
2026-02-10 20:00:00+00:00,611.89,611.95,609.57,610.04,9522570
2026-02-10 21:00:00+00:00,610.02,610.97,609.81,610.96,2199276
2026-02-10 22:00:00+00:00,610.96,610.96,610.46,610.63,270259
2026-02-10 23:00:00+00:00,610.65,611.68,610.63,611.32,116531
2026-02-11 00:00:00+00:00,611.34,611.86,611.17,611.79,40589
2026-02-11 09:00:00+00:00,611.56,611.56,609.81,609.83,92576
2026-02-11 10:00:00+00:00,609.76,609.81,608.46,609.76,111257
2026-02-11 11:00:00+00:00,609.9,610.9,609.82,610.0,94998
2026-02-11 12:00:00+00:00,609.92,611.54,609.92,610.81,177103
2026-02-11 13:00:00+00:00,610.83,615.73,608.49,615.57,1331498
2026-02-11 14:00:00+00:00,615.54,616.07,611.86,612.18,8211016
2026-02-11 15:00:00+00:00,612.21,613.11,606.26,610.78,14606880
2026-02-11 16:00:00+00:00,610.78,611.49,609.09,609.24,6961183
2026-02-11 17:00:00+00:00,609.22,612.66,608.3,611.23,6396011
2026-02-11 18:00:00+00:00,611.24,612.39,609.72,612.13,5519322
2026-02-11 19:00:00+00:00,612.12,613.53,611.1,612.29,5213080
2026-02-11 20:00:00+00:00,612.29,612.62,611.41,611.56,6773420
2026-02-11 21:00:00+00:00,611.57,612.24,611.34,611.58,2676197
2026-02-11 22:00:00+00:00,611.65,611.99,611.6,611.88,157409
2026-02-11 23:00:00+00:00,611.84,611.9,609.84,610.52,149698
2026-02-12 00:00:00+00:00,610.41,611.41,610.06,611.26,102152
2026-02-12 09:00:00+00:00,612.8,613.7,612.8,613.6,86607
2026-02-12 10:00:00+00:00,613.52,613.97,613.06,613.31,55993
2026-02-12 11:00:00+00:00,613.41,613.89,613.18,613.83,112139
2026-02-12 12:00:00+00:00,613.78,614.21,613.25,613.58,119518
2026-02-12 13:00:00+00:00,613.53,615.05,612.05,614.46,518216
2026-02-12 14:00:00+00:00,614.55,614.56,609.42,609.96,9114820
2026-02-12 15:00:00+00:00,609.96,611.2,605.1,605.18,11486311
2026-02-12 16:00:00+00:00,605.2,605.68,600.23,602.02,18011932
2026-02-12 17:00:00+00:00,601.99,603.49,600.67,600.69,8419462
2026-02-12 18:00:00+00:00,600.7,603.21,600.12,602.63,8031267
2026-02-12 19:00:00+00:00,602.63,603.54,601.19,602.46,7437167
2026-02-12 20:00:00+00:00,602.46,602.79,598.16,599.15,13068652
2026-02-12 21:00:00+00:00,599.17,601.0,598.7,600.55,3905281
2026-02-12 22:00:00+00:00,600.59,601.12,600.5,601.08,258622
2026-02-12 23:00:00+00:00,601.04,601.31,598.8,600.71,427996
2026-02-13 00:00:00+00:00,600.59,601.58,597.92,598.5,324334
2026-02-13 09:00:00+00:00,599.72,600.53,598.26,599.62,120160
2026-02-13 10:00:00+00:00,599.78,600.34,598.63,598.67,77723
2026-02-13 11:00:00+00:00,598.62,598.66,596.24,598.34,199195
2026-02-13 12:00:00+00:00,598.43,598.99,597.2,597.83,305650
2026-02-13 13:00:00+00:00,597.81,600.86,596.01,599.96,1962548
2026-02-13 14:00:00+00:00,599.9,601.54,595.01,597.92,13201899
2026-02-13 15:00:00+00:00,597.87,603.47,597.76,600.61,10328860
2026-02-13 16:00:00+00:00,600.61,603.57,599.45,602.62,7668285
2026-02-13 17:00:00+00:00,602.59,605.0,602.36,603.66,6329948
2026-02-13 18:00:00+00:00,603.69,605.05,602.77,603.73,6295397
2026-02-13 19:00:00+00:00,603.73,604.4,601.5,601.6,5726679
2026-02-13 20:00:00+00:00,601.6,602.5,598.68,600.36,12726724
2026-02-13 21:00:00+00:00,600.38,600.97,599.66,599.66,4022859
2026-02-13 22:00:00+00:00,599.83,599.94,599.73,599.94,180457
2026-02-13 23:00:00+00:00,600.05,600.06,599.48,599.56,53110
2026-02-14 00:00:00+00:00,599.58,599.63,598.99,599.23,35398
2026-02-17 09:00:00+00:00,597.09,597.87,596.5,597.66,118006
2026-02-17 10:00:00+00:00,597.71,597.91,595.37,595.74,91522
2026-02-17 11:00:00+00:00,595.89,596.58,594.94,596.09,116478
2026-02-17 12:00:00+00:00,596.06,597.19,595.04,595.26,221014
2026-02-17 13:00:00+00:00,596.2,600.95,593.67,595.89,893225
2026-02-17 14:00:00+00:00,595.89,600.78,592.56,592.76,10438715
2026-02-17 15:00:00+00:00,592.76,596.54,591.94,595.58,12407954
2026-02-17 16:00:00+00:00,595.54,600.28,595.4,599.41,10909072
2026-02-17 17:00:00+00:00,599.39,599.54,595.78,597.92,6726455
2026-02-17 18:00:00+00:00,597.93,602.16,596.72,601.46,7391386
2026-02-17 19:00:00+00:00,601.47,602.53,600.58,600.75,5690482
2026-02-17 20:00:00+00:00,600.75,601.4,598.84,599.78,10910344
2026-02-17 21:00:00+00:00,599.82,600.83,592.24,599.65,2566392
2026-02-17 22:00:00+00:00,599.71,599.88,599.53,599.58,163070
2026-02-17 23:00:00+00:00,599.69,599.88,598.09,598.21,206871
2026-02-18 00:00:00+00:00,598.29,599.26,598.29,598.68,161683
2026-02-18 09:00:00+00:00,602.73,603.88,602.58,603.16,138934
2026-02-18 10:00:00+00:00,603.14,603.84,603.1,603.43,76551
2026-02-18 11:00:00+00:00,603.46,603.52,602.62,602.79,101561
2026-02-18 12:00:00+00:00,602.8,604.37,601.51,602.58,328936
2026-02-18 13:00:00+00:00,603.57,604.32,600.33,601.14,476085
2026-02-18 14:00:00+00:00,601.18,604.26,599.3,603.83,10770793
2026-02-18 15:00:00+00:00,603.82,607.64,603.75,607.34,11454514
2026-02-18 16:00:00+00:00,607.35,608.06,606.66,606.75,6906868
2026-02-18 17:00:00+00:00,606.75,608.33,606.67,607.63,4855807
2026-02-18 18:00:00+00:00,607.61,608.32,604.83,605.89,6313315
2026-02-18 19:00:00+00:00,605.87,606.14,601.98,602.47,9388622
2026-02-18 20:00:00+00:00,602.49,605.25,601.83,604.27,11580826
2026-02-18 21:00:00+00:00,604.26,607.02,603.57,603.85,1437068
2026-02-18 22:00:00+00:00,603.9,604.27,603.57,604.25,110594
2026-02-18 23:00:00+00:00,604.13,605.17,603.97,604.47,130707
2026-02-19 00:00:00+00:00,604.56,604.62,603.36,603.98,119625
2026-02-19 09:00:00+00:00,604.33,604.73,601.86,602.77,131138
2026-02-19 10:00:00+00:00,602.72,603.03,601.24,601.83,126101
2026-02-19 11:00:00+00:00,601.5,602.58,601.48,602.47,85909
2026-02-19 12:00:00+00:00,602.47,602.89,600.93,602.28,135963
2026-02-19 13:00:00+00:00,602.47,606.62,600.47,601.88,492377
2026-02-19 14:00:00+00:00,601.9,603.45,599.67,602.5,8739701
2026-02-19 15:00:00+00:00,602.52,604.19,601.72,603.53,8858539
2026-02-19 16:00:00+00:00,603.54,604.39,600.61,601.61,7515959
2026-02-19 17:00:00+00:00,601.62,603.07,599.72,600.07,11687579
2026-02-19 18:00:00+00:00,600.09,601.73,599.33,601.58,7040141
2026-02-19 19:00:00+00:00,601.54,601.73,599.4,600.14,5499879
2026-02-19 20:00:00+00:00,600.12,602.14,600.01,602.08,7907668
2026-02-19 21:00:00+00:00,602.08,602.28,601.14,601.48,1940713
2026-02-19 22:00:00+00:00,601.46,601.59,601.19,601.43,467224
2026-02-19 23:00:00+00:00,601.41,602.65,601.19,602.41,152525
2026-02-20 00:00:00+00:00,602.43,603.21,601.99,602.93,177813
2026-02-20 09:00:00+00:00,603.57,605.18,603.57,604.07,112608
2026-02-20 10:00:00+00:00,604.07,604.28,603.22,603.25,47644
2026-02-20 11:00:00+00:00,603.18,603.18,601.08,601.52,143100
2026-02-20 12:00:00+00:00,601.49,601.98,600.58,601.51,198271
2026-02-20 13:00:00+00:00,604.03,605.14,598.91,600.02,875329
2026-02-20 14:00:00+00:00,600.01,604.51,597.82,603.15,8208184
2026-02-20 15:00:00+00:00,603.15,608.6,602.14,608.42,14747199
2026-02-20 16:00:00+00:00,608.42,608.91,604.79,607.92,11578421
2026-02-20 17:00:00+00:00,607.92,608.19,602.66,606.38,11386430
2026-02-20 18:00:00+00:00,606.38,608.46,603.83,607.85,9825506
2026-02-20 19:00:00+00:00,607.93,608.37,605.98,606.07,5888312
2026-02-20 20:00:00+00:00,606.08,607.47,605.89,607.36,8431576
2026-02-20 21:00:00+00:00,607.33,607.7,607.14,607.37,2517832
2026-02-20 22:00:00+00:00,607.37,607.45,607.03,607.26,95989
2026-02-20 23:00:00+00:00,607.26,607.5,607.13,607.5,41495
2026-02-21 00:00:00+00:00,607.45,607.54,607.19,607.32,27510
2026-02-23 09:00:00+00:00,606.13,606.13,603.53,605.17,172022
2026-02-23 10:00:00+00:00,605.25,605.72,604.36,604.9,121238
2026-02-23 11:00:00+00:00,604.96,605.3,603.41,603.93,116269
2026-02-23 12:00:00+00:00,603.91,604.23,602.85,603.32,276113
2026-02-23 13:00:00+00:00,603.63,605.6,601.04,604.08,492315
2026-02-23 14:00:00+00:00,604.12,606.58,602.17,603.53,8327090
2026-02-23 15:00:00+00:00,603.5,604.45,599.33,599.43,10995974
2026-02-23 16:00:00+00:00,599.44,600.53,597.64,599.24,10272807
2026-02-23 17:00:00+00:00,599.24,599.91,597.87,599.47,7673858
2026-02-23 18:00:00+00:00,599.45,601.28,598.88,599.06,5760858
2026-02-23 19:00:00+00:00,599.06,599.72,598.01,598.18,6650060
2026-02-23 20:00:00+00:00,598.19,600.12,597.89,600.04,9841250
2026-02-23 21:00:00+00:00,600.04,600.68,599.24,600.46,2997782
2026-02-23 22:00:00+00:00,600.43,600.68,600.34,600.57,130241
2026-02-23 23:00:00+00:00,600.58,601.33,600.08,600.46,155625
2026-02-24 00:00:00+00:00,600.52,601.27,600.18,601.12,97129
2026-02-24 09:00:00+00:00,600.68,602.0,600.59,601.97,143071
2026-02-24 10:00:00+00:00,601.97,602.41,601.53,601.89,59055
2026-02-24 11:00:00+00:00,601.93,602.15,601.12,601.64,83295
2026-02-24 12:00:00+00:00,601.69,603.25,600.75,601.28,392956
2026-02-24 13:00:00+00:00,602.15,603.22,599.96,602.73,506960
2026-02-24 14:00:00+00:00,602.69,604.79,598.32,602.69,10533777
2026-02-24 15:00:00+00:00,602.66,606.4,601.32,605.1,10529995
2026-02-24 16:00:00+00:00,605.08,606.78,604.92,606.34,6932591
2026-02-24 17:00:00+00:00,606.35,607.48,606.17,606.77,5069282
2026-02-24 18:00:00+00:00,606.75,607.56,605.95,606.37,4774578
2026-02-24 19:00:00+00:00,606.38,607.03,605.38,606.18,5306226
2026-02-24 20:00:00+00:00,606.18,607.39,605.54,606.37,7716814
2026-02-24 21:00:00+00:00,606.38,606.58,605.78,606.09,2795993
2026-02-24 22:00:00+00:00,606.16,606.27,606.07,606.14,58260
2026-02-24 23:00:00+00:00,606.12,606.88,605.57,606.72,133968
2026-02-25 00:00:00+00:00,606.68,607.45,606.16,607.37,125911
2026-02-25 09:00:00+00:00,607.52,607.87,607.13,607.73,71554
2026-02-25 10:00:00+00:00,607.75,608.04,607.38,607.56,69252
2026-02-25 11:00:00+00:00,607.62,608.81,607.43,608.74,115151
2026-02-25 12:00:00+00:00,608.73,609.35,608.33,609.11,279441
2026-02-25 13:00:00+00:00,608.72,609.77,606.27,609.4,436516
2026-02-25 14:00:00+00:00,609.46,614.21,608.92,614.03,9554949
2026-02-25 15:00:00+00:00,614.02,614.44,612.16,612.89,11000515
2026-02-25 16:00:00+00:00,612.89,613.79,612.6,613.42,5595110
2026-02-25 17:00:00+00:00,613.42,614.33,613.28,614.27,4423144
2026-02-25 18:00:00+00:00,614.29,614.38,613.85,614.26,3188751
2026-02-25 19:00:00+00:00,614.25,614.91,614.23,614.68,4538929
2026-02-25 20:00:00+00:00,614.68,615.38,614.3,615.07,11358449
2026-02-25 21:00:00+00:00,615.07,617.74,614.8,616.94,3638106
2026-02-25 22:00:00+00:00,616.82,616.82,614.2,614.39,673283
2026-02-25 23:00:00+00:00,614.66,615.8,612.43,613.39,807888
2026-02-26 00:00:00+00:00,613.32,613.95,613.1,613.4,150316
2026-02-26 09:00:00+00:00,614.45,615.55,614.29,615.06,104481
2026-02-26 10:00:00+00:00,615.06,615.22,614.3,614.52,66278
2026-02-26 11:00:00+00:00,614.58,614.8,614.25,614.64,88409
2026-02-26 12:00:00+00:00,614.64,615.32,614.57,614.87,118447
2026-02-26 13:00:00+00:00,614.87,615.91,612.72,615.16,523603
2026-02-26 14:00:00+00:00,615.14,615.49,610.29,610.53,13742038
2026-02-26 15:00:00+00:00,610.54,610.95,602.56,605.86,29744064
2026-02-26 16:00:00+00:00,605.87,607.92,604.76,604.98,12033173
2026-02-26 17:00:00+00:00,604.98,606.08,603.75,604.29,7851639
2026-02-26 18:00:00+00:00,604.29,606.6,603.12,605.89,9717164
2026-02-26 19:00:00+00:00,605.9,608.23,605.58,607.36,7930810
2026-02-26 20:00:00+00:00,607.35,608.11,606.44,607.82,9629150
2026-02-26 21:00:00+00:00,607.8,607.98,606.42,606.52,3156549
2026-02-26 22:00:00+00:00,606.52,606.59,604.57,605.82,1024837
2026-02-26 23:00:00+00:00,605.93,606.66,604.76,605.66,421987
2026-02-27 00:00:00+00:00,605.69,606.42,604.76,605.44,220297
2026-02-27 09:00:00+00:00,607.69,608.41,606.64,606.8,171767
2026-02-27 10:00:00+00:00,606.7,607.08,605.24,606.09,107277
2026-02-27 11:00:00+00:00,606.1,606.17,604.32,604.93,128709
2026-02-27 12:00:00+00:00,604.9,605.86,603.58,604.1,212635
2026-02-27 13:00:00+00:00,605.49,608.13,601.09,602.88,1038037
2026-02-27 14:00:00+00:00,603.0,604.53,600.77,603.13,9896394
2026-02-27 15:00:00+00:00,603.12,606.47,602.81,605.64,12881448
2026-02-27 16:00:00+00:00,605.65,606.54,604.39,605.28,8744632
2026-02-27 17:00:00+00:00,605.28,606.89,603.61,604.7,8376568
2026-02-27 18:00:00+00:00,604.7,604.94,603.02,603.68,4831373
2026-02-27 19:00:00+00:00,603.67,605.05,603.0,603.5,4558725
2026-02-27 20:00:00+00:00,603.47,606.6,603.44,606.02,14034697
2026-02-27 21:00:00+00:00,606.01,606.01,604.57,604.98,3056983
2026-02-27 22:00:00+00:00,604.84,605.47,604.6,604.83,121087
2026-02-27 23:00:00+00:00,604.61,604.66,603.81,604.0,122968
2026-02-28 00:00:00+00:00,604.0,604.44,603.71,603.95,37127
2026-03-02 09:00:00+00:00,595.54,597.71,595.31,597.13,326481
2026-03-02 10:00:00+00:00,597.09,598.44,597.09,597.67,238882
2026-03-02 11:00:00+00:00,597.82,599.5,597.3,598.47,288325
2026-03-02 12:00:00+00:00,598.52,598.89,596.64,597.08,285678
2026-03-02 13:00:00+00:00,598.57,605.86,593.53,596.92,1307960
2026-03-02 14:00:00+00:00,596.92,603.64,596.58,602.7,11054108
2026-03-02 15:00:00+00:00,602.75,605.05,601.35,604.26,13414063
2026-03-02 16:00:00+00:00,604.25,607.14,602.53,606.87,10773934
2026-03-02 17:00:00+00:00,606.88,607.92,606.27,607.66,6242066
2026-03-02 18:00:00+00:00,607.66,607.86,605.33,605.42,5929459
2026-03-02 19:00:00+00:00,605.43,608.48,605.3,608.07,7237123
2026-03-02 20:00:00+00:00,608.06,608.26,604.83,606.65,16191642
2026-03-02 21:00:00+00:00,606.65,606.79,605.5,606.06,1758495
2026-03-02 22:00:00+00:00,606.04,606.66,605.89,606.38,122651
2026-03-02 23:00:00+00:00,606.25,606.33,604.82,605.37,155589
2026-03-03 00:00:00+00:00,605.45,605.66,604.33,604.41,123973
2026-03-03 09:00:00+00:00,594.55,597.77,592.83,592.91,488409
2026-03-03 10:00:00+00:00,592.97,593.65,591.54,592.85,482393
2026-03-03 11:00:00+00:00,592.8,594.44,590.92,593.73,407410
2026-03-03 12:00:00+00:00,593.79,596.68,593.59,596.17,722335
2026-03-03 13:00:00+00:00,594.67,606.2,591.08,594.0,1669854
2026-03-03 14:00:00+00:00,593.99,597.98,593.06,593.84,13627097
2026-03-03 15:00:00+00:00,593.81,595.55,590.48,592.77,20225497
2026-03-03 16:00:00+00:00,592.79,599.48,592.53,598.19,15137703
2026-03-03 17:00:00+00:00,598.16,599.16,596.52,597.46,9282793
2026-03-03 18:00:00+00:00,597.45,602.07,597.43,601.26,10134419
2026-03-03 19:00:00+00:00,601.29,602.54,599.13,601.0,10237781
2026-03-03 20:00:00+00:00,601.03,601.81,599.3,600.25,10488742
2026-03-03 21:00:00+00:00,600.16,600.25,598.76,599.16,3434870
2026-03-03 22:00:00+00:00,599.13,599.48,598.97,599.14,395234
2026-03-03 23:00:00+00:00,599.11,600.25,598.24,598.93,189019
2026-03-04 00:00:00+00:00,598.93,601.28,598.39,600.03,236919
2026-03-04 09:00:00+00:00,597.99,600.66,597.16,600.37,274264
2026-03-04 10:00:00+00:00,600.24,602.99,599.83,602.47,429469
2026-03-04 11:00:00+00:00,602.49,603.66,601.48,601.53,310955
2026-03-04 12:00:00+00:00,601.62,602.46,599.54,601.43,383023
2026-03-04 13:00:00+00:00,597.94,604.43,594.17,603.6,1393896
2026-03-04 14:00:00+00:00,603.54,605.5,602.01,604.23,9300850
2026-03-04 15:00:00+00:00,604.32,609.74,603.63,609.27,17752306
2026-03-04 16:00:00+00:00,609.26,610.3,607.47,609.7,11472243
2026-03-04 17:00:00+00:00,609.72,610.57,608.75,610.28,5873421
2026-03-04 18:00:00+00:00,610.28,611.37,609.59,610.85,5204012
2026-03-04 19:00:00+00:00,610.87,611.44,610.55,610.79,4470433
2026-03-04 20:00:00+00:00,610.78,610.92,608.98,609.11,10032085
2026-03-04 21:00:00+00:00,609.1,610.15,608.51,609.54,3287341
2026-03-04 22:00:00+00:00,609.57,610.42,609.37,610.19,633854
2026-03-04 23:00:00+00:00,610.18,610.78,609.71,610.35,116434
2026-03-05 00:00:00+00:00,610.32,612.02,610.18,611.27,197056
2026-03-05 09:00:00+00:00,607.5,611.26,607.33,609.07,380549
2026-03-05 10:00:00+00:00,609.11,609.76,608.45,608.87,115189
2026-03-05 11:00:00+00:00,608.93,609.93,608.37,608.56,174063
2026-03-05 12:00:00+00:00,608.53,610.08,607.23,608.04,245351
2026-03-05 13:00:00+00:00,609.5,611.24,605.7,606.27,975001
2026-03-05 14:00:00+00:00,606.12,610.83,605.39,610.8,10595591
2026-03-05 15:00:00+00:00,610.78,611.32,604.64,608.26,15374190
2026-03-05 16:00:00+00:00,608.26,608.52,604.88,607.35,10854660
2026-03-05 17:00:00+00:00,607.35,609.25,601.18,601.64,13128280
2026-03-05 18:00:00+00:00,601.64,603.62,600.84,601.82,10084786
2026-03-05 19:00:00+00:00,601.81,603.44,601.31,602.85,8386969
2026-03-05 20:00:00+00:00,602.87,607.68,602.11,607.47,16511045
2026-03-05 21:00:00+00:00,607.48,607.56,606.35,606.6,2402511
2026-03-05 22:00:00+00:00,606.55,606.69,606.43,606.63,233790
2026-03-05 23:00:00+00:00,606.68,607.97,606.37,607.77,181778
2026-03-06 00:00:00+00:00,607.79,608.6,607.79,608.1,161169
2026-03-06 09:00:00+00:00,608.64,609.01,603.74,604.54,280639
2026-03-06 10:00:00+00:00,604.71,606.0,604.66,605.32,190768
2026-03-06 11:00:00+00:00,605.31,605.6,602.58,603.08,356002
2026-03-06 12:00:00+00:00,603.09,603.67,601.83,602.58,341195
2026-03-06 13:00:00+00:00,602.49,609.84,597.3,597.98,1849853
2026-03-06 14:00:00+00:00,597.8,600.3,597.13,599.06,11518988
2026-03-06 15:00:00+00:00,599.04,603.91,598.43,603.09,15787218
2026-03-06 16:00:00+00:00,603.08,604.45,601.45,603.6,9666366
2026-03-06 17:00:00+00:00,603.62,604.57,600.31,601.28,8168448
2026-03-06 18:00:00+00:00,601.29,604.02,601.16,601.66,8300717
2026-03-06 19:00:00+00:00,601.67,602.95,601.03,601.85,9445137
2026-03-06 20:00:00+00:00,601.84,602.93,596.92,598.4,17506010
2026-03-06 21:00:00+00:00,598.45,598.81,597.31,598.29,2806422
2026-03-06 22:00:00+00:00,598.39,598.74,597.99,598.14,201198
2026-03-06 23:00:00+00:00,598.14,598.4,598.09,598.21,40646
2026-03-07 00:00:00+00:00,598.1,598.27,597.35,597.39,39053
2026-03-09 08:00:00+00:00,589.12,590.47,587.71,589.93,332320
2026-03-09 09:00:00+00:00,589.95,594.34,589.3,592.43,401747
2026-03-09 10:00:00+00:00,592.65,592.82,590.71,591.42,316448
2026-03-09 11:00:00+00:00,591.35,592.6,590.9,591.61,249445
2026-03-09 12:00:00+00:00,591.52,594.35,584.49,591.52,1168927
2026-03-09 13:00:00+00:00,591.58,595.06,589.94,591.32,11322341
2026-03-09 14:00:00+00:00,591.31,596.47,590.17,595.64,15342623
2026-03-09 15:00:00+00:00,595.62,598.26,595.62,597.9,8623283
2026-03-09 16:00:00+00:00,597.9,600.43,597.63,599.46,7687200
2026-03-09 17:00:00+00:00,599.47,599.55,596.23,597.07,8545578
2026-03-09 18:00:00+00:00,597.09,599.42,597.04,598.17,7821847
2026-03-09 19:00:00+00:00,598.18,607.83,597.82,606.32,25951314
2026-03-09 20:00:00+00:00,606.32,607.1,604.3,605.49,4646223
2026-03-09 21:00:00+00:00,605.49,605.67,605.16,605.37,339669
2026-03-09 22:00:00+00:00,605.42,606.01,603.43,604.22,409669
2026-03-09 23:00:00+00:00,604.26,604.83,603.1,603.67,142127
2026-03-10 08:00:00+00:00,608.37,610.11,607.56,608.71,253752
2026-03-10 09:00:00+00:00,608.66,609.81,608.56,608.77,120193
2026-03-10 10:00:00+00:00,608.79,608.79,607.12,608.13,144773
2026-03-10 11:00:00+00:00,608.17,609.14,605.58,605.9,308050
2026-03-10 12:00:00+00:00,608.12,610.08,603.38,605.84,906035
2026-03-10 13:00:00+00:00,605.85,608.53,605.32,605.74,7579219
2026-03-10 14:00:00+00:00,605.74,610.23,603.99,610.21,10039225
2026-03-10 15:00:00+00:00,610.21,610.96,609.22,610.17,7389118
2026-03-10 16:00:00+00:00,610.16,610.66,608.5,610.33,5736173
2026-03-10 17:00:00+00:00,610.32,611.85,609.06,610.72,6453949
2026-03-10 18:00:00+00:00,610.71,610.96,606.3,607.31,10348899
2026-03-10 19:00:00+00:00,607.31,608.35,605.14,606.22,11785031
2026-03-10 20:00:00+00:00,606.22,607.5,606.21,606.87,2861515
2026-03-10 21:00:00+00:00,606.93,607.33,606.77,607.21,83148
2026-03-10 22:00:00+00:00,607.15,607.15,605.47,605.87,139625
2026-03-10 23:00:00+00:00,605.85,607.17,605.79,607.05,88372
2026-03-11 08:00:00+00:00,606.42,607.57,605.1,605.95,159387
2026-03-11 09:00:00+00:00,605.82,605.97,604.24,604.32,145041
2026-03-11 10:00:00+00:00,604.34,607.25,604.17,606.97,130539
2026-03-11 11:00:00+00:00,607.08,607.66,604.97,605.47,287216
2026-03-11 12:00:00+00:00,605.37,609.54,604.17,605.35,729841
2026-03-11 13:00:00+00:00,605.54,609.43,605.39,609.07,7522085
2026-03-11 14:00:00+00:00,609.1,610.99,605.66,608.25,10396300
2026-03-11 15:00:00+00:00,608.25,608.82,604.08,605.09,10424428
2026-03-11 16:00:00+00:00,605.09,606.94,604.2,606.85,6645834
2026-03-11 17:00:00+00:00,606.83,607.28,603.6,605.49,8607577
2026-03-11 18:00:00+00:00,605.5,606.11,604.01,605.66,6022635
2026-03-11 19:00:00+00:00,605.68,606.81,604.59,606.3,7239607
2026-03-11 20:00:00+00:00,606.29,606.44,605.27,605.39,798754
2026-03-11 21:00:00+00:00,605.27,605.81,605.27,605.64,339665
2026-03-11 22:00:00+00:00,605.62,605.62,602.29,603.01,376679
2026-03-11 23:00:00+00:00,603.05,603.16,600.26,601.55,484849
2026-03-12 08:00:00+00:00,603.51,604.33,602.08,603.68,182383
2026-03-12 09:00:00+00:00,603.65,604.8,602.27,604.73,140414
2026-03-12 10:00:00+00:00,604.71,604.94,603.76,603.97,117355
2026-03-12 11:00:00+00:00,603.89,604.94,603.08,603.31,193532
2026-03-12 12:00:00+00:00,603.69,606.71,599.77,602.71,621989
2026-03-12 13:00:00+00:00,602.72,603.2,597.82,598.46,9655500
2026-03-12 14:00:00+00:00,598.5,600.63,596.41,597.53,13727442
2026-03-12 15:00:00+00:00,597.56,599.73,596.12,598.65,10950471
2026-03-12 16:00:00+00:00,598.67,600.32,596.81,598.56,9245173
2026-03-12 17:00:00+00:00,598.55,600.06,596.71,597.64,5948425
2026-03-12 18:00:00+00:00,597.66,598.77,596.92,597.03,5526392
2026-03-12 19:00:00+00:00,597.03,598.07,595.64,595.93,12264586
2026-03-12 20:00:00+00:00,595.94,596.45,595.02,596.24,2873151
2026-03-12 21:00:00+00:00,596.22,596.36,596.03,596.06,193741
2026-03-12 22:00:00+00:00,596.06,596.99,595.56,596.59,235931
2026-03-12 23:00:00+00:00,596.63,597.31,595.24,595.3,158014
2026-03-13 08:00:00+00:00,593.72,595.38,592.39,595.13,294316
2026-03-13 09:00:00+00:00,595.18,596.59,595.09,595.7,193369
2026-03-13 10:00:00+00:00,595.5,597.76,595.44,597.65,222606
2026-03-13 11:00:00+00:00,597.63,598.79,597.31,598.74,388150
2026-03-13 12:00:00+00:00,595.94,600.48,592.35,599.16,1023833
2026-03-13 13:00:00+00:00,599.28,602.18,597.52,600.27,8204864
2026-03-13 14:00:00+00:00,600.29,601.18,594.4,594.58,10638292
2026-03-13 15:00:00+00:00,594.58,596.47,592.18,592.58,9707310
2026-03-13 16:00:00+00:00,592.56,594.52,592.04,592.28,6503284
2026-03-13 17:00:00+00:00,592.29,594.15,591.22,591.73,6777013
2026-03-13 18:00:00+00:00,591.73,594.1,591.58,593.52,6572300
2026-03-13 19:00:00+00:00,593.52,593.54,591.17,592.29,10413938
2026-03-13 20:00:00+00:00,592.29,592.35,590.81,590.9,2096944
2026-03-13 21:00:00+00:00,591.06,591.53,590.9,591.4,142895
2026-03-13 22:00:00+00:00,591.46,592.2,591.39,591.95,65730
2026-03-13 23:00:00+00:00,592.0,592.19,591.6,592.04,107000
2026-03-16 08:00:00+00:00,595.08,596.5,594.4,595.52,157912
2026-03-16 09:00:00+00:00,595.62,595.71,594.39,594.67,157285
2026-03-16 10:00:00+00:00,594.69,597.59,594.59,597.36,197565
2026-03-16 11:00:00+00:00,597.33,598.1,596.67,597.88,260163
2026-03-16 12:00:00+00:00,597.33,599.38,594.51,598.67,882383
2026-03-16 13:00:00+00:00,598.68,600.61,597.82,600.49,6320407
2026-03-16 14:00:00+00:00,600.48,601.18,597.72,599.52,8202565
2026-03-16 15:00:00+00:00,599.52,600.57,598.39,599.05,5153460
2026-03-16 16:00:00+00:00,599.05,599.73,597.7,599.07,4752818
2026-03-16 17:00:00+00:00,599.07,600.22,598.52,599.23,4203809
2026-03-16 18:00:00+00:00,599.23,600.47,599.07,599.73,4807692
2026-03-16 19:00:00+00:00,599.73,602.44,598.12,598.9,11829883
2026-03-16 20:00:00+00:00,598.92,599.29,598.37,598.6,1860949
2026-03-16 21:00:00+00:00,598.65,598.68,598.47,598.54,326133
2026-03-16 22:00:00+00:00,598.59,598.72,597.76,597.89,123877
2026-03-16 23:00:00+00:00,597.9,598.83,597.81,598.8,55314
2026-03-17 08:00:00+00:00,596.6,597.17,595.57,596.2,118892
2026-03-17 09:00:00+00:00,596.37,598.19,596.37,598.03,144507
2026-03-17 10:00:00+00:00,597.99,598.0,596.83,597.83,65710
2026-03-17 11:00:00+00:00,597.79,598.43,597.31,597.33,154065
2026-03-17 12:00:00+00:00,597.58,600.33,595.39,600.14,666613
2026-03-17 13:00:00+00:00,600.18,604.47,600.13,603.93,6591488
2026-03-17 14:00:00+00:00,603.94,604.04,601.64,603.52,8901260
2026-03-17 15:00:00+00:00,603.52,603.84,600.55,601.47,7837520
2026-03-17 16:00:00+00:00,601.49,602.36,600.45,601.67,5293888
2026-03-17 17:00:00+00:00,601.66,602.76,601.63,602.55,3602377
2026-03-17 18:00:00+00:00,602.55,603.11,601.5,601.8,4812143
2026-03-17 19:00:00+00:00,601.8,602.34,601.27,601.98,7615870
2026-03-17 20:00:00+00:00,601.97,602.38,601.8,602.31,1151993
2026-03-17 21:00:00+00:00,602.15,602.26,602.02,602.08,190573
2026-03-17 22:00:00+00:00,602.08,602.24,601.5,601.83,89951
2026-03-17 23:00:00+00:00,601.87,602.22,601.65,601.76,51251
2026-03-18 08:00:00+00:00,606.04,606.21,604.59,605.92,137864
2026-03-18 09:00:00+00:00,605.87,606.35,605.6,605.88,64389
2026-03-18 10:00:00+00:00,605.88,606.53,605.64,605.67,84448
2026-03-18 11:00:00+00:00,605.65,606.0,604.17,604.48,238409
2026-03-18 12:00:00+00:00,606.18,606.79,598.69,598.91,1908687
2026-03-18 13:00:00+00:00,599.0,601.74,598.55,601.06,6744569
2026-03-18 14:00:00+00:00,601.03,601.37,597.3,598.99,8318550
2026-03-18 15:00:00+00:00,599.0,600.13,598.46,599.36,6984256
2026-03-18 16:00:00+00:00,599.35,599.65,597.73,598.07,4350197
2026-03-18 17:00:00+00:00,598.04,598.98,596.89,598.85,4516635
2026-03-18 18:00:00+00:00,598.82,599.75,595.59,595.64,5669077
2026-03-18 19:00:00+00:00,595.63,597.04,593.16,593.38,12263793
2026-03-18 20:00:00+00:00,593.38,594.52,591.34,592.36,4164739
2026-03-18 21:00:00+00:00,592.44,593.66,592.28,593.07,450855
2026-03-18 22:00:00+00:00,593.07,593.07,591.35,592.08,249485
2026-03-18 23:00:00+00:00,592.1,593.23,591.94,592.79,175903
2026-03-19 08:00:00+00:00,591.21,592.07,590.05,590.9,233385
2026-03-19 09:00:00+00:00,591.12,593.45,589.99,592.87,416985
2026-03-19 10:00:00+00:00,592.87,592.87,591.62,592.08,144747
2026-03-19 11:00:00+00:00,592.07,592.57,590.11,591.0,376922
2026-03-19 12:00:00+00:00,590.24,593.82,588.06,588.6,1276614
2026-03-19 13:00:00+00:00,588.58,590.37,585.7,589.91,10519421
2026-03-19 14:00:00+00:00,589.89,590.97,587.66,589.65,11502494
2026-03-19 15:00:00+00:00,589.64,591.73,587.41,589.29,9351053
2026-03-19 16:00:00+00:00,589.28,590.41,588.06,588.82,6417173
2026-03-19 17:00:00+00:00,588.81,589.49,586.98,588.74,7698014
2026-03-19 18:00:00+00:00,588.74,590.44,587.94,590.07,7308858
2026-03-19 19:00:00+00:00,590.07,594.4,590.02,591.59,16379974
2026-03-19 20:00:00+00:00,591.58,592.98,591.35,592.62,3602635
2026-03-19 21:00:00+00:00,592.6,593.24,592.6,593.1,298927
2026-03-19 22:00:00+00:00,593.04,593.55,592.32,593.11,145123
2026-03-19 23:00:00+00:00,593.1,593.61,592.4,592.71,128841
2026-03-20 08:00:00+00:00,592.47,592.8,591.38,591.45,141595
2026-03-20 09:00:00+00:00,591.43,592.04,587.84,588.35,309543
2026-03-20 10:00:00+00:00,588.52,588.55,585.68,587.77,375432
2026-03-20 11:00:00+00:00,587.81,589.25,587.58,588.66,386599
2026-03-20 12:00:00+00:00,588.69,592.9,585.81,589.87,868266
2026-03-20 13:00:00+00:00,589.94,590.65,584.78,584.92,9072666
2026-03-20 14:00:00+00:00,584.92,585.96,583.59,584.52,16832811
2026-03-20 15:00:00+00:00,584.52,586.25,583.72,585.53,9168660
2026-03-20 16:00:00+00:00,585.53,586.55,583.7,584.56,8039569
2026-03-20 17:00:00+00:00,584.56,585.04,582.01,583.1,6949844
2026-03-20 18:00:00+00:00,583.1,583.33,579.69,580.18,9884832
2026-03-20 19:00:00+00:00,580.2,580.78,577.18,580.74,21766756
2026-03-20 20:00:00+00:00,580.7,590.16,580.32,583.07,5506730
2026-03-20 21:00:00+00:00,583.05,587.01,580.69,584.92,2111507
2026-03-20 22:00:00+00:00,584.91,586.05,584.5,585.67,427941
2026-03-20 23:00:00+00:00,585.67,586.22,585.3,585.74,339310
2026-03-23 08:00:00+00:00,575.19,576.99,574.26,576.43,400480
2026-03-23 09:00:00+00:00,576.45,577.36,574.38,575.4,220256
2026-03-23 10:00:00+00:00,575.38,576.37,573.7,575.2,275942
2026-03-23 11:00:00+00:00,575.26,596.34,575.19,587.49,2691600
2026-03-23 12:00:00+00:00,592.93,596.34,572.62,592.7,3121401
2026-03-23 13:00:00+00:00,592.75,593.5,588.35,592.33,11151937
2026-03-23 14:00:00+00:00,592.33,594.43,590.58,592.56,12836864
2026-03-23 15:00:00+00:00,592.59,594.43,586.84,587.08,12169080
2026-03-23 16:00:00+00:00,587.08,589.15,585.32,586.8,15841295
2026-03-23 17:00:00+00:00,586.8,589.34,585.43,589.2,8760821
2026-03-23 18:00:00+00:00,589.2,590.86,587.97,590.31,6937598
2026-03-23 19:00:00+00:00,590.32,590.38,587.51,587.53,9952565
2026-03-23 20:00:00+00:00,587.55,588.35,586.6,587.56,5045420
2026-03-23 21:00:00+00:00,587.52,588.12,587.52,588.07,124815
2026-03-23 22:00:00+00:00,588.07,589.66,587.15,589.54,523642
2026-03-23 23:00:00+00:00,589.46,589.46,588.26,588.84,114046
2026-03-24 08:00:00+00:00,588.83,589.75,586.76,587.12,230090
2026-03-24 09:00:00+00:00,587.04,588.35,585.37,588.16,140940
2026-03-24 10:00:00+00:00,588.11,588.41,586.91,587.75,99674
2026-03-24 11:00:00+00:00,587.82,588.2,585.22,587.29,307377
2026-03-24 12:00:00+00:00,587.29,590.16,582.76,584.73,847658
2026-03-24 13:00:00+00:00,584.71,585.64,581.29,583.24,6998369
2026-03-24 14:00:00+00:00,583.22,586.31,582.29,583.88,10788844
2026-03-24 15:00:00+00:00,583.9,587.28,583.83,585.13,6476940
2026-03-24 16:00:00+00:00,585.1,586.35,583.94,584.83,4692021
2026-03-24 17:00:00+00:00,584.81,585.14,581.95,583.91,7415938
2026-03-24 18:00:00+00:00,583.91,586.39,583.09,584.68,5972711
2026-03-24 19:00:00+00:00,584.65,585.72,582.61,583.29,6781020
2026-03-24 20:00:00+00:00,583.28,591.17,583.14,587.58,6140469
2026-03-24 21:00:00+00:00,587.93,588.59,586.91,588.11,552308
2026-03-24 22:00:00+00:00,588.22,589.03,587.25,588.25,337736
2026-03-24 23:00:00+00:00,588.29,588.64,587.71,588.02,168023
2026-03-25 08:00:00+00:00,587.95,590.95,587.92,588.75,367326
2026-03-25 09:00:00+00:00,588.88,589.7,588.11,589.03,223780
2026-03-25 10:00:00+00:00,589.14,589.86,588.45,588.97,154371
2026-03-25 11:00:00+00:00,588.96,590.65,588.77,590.04,325352
2026-03-25 12:00:00+00:00,590.03,591.09,583.78,589.01,1360783
2026-03-25 13:00:00+00:00,588.91,590.72,586.79,586.97,7441820
2026-03-25 14:00:00+00:00,586.98,590.55,586.04,589.71,11804060
2026-03-25 15:00:00+00:00,589.71,589.94,585.05,587.21,12306621
2026-03-25 16:00:00+00:00,587.19,588.92,586.07,588.21,6497727
2026-03-25 17:00:00+00:00,588.21,589.92,587.2,588.34,5793829
2026-03-25 18:00:00+00:00,588.33,588.99,585.85,586.62,4717665
2026-03-25 19:00:00+00:00,586.61,587.56,585.62,587.09,7882029
2026-03-25 20:00:00+00:00,587.08,587.53,586.56,586.91,1448980
2026-03-25 21:00:00+00:00,586.77,587.11,586.65,586.88,72405
2026-03-25 22:00:00+00:00,586.88,586.88,585.66,585.68,134938
2026-03-25 23:00:00+00:00,585.66,586.15,585.01,585.92,115887
2026-03-26 08:00:00+00:00,585.16,585.16,581.97,582.88,152281
2026-03-26 09:00:00+00:00,582.82,582.91,580.91,581.98,187266
2026-03-26 10:00:00+00:00,581.93,583.1,581.62,582.47,190422
2026-03-26 11:00:00+00:00,582.52,582.77,580.6,580.7,270572
2026-03-26 12:00:00+00:00,582.61,587.45,579.95,581.07,941413
2026-03-26 13:00:00+00:00,581.1,583.77,579.81,583.35,9358225
2026-03-26 14:00:00+00:00,583.37,583.99,579.01,580.71,15385705
2026-03-26 15:00:00+00:00,580.72,581.35,579.46,580.43,7671099
2026-03-26 16:00:00+00:00,580.42,580.65,577.53,578.18,8582590
2026-03-26 17:00:00+00:00,578.19,578.65,574.68,574.9,7543040
2026-03-26 18:00:00+00:00,574.9,575.86,574.54,575.44,8207976
2026-03-26 19:00:00+00:00,575.45,575.53,572.8,573.06,16302362
2026-03-26 20:00:00+00:00,573.12,579.16,572.51,573.97,5840714
2026-03-26 21:00:00+00:00,573.93,575.37,573.91,574.74,507443
2026-03-26 22:00:00+00:00,574.44,575.56,574.18,574.94,418679
2026-03-26 23:00:00+00:00,575.21,575.57,574.46,575.16,135793
2026-03-27 08:00:00+00:00,574.56,575.93,572.97,573.28,337422
2026-03-27 09:00:00+00:00,573.28,573.97,571.53,572.13,241372
2026-03-27 10:00:00+00:00,572.21,572.84,569.64,570.02,303853
2026-03-27 11:00:00+00:00,570.02,570.97,569.09,570.38,342873
2026-03-27 12:00:00+00:00,569.81,577.76,568.81,569.2,1098109
2026-03-27 13:00:00+00:00,569.19,570.39,565.78,566.09,11397576
2026-03-27 14:00:00+00:00,566.09,567.85,565.04,566.74,12275569
2026-03-27 15:00:00+00:00,566.73,569.08,565.47,567.67,11754320
2026-03-27 16:00:00+00:00,567.68,567.84,565.12,565.83,7948375
2026-03-27 17:00:00+00:00,565.83,567.14,562.74,563.07,9048692
2026-03-27 18:00:00+00:00,563.07,563.94,562.29,562.61,8792777
2026-03-27 19:00:00+00:00,562.6,563.11,560.95,561.88,14718553
2026-03-27 20:00:00+00:00,561.89,562.41,560.12,560.58,4248793
2026-03-27 21:00:00+00:00,560.63,561.53,560.53,561.08,173469
2026-03-27 22:00:00+00:00,561.09,561.09,559.73,559.88,103813
2026-03-27 23:00:00+00:00,559.94,559.94,559.38,559.51,134011
2026-03-30 08:00:00+00:00,563.59,565.33,561.67,565.28,380119
2026-03-30 09:00:00+00:00,565.19,565.32,563.91,564.32,139510
2026-03-30 10:00:00+00:00,564.15,564.52,563.57,564.38,126376
2026-03-30 11:00:00+00:00,564.42,568.13,564.21,565.48,715044
2026-03-30 12:00:00+00:00,565.51,567.03,561.58,566.64,571017
2026-03-30 13:00:00+00:00,566.68,567.43,561.49,561.75,10210870
2026-03-30 14:00:00+00:00,561.73,563.66,560.75,563.53,10352114
2026-03-30 15:00:00+00:00,563.53,564.92,561.23,563.44,9011233
2026-03-30 16:00:00+00:00,563.43,563.56,560.87,561.35,6873900
2026-03-30 17:00:00+00:00,561.34,561.79,558.51,559.48,8880835
2026-03-30 18:00:00+00:00,559.48,559.52,557.16,557.3,7016638
2026-03-30 19:00:00+00:00,557.3,558.37,554.99,557.68,12678689
2026-03-30 20:00:00+00:00,557.67,557.86,556.64,556.97,3305321
2026-03-30 21:00:00+00:00,557.0,557.23,556.81,556.96,195960
2026-03-30 22:00:00+00:00,556.96,557.89,556.79,556.79,137887
2026-03-30 23:00:00+00:00,556.76,556.77,554.88,555.42,233235
2026-03-31 08:00:00+00:00,562.12,563.83,560.19,561.97,423163
2026-03-31 09:00:00+00:00,561.95,562.91,561.6,561.87,166439
2026-03-31 10:00:00+00:00,561.84,562.46,560.26,561.37,187362
2026-03-31 11:00:00+00:00,561.31,564.03,560.85,563.17,710801
2026-03-31 12:00:00+00:00,563.36,564.96,557.25,563.4,1022441
2026-03-31 13:00:00+00:00,563.48,568.21,563.1,568.13,9969802
2026-03-31 14:00:00+00:00,568.12,568.58,563.59,564.35,13079976
2026-03-31 15:00:00+00:00,564.36,567.92,564.34,565.24,8423009
2026-03-31 16:00:00+00:00,565.21,575.08,564.99,573.11,14288963
2026-03-31 17:00:00+00:00,573.13,575.58,572.48,572.82,12475912
2026-03-31 18:00:00+00:00,572.79,575.51,572.79,575.15,10413338
2026-03-31 19:00:00+00:00,575.14,578.0,574.61,576.51,18659597
2026-03-31 20:00:00+00:00,576.45,577.31,575.5,576.37,5029569
2026-03-31 21:00:00+00:00,576.37,576.56,576.11,576.25,491801
2026-03-31 22:00:00+00:00,576.21,578.02,575.79,577.67,460862
2026-03-31 23:00:00+00:00,577.67,579.66,577.32,579.55,273589
2026-04-01 08:00:00+00:00,580.13,583.06,578.22,580.43,634254
2026-04-01 09:00:00+00:00,580.42,580.88,578.85,580.35,224067
2026-04-01 10:00:00+00:00,580.39,582.07,579.95,581.79,230508
2026-04-01 11:00:00+00:00,581.77,583.66,581.69,583.33,567145
2026-04-01 12:00:00+00:00,583.31,584.55,576.11,580.2,1406102
2026-04-01 13:00:00+00:00,580.22,583.38,579.62,581.54,9158542
2026-04-01 14:00:00+00:00,581.54,585.16,581.31,584.93,12325072
2026-04-01 15:00:00+00:00,584.93,586.54,584.21,586.23,9367401
2026-04-01 16:00:00+00:00,586.24,586.66,585.63,586.39,5981007
2026-04-01 17:00:00+00:00,586.41,587.09,585.06,585.12,6966155
2026-04-01 18:00:00+00:00,585.11,585.31,581.69,582.53,13825720
2026-04-01 19:00:00+00:00,582.52,584.87,582.41,583.62,14937757
2026-04-01 20:00:00+00:00,583.67,583.96,583.06,583.27,3205447
2026-04-01 21:00:00+00:00,583.32,583.47,583.18,583.3,348767
2026-04-01 22:00:00+00:00,583.22,583.67,582.64,582.96,107181
2026-04-01 23:00:00+00:00,582.87,583.65,582.68,583.23,76110
2026-04-02 08:00:00+00:00,578.51,578.51,573.12,575.08,539452
2026-04-02 09:00:00+00:00,575.12,575.65,574.71,574.97,148913
2026-04-02 10:00:00+00:00,574.93,575.17,573.67,574.43,167895
2026-04-02 11:00:00+00:00,574.54,574.73,571.39,571.4,599754
2026-04-02 12:00:00+00:00,571.44,573.15,571.03,572.39,567718
2026-04-02 13:00:00+00:00,572.41,576.8,571.29,576.56,9121800
2026-04-02 14:00:00+00:00,576.57,585.41,575.6,583.19,14514746
2026-04-02 15:00:00+00:00,583.18,584.1,581.09,582.23,5786150
2026-04-02 16:00:00+00:00,582.2,583.21,580.33,581.88,4802634
2026-04-02 17:00:00+00:00,581.88,583.32,580.5,581.17,3730001
2026-04-02 18:00:00+00:00,581.18,582.9,581.18,582.32,3077099
2026-04-02 19:00:00+00:00,582.35,584.45,582.2,584.36,6062167
2026-04-02 20:00:00+00:00,584.37,584.65,583.84,584.24,1624549
2026-04-02 21:00:00+00:00,584.23,584.26,583.92,584.0,192861
2026-04-02 22:00:00+00:00,584.01,584.25,583.37,583.96,117835
2026-04-02 23:00:00+00:00,583.86,584.21,583.62,584.16,79030
2026-04-06 08:00:00+00:00,586.31,588.6,584.16,588.03,350507
2026-04-06 09:00:00+00:00,588.07,588.7,587.14,587.24,117726
2026-04-06 10:00:00+00:00,587.24,587.77,585.78,586.76,156228
2026-04-06 11:00:00+00:00,586.75,586.76,585.96,586.53,177352
2026-04-06 12:00:00+00:00,586.51,587.27,583.9,586.58,278340
2026-04-06 13:00:00+00:00,586.58,589.02,585.09,588.9,5890791
2026-04-06 14:00:00+00:00,588.91,589.96,585.44,586.5,7793301
2026-04-06 15:00:00+00:00,586.51,587.24,585.17,586.88,3876799
2026-04-06 16:00:00+00:00,586.91,587.45,585.95,586.57,2752939
2026-04-06 17:00:00+00:00,586.57,587.14,584.05,585.46,4430473
2026-04-06 18:00:00+00:00,585.48,587.85,585.06,587.55,3548777
2026-04-06 19:00:00+00:00,587.55,588.18,586.99,587.87,4094400
2026-04-06 20:00:00+00:00,587.85,587.98,587.2,587.53,1505572
2026-04-06 21:00:00+00:00,587.58,587.93,587.35,587.52,123985
2026-04-06 22:00:00+00:00,587.71,588.32,586.41,586.5,141126
2026-04-06 23:00:00+00:00,586.45,587.16,586.37,586.4,95192
2026-04-07 08:00:00+00:00,584.88,588.35,584.05,587.89,287669
2026-04-07 09:00:00+00:00,587.81,589.25,587.64,588.54,137636
2026-04-07 10:00:00+00:00,588.4,588.59,583.57,583.96,361533
2026-04-07 11:00:00+00:00,584.06,585.31,583.36,584.15,443082
2026-04-07 12:00:00+00:00,584.17,585.82,582.33,584.27,837295
2026-04-07 13:00:00+00:00,584.21,586.42,582.01,582.07,4732775
2026-04-07 14:00:00+00:00,582.04,582.6,579.05,579.39,7955357
2026-04-07 15:00:00+00:00,579.39,582.34,577.76,581.76,5204546
2026-04-07 16:00:00+00:00,581.82,584.98,581.72,584.05,4485358
2026-04-07 17:00:00+00:00,584.04,586.35,583.26,584.59,4262843
2026-04-07 18:00:00+00:00,584.58,584.9,581.02,581.62,3712555
2026-04-07 19:00:00+00:00,581.62,588.33,581.18,588.04,10387885
2026-04-07 20:00:00+00:00,588.03,589.95,587.5,588.73,2191097
2026-04-07 21:00:00+00:00,588.71,590.34,588.51,590.34,818941
2026-04-07 22:00:00+00:00,590.35,601.28,588.05,601.02,2325444
2026-04-07 23:00:00+00:00,601.1,605.2,599.16,604.51,2004616
2026-04-08 08:00:00+00:00,606.59,608.63,604.92,608.53,721219
2026-04-08 09:00:00+00:00,608.48,609.15,607.73,608.1,252983
2026-04-08 10:00:00+00:00,608.08,608.81,607.78,608.15,215234
2026-04-08 11:00:00+00:00,608.15,608.83,607.55,608.22,570816
2026-04-08 12:00:00+00:00,608.2,609.4,606.95,608.37,1170049
2026-04-08 13:00:00+00:00,608.37,609.23,604.75,605.11,12129513
2026-04-08 14:00:00+00:00,605.14,605.66,601.46,603.02,10565015
2026-04-08 15:00:00+00:00,603.05,605.37,602.69,605.12,6435183
2026-04-08 16:00:00+00:00,605.11,607.04,604.74,606.68,4737371
2026-04-08 17:00:00+00:00,606.68,607.03,604.83,605.54,4826131
2026-04-08 18:00:00+00:00,605.53,606.43,602.01,602.12,7105663
2026-04-08 19:00:00+00:00,602.11,605.48,601.89,605.22,9793697
2026-04-08 20:00:00+00:00,605.2,605.69,604.16,604.24,4067973
2026-04-08 21:00:00+00:00,604.16,604.45,603.86,604.39,263047
2026-04-08 22:00:00+00:00,604.22,604.81,603.62,604.04,319687
2026-04-08 23:00:00+00:00,604.04,604.61,603.81,603.86,102377
2026-04-09 08:00:00+00:00,602.64,604.73,602.24,602.74,396650
2026-04-09 09:00:00+00:00,602.59,603.8,602.52,603.8,65060
2026-04-09 10:00:00+00:00,603.82,604.01,602.94,603.01,120036
2026-04-09 11:00:00+00:00,602.95,604.25,602.82,604.16,255631
2026-04-09 12:00:00+00:00,604.06,604.83,603.75,603.97,407956
2026-04-09 13:00:00+00:00,604.06,606.0,603.46,604.02,4486323
2026-04-09 14:00:00+00:00,604.08,604.67,602.37,604.31,5320839
2026-04-09 15:00:00+00:00,604.29,608.09,603.72,607.9,5888710
2026-04-09 16:00:00+00:00,607.9,609.69,607.24,608.04,4882621
2026-04-09 17:00:00+00:00,608.06,609.49,607.85,608.78,3507548
2026-04-09 18:00:00+00:00,608.79,608.9,606.83,607.7,3558758
2026-04-09 19:00:00+00:00,607.7,609.83,607.6,609.37,6258609
2026-04-09 20:00:00+00:00,609.37,609.53,606.54,609.32,2515993
2026-04-09 21:00:00+00:00,609.29,609.43,608.5,608.93,130445
2026-04-09 22:00:00+00:00,609.09,609.5,608.31,608.37,146140
2026-04-09 23:00:00+00:00,608.38,609.0,608.05,608.73,73363
2026-04-10 08:00:00+00:00,609.36,610.57,608.39,608.55,747558
2026-04-10 09:00:00+00:00,608.59,610.06,608.47,609.74,190728
2026-04-10 10:00:00+00:00,609.75,610.33,609.3,610.11,82566
2026-04-10 11:00:00+00:00,610.04,610.75,609.87,610.03,206751
2026-04-10 12:00:00+00:00,610.08,612.33,609.06,610.86,455264
2026-04-10 13:00:00+00:00,610.81,612.44,610.57,611.2,3959583
2026-04-10 14:00:00+00:00,611.19,612.54,609.99,612.03,5976530
2026-04-10 15:00:00+00:00,612.0,613.0,609.47,609.93,4236478
2026-04-10 16:00:00+00:00,609.94,610.82,608.91,609.95,4332256
2026-04-10 17:00:00+00:00,609.95,610.18,608.94,610.11,1942889
2026-04-10 18:00:00+00:00,610.11,610.31,609.33,609.84,2003633
2026-04-10 19:00:00+00:00,609.85,610.81,609.79,610.35,7377616
2026-04-10 20:00:00+00:00,610.33,611.67,610.2,611.54,2356881
2026-04-10 21:00:00+00:00,611.39,611.53,611.0,611.17,97920
2026-04-10 22:00:00+00:00,611.14,611.14,610.47,611.04,71812
2026-04-10 23:00:00+00:00,611.06,611.86,610.6,611.82,185071
2026-04-13 08:00:00+00:00,605.53,606.78,604.81,606.02,270809
2026-04-13 09:00:00+00:00,606.23,606.8,606.16,606.41,52666
2026-04-13 10:00:00+00:00,606.5,607.38,606.25,607.36,80209
2026-04-13 11:00:00+00:00,607.46,608.26,602.02,605.74,531236
2026-04-13 12:00:00+00:00,605.73,609.94,605.38,607.62,328938
2026-04-13 13:00:00+00:00,607.63,611.05,607.4,610.97,4978645
2026-04-13 14:00:00+00:00,611.02,612.21,609.49,612.04,4754734
2026-04-13 15:00:00+00:00,612.04,612.11,610.75,611.02,2439800
2026-04-13 16:00:00+00:00,611.02,614.03,610.4,613.47,5764612
2026-04-13 17:00:00+00:00,613.5,614.15,613.15,613.32,2624030
2026-04-13 18:00:00+00:00,613.33,614.52,613.14,614.3,2277884
2026-04-13 19:00:00+00:00,614.3,626.05,613.98,616.64,6077816
2026-04-13 20:00:00+00:00,616.62,617.79,616.5,617.73,2603294
2026-04-13 21:00:00+00:00,617.72,617.79,617.32,617.52,134053
2026-04-13 22:00:00+00:00,617.43,618.02,617.26,617.92,126484
2026-04-13 23:00:00+00:00,617.98,618.52,617.72,617.77,135509
2026-04-14 08:00:00+00:00,617.77,619.73,617.32,619.63,262251
2026-04-14 09:00:00+00:00,619.78,619.97,618.99,619.09,129166
2026-04-14 10:00:00+00:00,619.09,619.53,618.72,618.82,97033
2026-04-14 11:00:00+00:00,618.78,620.46,618.67,619.77,300136
2026-04-14 12:00:00+00:00,619.82,621.03,616.25,620.04,493494
2026-04-14 13:00:00+00:00,619.98,622.08,619.31,621.09,6828114
2026-04-14 14:00:00+00:00,621.06,623.42,620.86,623.12,6929756
2026-04-14 15:00:00+00:00,623.11,625.42,622.08,624.75,7887975
2026-04-14 16:00:00+00:00,624.74,626.27,624.69,625.68,5463245
2026-04-14 17:00:00+00:00,625.69,627.01,625.63,626.73,5293896
2026-04-14 18:00:00+00:00,626.74,626.89,624.99,625.76,4891360
2026-04-14 19:00:00+00:00,625.75,627.91,625.69,627.88,8414987
2026-04-14 20:00:00+00:00,627.84,627.91,627.17,627.64,2577499
2026-04-14 21:00:00+00:00,627.69,627.91,627.36,627.51,172821
2026-04-14 22:00:00+00:00,627.51,628.11,627.31,627.77,179351
2026-04-14 23:00:00+00:00,627.75,628.68,627.69,628.23,125723
2026-04-15 08:00:00+00:00,628.24,629.09,627.03,628.66,339071
2026-04-15 09:00:00+00:00,628.71,628.81,627.3,627.3,135177
2026-04-15 10:00:00+00:00,627.28,627.77,626.26,627.44,225081
2026-04-15 11:00:00+00:00,627.51,628.91,627.22,627.86,235717
2026-04-15 12:00:00+00:00,627.78,628.03,626.93,627.64,280312
2026-04-15 13:00:00+00:00,627.67,629.58,627.41,629.53,5766689
2026-04-15 14:00:00+00:00,629.57,632.07,629.04,631.78,6431896
2026-04-15 15:00:00+00:00,631.81,633.04,631.2,632.58,5254112
2026-04-15 16:00:00+00:00,632.57,633.87,630.26,631.27,7318676
2026-04-15 17:00:00+00:00,631.28,633.1,631.09,632.38,5397728
2026-04-15 18:00:00+00:00,632.37,635.38,631.99,635.11,5462891
2026-04-15 19:00:00+00:00,635.11,637.13,634.84,636.66,9255008
2026-04-15 20:00:00+00:00,636.66,636.81,632.3,636.5,3684311
2026-04-15 21:00:00+00:00,636.44,636.44,636.2,636.33,74939
2026-04-15 22:00:00+00:00,636.33,637.28,636.22,637.2,185651
2026-04-15 23:00:00+00:00,637.22,637.79,637.14,637.66,148361
2026-04-16 08:00:00+00:00,638.62,639.66,637.88,638.6,393578
2026-04-16 09:00:00+00:00,638.56,638.96,638.46,638.82,81298
2026-04-16 10:00:00+00:00,638.95,639.13,636.75,637.73,273155
2026-04-16 11:00:00+00:00,637.73,638.18,637.2,638.05,236605
2026-04-16 12:00:00+00:00,638.06,638.34,636.22,637.64,319242
2026-04-16 13:00:00+00:00,637.68,638.88,634.56,635.65,5385323
2026-04-16 14:00:00+00:00,635.63,638.1,634.9,637.66,5920732
2026-04-16 15:00:00+00:00,637.66,640.97,637.66,640.83,6329522
2026-04-16 16:00:00+00:00,640.81,641.47,638.32,639.34,4583375
2026-04-16 17:00:00+00:00,639.37,640.22,638.35,639.05,3780200
2026-04-16 18:00:00+00:00,639.05,639.61,636.5,638.44,5498778
2026-04-16 19:00:00+00:00,638.45,640.19,638.39,639.71,6529033
2026-04-16 20:00:00+00:00,639.68,639.8,638.57,639.22,2720181
2026-04-16 21:00:00+00:00,639.21,639.26,638.61,638.87,251621
2026-04-16 22:00:00+00:00,638.88,639.7,638.78,639.44,162815
2026-04-16 23:00:00+00:00,639.41,639.71,639.31,639.54,41399
2026-04-17 08:00:00+00:00,639.4,640.7,638.85,640.68,160953
2026-04-17 09:00:00+00:00,640.64,641.17,640.41,641.1,87940
2026-04-17 10:00:00+00:00,641.1,641.32,640.36,640.95,74150
2026-04-17 11:00:00+00:00,640.89,641.9,640.78,641.83,227504
2026-04-17 12:00:00+00:00,641.83,646.12,639.29,646.09,1339372
2026-04-17 13:00:00+00:00,646.04,647.79,643.36,645.74,8070294
2026-04-17 14:00:00+00:00,645.75,648.7,645.44,648.05,8460986
2026-04-17 15:00:00+00:00,648.07,649.19,647.32,647.44,7982682
2026-04-17 16:00:00+00:00,647.44,649.29,647.15,648.74,6230813
2026-04-17 17:00:00+00:00,648.75,649.16,645.77,647.5,5646145
2026-04-17 18:00:00+00:00,647.5,647.82,646.23,646.94,4714822
2026-04-17 19:00:00+00:00,646.94,648.14,646.3,648.02,6733155
2026-04-17 20:00:00+00:00,648.0,648.41,647.73,648.35,3686109
2026-04-17 21:00:00+00:00,648.29,648.5,648.15,648.36,153213
2026-04-17 22:00:00+00:00,648.38,648.49,648.0,648.03,58134
2026-04-17 23:00:00+00:00,648.04,648.53,647.9,648.26,54549
2026-04-20 08:00:00+00:00,643.67,645.43,642.87,644.89,273557
2026-04-20 09:00:00+00:00,644.84,645.39,644.7,644.88,57144
2026-04-20 10:00:00+00:00,644.88,645.74,644.76,644.92,79710
2026-04-20 11:00:00+00:00,645.0,645.53,644.52,645.21,245566
2026-04-20 12:00:00+00:00,645.26,648.62,645.02,646.2,363355
2026-04-20 13:00:00+00:00,646.16,648.05,645.37,646.94,4064156
2026-04-20 14:00:00+00:00,646.96,647.11,642.87,643.44,11217270
2026-04-20 15:00:00+00:00,643.45,645.19,641.81,643.96,5557946
2026-04-20 16:00:00+00:00,643.96,644.95,643.52,644.46,2404277
2026-04-20 17:00:00+00:00,644.48,645.6,644.04,645.15,2391062
2026-04-20 18:00:00+00:00,645.19,646.1,644.91,645.72,2899221
2026-04-20 19:00:00+00:00,645.73,646.24,645.21,646.09,4448303
2026-04-20 20:00:00+00:00,646.06,647.57,645.73,646.79,2916821
2026-04-20 21:00:00+00:00,646.67,646.79,646.26,646.61,129832
2026-04-20 22:00:00+00:00,646.64,647.72,646.44,647.58,102351
2026-04-20 23:00:00+00:00,647.59,647.59,647.18,647.26,47084
2026-04-21 08:00:00+00:00,647.99,648.79,647.43,648.38,115662
2026-04-21 09:00:00+00:00,648.16,648.57,647.63,648.42,61517
2026-04-21 10:00:00+00:00,648.48,649.46,648.33,649.17,126049
2026-04-21 11:00:00+00:00,649.19,649.88,648.44,649.16,345406
2026-04-21 12:00:00+00:00,649.22,649.38,647.82,648.02,396844
2026-04-21 13:00:00+00:00,648.02,648.38,645.29,648.37,4533235
2026-04-21 14:00:00+00:00,648.39,649.49,645.78,645.91,5500252
2026-04-21 15:00:00+00:00,645.92,647.13,644.17,645.8,5117070
2026-04-21 16:00:00+00:00,645.86,647.03,644.26,644.33,3017102
2026-04-21 17:00:00+00:00,644.35,646.71,642.66,645.0,4957848
2026-04-21 18:00:00+00:00,645.0,646.18,644.07,645.63,2870190
2026-04-21 19:00:00+00:00,645.63,647.12,641.5,643.59,9319683
2026-04-21 20:00:00+00:00,643.61,647.28,642.66,645.6,2992019
2026-04-21 21:00:00+00:00,645.67,645.89,645.48,645.89,151803
2026-04-21 22:00:00+00:00,645.78,646.35,645.75,645.97,182404
2026-04-21 23:00:00+00:00,645.95,646.84,645.84,646.78,88991
2026-04-22 08:00:00+00:00,648.09,649.05,646.8,648.03,325185
2026-04-22 09:00:00+00:00,647.91,648.96,647.7,648.15,124693
2026-04-22 10:00:00+00:00,648.2,648.68,647.66,648.19,83730
2026-04-22 11:00:00+00:00,648.11,648.43,647.65,648.34,117735
2026-04-22 12:00:00+00:00,648.34,649.9,647.99,648.02,540088
2026-04-22 13:00:00+00:00,648.05,649.75,647.81,649.04,3653460
2026-04-22 14:00:00+00:00,649.04,652.46,648.76,651.63,7646172
2026-04-22 15:00:00+00:00,651.62,652.51,650.89,651.83,3702232
2026-04-22 16:00:00+00:00,651.84,652.4,651.31,651.53,2323679
2026-04-22 17:00:00+00:00,651.51,653.53,651.51,653.06,3623252
2026-04-22 18:00:00+00:00,653.07,653.33,652.17,652.68,2800026
2026-04-22 19:00:00+00:00,652.68,654.61,651.81,654.36,8342704
2026-04-22 20:00:00+00:00,654.34,655.62,654.08,654.98,3461610
2026-04-22 21:00:00+00:00,655.0,655.27,654.08,654.18,489273
2026-04-22 22:00:00+00:00,654.1,654.75,654.01,654.52,234894
2026-04-22 23:00:00+00:00,654.53,654.83,654.38,654.73,86646
2026-04-23 08:00:00+00:00,655.48,655.48,649.89,650.72,234845
2026-04-23 09:00:00+00:00,650.64,651.48,649.89,651.04,142013
2026-04-23 10:00:00+00:00,651.0,652.08,650.48,651.91,122129
2026-04-23 11:00:00+00:00,651.98,653.62,651.05,653.14,420982
2026-04-23 12:00:00+00:00,653.11,654.88,651.45,652.61,511120
2026-04-23 13:00:00+00:00,652.73,654.9,651.59,652.86,3660661
2026-04-23 14:00:00+00:00,652.86,654.98,651.68,654.69,4377678
2026-04-23 15:00:00+00:00,654.7,656.2,653.93,654.69,3374198
2026-04-23 16:00:00+00:00,654.7,655.3,653.4,654.54,2415344
2026-04-23 17:00:00+00:00,654.56,654.81,644.81,649.57,11601694
2026-04-23 18:00:00+00:00,649.57,652.02,648.67,649.14,4273921
2026-04-23 19:00:00+00:00,649.09,651.13,648.63,650.69,5275560
2026-04-23 20:00:00+00:00,650.67,652.16,650.32,650.97,2965151
2026-04-23 21:00:00+00:00,651.19,652.78,651.06,652.71,382176
2026-04-23 22:00:00+00:00,652.71,653.76,652.39,653.52,425321
2026-04-23 23:00:00+00:00,653.58,654.44,653.32,654.44,114362
2026-04-24 08:00:00+00:00,654.36,656.36,653.17,655.02,186633
2026-04-24 09:00:00+00:00,655.05,655.61,654.28,655.2,124372
2026-04-24 10:00:00+00:00,655.4,657.32,655.39,656.97,166256
2026-04-24 11:00:00+00:00,656.83,661.45,656.81,659.33,874814
2026-04-24 12:00:00+00:00,659.34,660.23,651.19,658.49,594216
2026-04-24 13:00:00+00:00,658.54,659.1,655.81,657.3,5939840
2026-04-24 14:00:00+00:00,657.3,659.82,656.51,659.66,6616339
2026-04-24 15:00:00+00:00,659.67,662.71,659.58,662.21,6694520
2026-04-24 16:00:00+00:00,662.18,663.01,661.33,662.53,3687756
2026-04-24 17:00:00+00:00,662.57,663.78,661.5,663.08,3104169
2026-04-24 18:00:00+00:00,663.07,663.33,661.94,662.54,4064099
2026-04-24 19:00:00+00:00,662.54,663.65,662.47,663.2,9358143
2026-04-24 20:00:00+00:00,663.19,663.4,662.46,663.26,3905490
2026-04-24 21:00:00+00:00,663.27,663.27,662.68,662.82,204243
2026-04-24 22:00:00+00:00,662.86,662.89,662.7,662.77,56197
2026-04-24 23:00:00+00:00,662.8,663.02,662.7,662.73,100432
2026-04-27 08:00:00+00:00,663.59,665.82,662.21,663.46,282733
2026-04-27 09:00:00+00:00,663.46,664.08,663.35,663.79,98498
2026-04-27 10:00:00+00:00,663.84,664.46,663.47,664.29,112167
2026-04-27 11:00:00+00:00,664.27,664.87,664.25,664.47,193548
2026-04-27 12:00:00+00:00,664.42,664.49,662.22,662.88,387130
2026-04-27 13:00:00+00:00,662.83,663.25,659.96,662.47,6009651
2026-04-27 14:00:00+00:00,662.47,662.68,660.54,661.65,5802311
2026-04-27 15:00:00+00:00,661.66,662.0,660.21,661.61,3010141
2026-04-27 16:00:00+00:00,661.66,662.6,661.17,662.21,2394251
2026-04-27 17:00:00+00:00,662.21,663.39,661.92,663.13,3072035
2026-04-27 18:00:00+00:00,663.11,663.65,662.23,662.46,4257151
2026-04-27 19:00:00+00:00,662.44,663.7,662.2,663.55,5245463
2026-04-27 20:00:00+00:00,663.56,663.56,661.28,662.98,1621624
2026-04-27 21:00:00+00:00,663.15,663.5,662.98,663.16,77070
2026-04-27 22:00:00+00:00,663.04,664.83,663.02,664.49,162101
2026-04-27 23:00:00+00:00,664.54,664.95,664.28,664.58,47029
2026-04-28 08:00:00+00:00,662.27,663.48,660.22,661.38,292608
2026-04-28 09:00:00+00:00,661.37,661.45,659.04,659.7,201264
2026-04-28 10:00:00+00:00,659.68,660.07,658.59,659.19,147949
2026-04-28 11:00:00+00:00,659.13,659.33,654.78,655.14,743095
2026-04-28 12:00:00+00:00,655.15,656.55,653.78,656.44,828948
2026-04-28 13:00:00+00:00,656.43,658.92,654.56,657.75,6330695
2026-04-28 14:00:00+00:00,657.66,658.48,653.14,655.05,6410030
2026-04-28 15:00:00+00:00,655.04,655.7,653.09,654.14,3837420
2026-04-28 16:00:00+00:00,654.16,655.14,653.53,654.86,3242098
2026-04-28 17:00:00+00:00,654.88,656.31,653.98,656.27,2039191
2026-04-28 18:00:00+00:00,656.25,657.53,655.66,657.52,2547952
2026-04-28 19:00:00+00:00,657.53,658.24,655.66,656.85,5746975
2026-04-28 20:00:00+00:00,656.86,657.73,656.34,657.41,1620404
2026-04-28 21:00:00+00:00,657.37,657.61,656.83,656.83,226465
2026-04-28 22:00:00+00:00,657.64,658.37,657.58,658.13,83393
2026-04-28 23:00:00+00:00,658.21,658.77,657.98,658.66,50917
2026-04-29 08:00:00+00:00,659.17,660.46,657.68,658.76,175475
2026-04-29 09:00:00+00:00,658.58,659.4,658.28,658.53,68883
2026-04-29 10:00:00+00:00,658.14,659.81,658.03,659.21,86108
2026-04-29 11:00:00+00:00,659.24,659.72,658.48,658.96,212131
2026-04-29 12:00:00+00:00,658.87,658.88,657.5,658.3,242612
2026-04-29 13:00:00+00:00,658.34,658.91,655.87,658.21,3573053
2026-04-29 14:00:00+00:00,658.2,660.5,657.18,660.18,3904529
2026-04-29 15:00:00+00:00,660.19,660.34,657.7,658.65,3850590
2026-04-29 16:00:00+00:00,658.64,659.43,656.56,657.69,3190569
2026-04-29 17:00:00+00:00,657.73,658.96,656.97,658.85,2068631
2026-04-29 18:00:00+00:00,658.88,660.08,656.67,659.96,3704724
2026-04-29 19:00:00+00:00,659.95,660.99,658.96,660.88,5868159
2026-04-29 20:00:00+00:00,660.91,662.73,655.03,656.4,3449767
2026-04-29 21:00:00+00:00,656.48,660.27,656.38,659.72,428676
2026-04-29 22:00:00+00:00,659.47,664.87,657.95,664.2,817099
2026-04-29 23:00:00+00:00,664.18,666.17,663.76,666.14,230031
2026-04-30 08:00:00+00:00,663.27,663.27,657.45,661.65,400940
2026-04-30 09:00:00+00:00,661.76,663.52,660.94,661.98,148894
2026-04-30 10:00:00+00:00,661.88,663.34,661.5,661.94,185410
2026-04-30 11:00:00+00:00,661.88,664.79,661.87,663.53,451311
2026-04-30 12:00:00+00:00,663.55,666.02,660.35,665.52,458623
2026-04-30 13:00:00+00:00,665.52,665.89,657.88,658.86,6331804
2026-04-30 14:00:00+00:00,658.88,661.97,656.84,661.56,7439961
2026-04-30 15:00:00+00:00,661.59,663.46,660.91,662.24,3851622
2026-04-30 16:00:00+00:00,662.26,663.37,661.3,661.8,3219218
2026-04-30 17:00:00+00:00,661.84,666.09,661.82,665.95,4125438
2026-04-30 18:00:00+00:00,665.98,667.15,665.93,666.16,4042217
2026-04-30 19:00:00+00:00,666.16,668.17,665.96,666.87,7139661
2026-04-30 20:00:00+00:00,666.84,667.79,666.5,667.27,2132684
2026-04-30 21:00:00+00:00,667.29,668.76,666.17,668.06,521156
2026-04-30 22:00:00+00:00,668.05,668.43,666.33,666.77,220749
2026-04-30 23:00:00+00:00,666.91,667.86,666.82,667.16,85995
2026-05-01 08:00:00+00:00,667.62,668.61,666.57,666.81,152968
2026-05-01 09:00:00+00:00,666.79,667.03,666.35,666.96,41885
2026-05-01 10:00:00+00:00,666.97,667.2,665.89,666.94,104572
2026-05-01 11:00:00+00:00,666.96,667.03,666.19,666.77,121703
2026-05-01 12:00:00+00:00,666.78,668.27,666.37,667.04,382433
2026-05-01 13:00:00+00:00,667.06,674.22,667.06,674.22,6627790
2026-05-01 14:00:00+00:00,674.24,675.02,671.27,672.79,7741238
2026-05-01 15:00:00+00:00,672.83,675.23,671.73,674.62,5791343
2026-05-01 16:00:00+00:00,674.61,674.87,672.59,673.19,4127827
2026-05-01 17:00:00+00:00,673.18,674.79,673.15,674.48,2152095
2026-05-01 18:00:00+00:00,674.48,674.65,672.35,673.02,3042099
2026-05-01 19:00:00+00:00,673.03,674.92,672.92,673.42,5815080
2026-05-01 20:00:00+00:00,673.35,673.45,671.41,672.2,2859919
2026-05-01 21:00:00+00:00,672.25,673.27,672.24,673.08,209964
2026-05-01 22:00:00+00:00,673.09,673.21,672.83,672.99,92562
2026-05-01 23:00:00+00:00,673.0,673.15,672.76,672.81,44818
2026-05-04 08:00:00+00:00,675.26,676.61,674.17,674.9,263330
2026-05-04 09:00:00+00:00,674.82,675.61,674.66,674.9,105782
2026-05-04 10:00:00+00:00,674.79,674.88,669.34,672.89,601563
2026-05-04 11:00:00+00:00,672.94,673.76,672.14,673.32,251026
2026-05-04 12:00:00+00:00,673.4,674.53,673.33,673.59,314557
2026-05-04 13:00:00+00:00,673.66,674.93,672.35,674.87,3497369
2026-05-04 14:00:00+00:00,674.86,675.99,673.71,674.56,4743779
2026-05-04 15:00:00+00:00,674.59,675.35,670.12,671.04,6209854
2026-05-04 16:00:00+00:00,671.04,671.34,668.17,670.4,4740886
2026-05-04 17:00:00+00:00,670.35,672.71,670.33,672.43,3265356
2026-05-04 18:00:00+00:00,672.43,673.05,670.65,671.65,2231016
2026-05-04 19:00:00+00:00,671.68,672.46,671.17,672.14,5701341
2026-05-04 20:00:00+00:00,672.09,672.14,671.12,671.18,2355399
2026-05-04 21:00:00+00:00,671.26,671.61,671.21,671.59,258308
2026-05-04 22:00:00+00:00,671.52,672.26,671.24,671.39,87902
2026-05-04 23:00:00+00:00,671.44,671.66,671.05,671.26,62816
2026-05-05 08:00:00+00:00,674.11,676.04,673.24,675.78,206402
2026-05-05 09:00:00+00:00,675.62,676.41,675.33,675.91,78233
2026-05-05 10:00:00+00:00,675.97,676.52,675.63,675.89,85074
2026-05-05 11:00:00+00:00,675.88,676.19,675.08,676.15,213510
2026-05-05 12:00:00+00:00,676.11,677.61,675.79,676.89,350938
2026-05-05 13:00:00+00:00,676.9,680.17,676.77,679.47,5104370
2026-05-05 14:00:00+00:00,679.48,680.83,678.26,679.78,5613743
2026-05-05 15:00:00+00:00,679.8,681.06,679.59,680.56,5691719
2026-05-05 16:00:00+00:00,680.57,681.19,679.67,680.52,2549229
2026-05-05 17:00:00+00:00,680.53,681.54,680.12,681.35,4884762
2026-05-05 18:00:00+00:00,681.34,681.97,681.2,681.56,4119684
2026-05-05 19:00:00+00:00,681.55,682.02,680.12,680.78,4623456
2026-05-05 20:00:00+00:00,680.76,683.41,680.24,682.54,2748886
2026-05-05 21:00:00+00:00,682.49,683.65,682.29,683.5,412578
2026-05-05 22:00:00+00:00,683.61,687.51,683.47,686.52,369822
2026-05-05 23:00:00+00:00,686.64,686.82,685.87,686.5,183724
2026-05-06 08:00:00+00:00,685.95,690.03,684.97,689.24,337955
2026-05-06 09:00:00+00:00,689.22,690.02,687.64,689.84,336588
2026-05-06 10:00:00+00:00,689.89,692.38,689.76,691.72,371158
2026-05-06 11:00:00+00:00,691.7,692.93,690.06,690.6,556735
2026-05-06 12:00:00+00:00,690.56,690.62,687.99,688.66,562259
2026-05-06 13:00:00+00:00,688.65,689.76,685.73,688.87,6012978
2026-05-06 14:00:00+00:00,688.87,690.83,686.86,690.52,6313604
2026-05-06 15:00:00+00:00,690.52,691.71,690.07,691.12,3849104
2026-05-06 16:00:00+00:00,691.12,692.1,689.98,690.57,2979546
2026-05-06 17:00:00+00:00,690.61,692.29,690.34,692.05,2344887
2026-05-06 18:00:00+00:00,692.04,693.63,691.87,693.01,3051054
2026-05-06 19:00:00+00:00,692.98,695.17,692.94,694.81,8582531
2026-05-06 20:00:00+00:00,694.78,696.87,694.07,694.79,2799742
2026-05-06 21:00:00+00:00,694.74,695.59,692.79,693.02,413488
2026-05-06 22:00:00+00:00,692.99,694.43,692.99,693.74,347020
2026-05-06 23:00:00+00:00,693.78,694.3,693.48,693.75,66195
2026-05-07 08:00:00+00:00,695.77,697.34,694.26,695.5,285693
2026-05-07 09:00:00+00:00,695.35,696.1,694.92,695.25,97890
2026-05-07 10:00:00+00:00,695.3,695.63,694.43,695.35,124181
2026-05-07 11:00:00+00:00,695.28,695.83,694.74,695.42,245640
2026-05-07 12:00:00+00:00,695.29,696.04,694.46,695.9,356174
2026-05-07 13:00:00+00:00,695.88,697.08,694.78,696.5,4358734
2026-05-07 14:00:00+00:00,696.5,700.47,696.47,700.06,6197282
2026-05-07 15:00:00+00:00,700.06,700.1,696.34,696.6,4059752
2026-05-07 16:00:00+00:00,696.59,696.68,693.03,694.45,5912443
2026-05-07 17:00:00+00:00,694.5,694.85,691.01,694.46,5496550
2026-05-07 18:00:00+00:00,694.47,695.02,691.72,693.18,4949574
2026-05-07 19:00:00+00:00,693.22,694.79,691.82,694.17,8428227
2026-05-07 20:00:00+00:00,694.13,696.13,692.97,693.15,2335446
2026-05-07 21:00:00+00:00,693.3,693.41,689.99,690.6,563963
2026-05-07 22:00:00+00:00,690.74,693.78,690.6,692.45,447518
2026-05-07 23:00:00+00:00,692.34,694.02,692.32,693.97,61655
2026-05-08 08:00:00+00:00,697.07,698.84,696.23,698.7,217137
2026-05-08 09:00:00+00:00,698.74,699.57,698.02,698.48,155841
2026-05-08 10:00:00+00:00,698.51,699.36,698.26,698.74,86640
2026-05-08 11:00:00+00:00,698.74,699.97,698.73,699.54,214880
2026-05-08 12:00:00+00:00,699.51,701.44,693.66,699.92,684338
2026-05-08 13:00:00+00:00,699.91,704.67,696.49,704.56,5184638
2026-05-08 14:00:00+00:00,704.55,706.17,703.8,705.9,6598032
2026-05-08 15:00:00+00:00,705.9,707.25,705.02,706.62,6565898
2026-05-08 16:00:00+00:00,706.66,708.01,706.63,707.84,4354218
2026-05-08 17:00:00+00:00,707.84,709.72,707.7,708.42,4416206
2026-05-08 18:00:00+00:00,708.43,709.37,707.77,707.81,3870810
2026-05-08 19:00:00+00:00,707.81,710.36,707.77,710.33,9448661
2026-05-08 20:00:00+00:00,710.33,711.34,709.98,710.17,2251838
2026-05-08 21:00:00+00:00,710.16,710.72,710.16,710.52,225189
2026-05-08 22:00:00+00:00,710.53,711.85,710.52,711.02,112089
2026-05-08 23:00:00+00:00,711.09,711.62,710.91,711.22,85889
2026-05-11 08:00:00+00:00,709.99,710.78,708.59,709.41,304665
2026-05-11 09:00:00+00:00,709.49,710.98,709.4,709.84,113673
2026-05-11 10:00:00+00:00,709.77,710.18,709.21,709.48,83733
2026-05-11 11:00:00+00:00,709.45,711.55,709.44,710.63,259709
2026-05-11 12:00:00+00:00,710.56,710.71,708.45,709.3,346551
2026-05-11 13:00:00+00:00,709.35,712.72,708.97,709.67,5755773
2026-05-11 14:00:00+00:00,709.67,712.26,708.13,711.6,6036855
2026-05-11 15:00:00+00:00,711.6,713.62,710.86,713.4,4168273
2026-05-11 16:00:00+00:00,713.41,713.81,711.13,711.97,3090335
2026-05-11 17:00:00+00:00,711.97,713.68,711.31,712.83,2857551
2026-05-11 18:00:00+00:00,712.81,713.65,711.51,711.53,3478217
2026-05-11 19:00:00+00:00,711.57,712.67,711.09,712.6,5979490
2026-05-11 20:00:00+00:00,712.58,712.6,710.04,711.79,3384918
2026-05-11 21:00:00+00:00,711.65,711.88,711.47,711.81,206658
2026-05-11 22:00:00+00:00,711.88,713.16,711.88,712.96,93927
2026-05-11 23:00:00+00:00,712.98,713.12,712.35,712.56,43987
2026-05-12 08:00:00+00:00,708.66,710.31,706.22,707.42,264209
2026-05-12 09:00:00+00:00,707.39,708.19,706.54,707.56,106285
2026-05-12 10:00:00+00:00,707.63,708.24,706.77,707.27,123349
2026-05-12 11:00:00+00:00,707.31,707.48,705.51,706.31,344062
2026-05-12 12:00:00+00:00,706.33,711.97,704.23,707.66,799267
2026-05-12 13:00:00+00:00,707.62,709.4,704.9,705.32,5142127
2026-05-12 14:00:00+00:00,705.29,707.7,702.18,702.53,6396188
2026-05-12 15:00:00+00:00,702.51,702.92,698.03,698.26,7897164
2026-05-12 16:00:00+00:00,698.27,700.15,695.87,696.03,4982150
2026-05-12 17:00:00+00:00,696.05,700.52,696.05,700.27,4961739
2026-05-12 18:00:00+00:00,700.24,702.38,700.08,701.1,4196857
2026-05-12 19:00:00+00:00,701.12,706.78,701.12,706.43,7334476
2026-05-12 20:00:00+00:00,706.39,706.47,704.68,705.45,2746634
2026-05-12 21:00:00+00:00,705.45,705.82,705.11,705.77,439954
2026-05-12 22:00:00+00:00,705.72,706.64,705.44,705.66,92185
2026-05-12 23:00:00+00:00,705.59,705.95,704.06,704.13,209428
2026-05-13 08:00:00+00:00,710.58,713.12,708.22,712.24,428633
2026-05-13 09:00:00+00:00,712.17,712.58,711.2,712.53,141218
2026-05-13 10:00:00+00:00,712.47,712.49,711.17,711.59,148221
2026-05-13 11:00:00+00:00,711.53,711.78,710.22,711.23,379972
2026-05-13 12:00:00+00:00,711.12,711.91,707.0,707.93,1071547
2026-05-13 13:00:00+00:00,708.09,709.62,704.06,706.32,5654327
2026-05-13 14:00:00+00:00,706.37,710.07,705.0,709.96,5873741
2026-05-13 15:00:00+00:00,709.95,711.58,709.07,709.76,4414256
2026-05-13 16:00:00+00:00,709.75,713.41,709.52,713.08,3942483
2026-05-13 17:00:00+00:00,713.12,714.23,712.9,712.94,2517360
2026-05-13 18:00:00+00:00,712.97,715.86,712.89,713.6,4515749
2026-05-13 19:00:00+00:00,713.61,715.26,713.06,713.69,7186664
2026-05-13 20:00:00+00:00,713.69,715.4,713.07,715.13,3154972
2026-05-13 21:00:00+00:00,715.11,715.81,715.06,715.36,353926
2026-05-13 22:00:00+00:00,715.36,716.86,714.97,716.48,173736
2026-05-13 23:00:00+00:00,716.51,717.83,716.49,717.5,208985
2026-05-14 08:00:00+00:00,716.75,717.71,714.8,716.25,244061
2026-05-14 09:00:00+00:00,716.34,716.56,713.99,715.18,129582
2026-05-14 10:00:00+00:00,715.19,716.64,714.79,715.51,123442
2026-05-14 11:00:00+00:00,715.48,716.24,714.61,715.31,209779
2026-05-14 12:00:00+00:00,715.36,716.22,713.89,714.23,259377
2026-05-14 13:00:00+00:00,714.21,718.9,713.11,715.48,4921653
2026-05-14 14:00:00+00:00,715.45,719.95,715.25,718.63,5470637
2026-05-14 15:00:00+00:00,718.67,721.02,718.44,720.6,4597090
2026-05-14 16:00:00+00:00,720.61,721.24,719.12,719.96,3309984
2026-05-14 17:00:00+00:00,719.98,720.57,716.77,720.0,4091362
2026-05-14 18:00:00+00:00,720.0,720.0,717.86,719.48,3205366
2026-05-14 19:00:00+00:00,719.48,720.12,718.77,718.94,4237628
2026-05-14 20:00:00+00:00,718.97,720.15,717.74,718.96,2243739
2026-05-14 21:00:00+00:00,718.91,719.0,718.72,718.92,247629
2026-05-14 22:00:00+00:00,718.94,719.68,718.56,719.36,119640
2026-05-14 23:00:00+00:00,719.44,719.99,718.71,718.93,69554
2026-05-15 08:00:00+00:00,713.17,716.11,707.04,708.86,604535
2026-05-15 09:00:00+00:00,708.81,709.48,706.85,707.94,256436
2026-05-15 10:00:00+00:00,708.24,711.5,707.38,710.51,406884
2026-05-15 11:00:00+00:00,710.56,711.18,708.7,708.71,378233
2026-05-15 12:00:00+00:00,708.62,718.46,706.05,707.19,763969
2026-05-15 13:00:00+00:00,707.22,709.64,704.78,706.1,7520594
2026-05-15 14:00:00+00:00,706.12,711.89,705.83,709.38,7617690
2026-05-15 15:00:00+00:00,709.41,711.8,707.76,709.38,5775906
2026-05-15 16:00:00+00:00,709.45,711.09,708.7,710.41,4981060
2026-05-15 17:00:00+00:00,710.42,713.5,710.15,713.43,4559415
2026-05-15 18:00:00+00:00,713.45,714.34,710.25,712.02,5012329
2026-05-15 19:00:00+00:00,712.01,712.21,707.6,708.12,7990547
2026-05-15 20:00:00+00:00,708.12,708.16,705.27,706.79,5647609
2026-05-15 21:00:00+00:00,706.76,707.26,706.22,706.94,276657
2026-05-15 22:00:00+00:00,706.97,707.4,706.33,706.33,104661
2026-05-15 23:00:00+00:00,706.45,706.47,705.32,705.33,67946
2026-05-18 08:00:00+00:00,703.81,708.53,702.53,708.46,375361
2026-05-18 09:00:00+00:00,708.62,708.64,706.77,707.17,71512
2026-05-18 10:00:00+00:00,707.31,707.31,704.58,705.41,222745
2026-05-18 11:00:00+00:00,705.5,709.22,703.93,706.85,555951
2026-05-18 12:00:00+00:00,706.87,712.72,704.24,712.54,945520
2026-05-18 13:00:00+00:00,712.44,712.7,705.89,708.51,5815017
2026-05-18 14:00:00+00:00,708.35,709.84,701.95,704.53,8929704
2026-05-18 15:00:00+00:00,704.6,705.62,701.17,702.51,6546954
2026-05-18 16:00:00+00:00,702.54,704.39,698.84,702.7,6457747
2026-05-18 17:00:00+00:00,702.63,703.52,701.66,702.92,3375698
2026-05-18 18:00:00+00:00,702.95,703.07,698.08,698.79,4977096
2026-05-18 19:00:00+00:00,698.82,705.38,698.66,704.93,8884086
2026-05-18 20:00:00+00:00,705.02,705.22,704.28,704.47,2341138
2026-05-18 21:00:00+00:00,704.43,704.82,704.43,704.73,305626
2026-05-18 22:00:00+00:00,704.83,706.68,704.83,706.32,137466
2026-05-18 23:00:00+00:00,706.32,706.95,705.34,705.77,83045
2026-05-19 08:00:00+00:00,705.77,705.77,699.99,702.76,237347
2026-05-19 09:00:00+00:00,702.54,702.63,698.76,700.55,157902
2026-05-19 10:00:00+00:00,700.55,700.97,698.76,700.69,225314
2026-05-19 11:00:00+00:00,700.81,701.36,699.18,699.18,213885
2026-05-19 12:00:00+00:00,699.13,701.18,698.66,700.48,429104
2026-05-19 13:00:00+00:00,700.61,705.63,697.95,701.1,5903275
2026-05-19 14:00:00+00:00,701.14,701.28,694.49,697.9,10025645
2026-05-19 15:00:00+00:00,697.88,699.67,696.06,698.23,5289899
2026-05-19 16:00:00+00:00,698.22,703.49,697.65,703.2,5230907
2026-05-19 17:00:00+00:00,703.18,705.71,702.88,704.38,4749426
2026-05-19 18:00:00+00:00,704.41,705.15,701.25,701.67,4117912
2026-05-19 19:00:00+00:00,701.67,704.1,699.43,700.77,7708681
2026-05-19 20:00:00+00:00,700.78,701.22,699.95,700.19,2004425
2026-05-19 21:00:00+00:00,700.13,700.93,700.11,700.93,391609
2026-05-19 22:00:00+00:00,700.93,701.53,699.49,700.47,149695
2026-05-19 23:00:00+00:00,700.5,703.18,700.36,701.49,150428
2026-05-20 08:00:00+00:00,703.44,706.09,699.72,705.17,352313
2026-05-20 09:00:00+00:00,705.18,706.39,704.43,705.74,82419
2026-05-20 10:00:00+00:00,705.81,706.51,705.32,705.36,87844
2026-05-20 11:00:00+00:00,705.41,705.88,704.38,704.73,164034
2026-05-20 12:00:00+00:00,704.73,706.8,700.23,705.29,379460
2026-05-20 13:00:00+00:00,705.25,707.45,703.34,705.22,4901465
2026-05-20 14:00:00+00:00,705.21,709.53,703.02,709.13,6322939
2026-05-20 15:00:00+00:00,709.06,712.35,708.39,710.79,4993789
2026-05-20 16:00:00+00:00,710.83,710.92,707.83,709.09,3445025
2026-05-20 17:00:00+00:00,709.13,710.66,708.31,710.09,3072365
2026-05-20 18:00:00+00:00,710.12,711.12,709.48,710.05,2806029
2026-05-20 19:00:00+00:00,710.08,712.34,710.02,712.29,6530830
2026-05-20 20:00:00+00:00,712.29,712.37,708.77,709.56,2948443
2026-05-20 21:00:00+00:00,709.69,710.52,709.02,709.52,327362
2026-05-20 22:00:00+00:00,709.5,709.5,705.67,707.51,372044
2026-05-20 23:00:00+00:00,707.42,708.28,706.88,707.47,147233
2026-05-21 08:00:00+00:00,710.25,714.13,707.98,712.11,343799
2026-05-21 09:00:00+00:00,712.05,713.27,711.88,712.14,74580
2026-05-21 10:00:00+00:00,712.14,712.42,707.7,708.79,280769
2026-05-21 11:00:00+00:00,708.92,710.04,707.92,709.02,279837
2026-05-21 12:00:00+00:00,709.08,709.98,707.48,707.69,394821
2026-05-21 13:00:00+00:00,707.6,710.57,707.16,709.87,4896054
2026-05-21 14:00:00+00:00,709.85,711.11,705.99,708.63,5554411
2026-05-21 15:00:00+00:00,708.66,710.26,706.07,709.39,4365120
2026-05-21 16:00:00+00:00,709.41,710.46,707.99,709.21,2626681
2026-05-21 17:00:00+00:00,709.22,716.33,709.22,714.91,6322853
2026-05-21 18:00:00+00:00,714.93,715.52,710.13,711.1,4123892
2026-05-21 19:00:00+00:00,711.14,714.11,711.06,713.67,5155581
2026-05-21 20:00:00+00:00,713.74,714.29,713.42,713.82,1731495
2026-05-21 21:00:00+00:00,713.87,714.21,713.72,713.82,106954
2026-05-21 22:00:00+00:00,713.74,715.98,713.72,715.87,144647
2026-05-21 23:00:00+00:00,715.97,716.76,715.81,716.2,107220
2026-05-22 08:00:00+00:00,716.81,719.31,716.08,716.94,275162
2026-05-22 09:00:00+00:00,716.9,716.94,714.88,716.01,236018
2026-05-22 10:00:00+00:00,715.88,715.88,713.89,714.64,191620
2026-05-22 11:00:00+00:00,714.56,716.01,714.27,715.59,188391
2026-05-22 12:00:00+00:00,715.64,717.69,713.19,717.56,303519
2026-05-22 13:00:00+00:00,717.69,720.54,716.57,718.75,4451754
2026-05-22 14:00:00+00:00,718.76,719.08,715.16,718.88,4699944
2026-05-22 15:00:00+00:00,718.92,720.49,718.85,719.88,3338698
2026-05-22 16:00:00+00:00,719.89,720.03,718.61,719.51,2589599
2026-05-22 17:00:00+00:00,719.53,721.33,718.93,719.68,3741007
2026-05-22 18:00:00+00:00,719.69,719.91,718.41,719.0,2907123
2026-05-22 19:00:00+00:00,718.99,719.25,716.14,716.64,7098160
2026-05-22 20:00:00+00:00,716.65,717.31,715.38,715.98,2880219
2026-05-22 21:00:00+00:00,715.93,716.62,715.93,716.42,248127
2026-05-22 22:00:00+00:00,716.42,716.51,715.61,715.69,54586
2026-05-22 23:00:00+00:00,715.72,715.73,714.52,714.52,81581
2026-05-26 08:00:00+00:00,722.14,723.72,720.39,722.96,183632
2026-05-26 09:00:00+00:00,722.96,723.95,722.83,723.88,76853
2026-05-26 10:00:00+00:00,723.88,725.47,723.82,724.06,160129
2026-05-26 11:00:00+00:00,724.03,724.52,723.2,724.3,296991
2026-05-26 12:00:00+00:00,724.34,725.8,717.29,725.62,344603
2026-05-26 13:00:00+00:00,725.62,727.64,723.36,727.64,6050947
2026-05-26 14:00:00+00:00,727.65,730.37,726.89,728.83,6015597
2026-05-26 15:00:00+00:00,728.86,729.13,724.77,725.77,5414538
2026-05-26 16:00:00+00:00,725.76,727.89,725.59,726.91,3232139
2026-05-26 17:00:00+00:00,726.92,727.83,726.43,727.46,2018780
2026-05-26 18:00:00+00:00,727.44,728.97,727.1,727.82,2319038
2026-05-26 19:00:00+00:00,727.85,730.22,727.65,729.41,5551087
2026-05-26 20:00:00+00:00,729.42,729.53,728.32,728.64,2435251
2026-05-26 21:00:00+00:00,728.66,729.24,728.59,729.05,119487
2026-05-26 22:00:00+00:00,728.97,729.38,728.34,728.51,122378
2026-05-26 23:00:00+00:00,728.53,730.0,728.53,729.93,128706
2026-05-27 08:00:00+00:00,731.77,732.84,729.05,732.39,251643
2026-05-27 09:00:00+00:00,732.32,732.78,731.81,732.73,81506
2026-05-27 10:00:00+00:00,732.77,733.58,732.73,733.27,110081
2026-05-27 11:00:00+00:00,733.31,734.78,733.28,733.99,215346
2026-05-27 12:00:00+00:00,733.99,736.79,728.93,733.94,602805
2026-05-27 13:00:00+00:00,733.99,734.16,726.06,729.1,7719884
2026-05-27 14:00:00+00:00,729.04,730.03,724.64,726.12,6588993
2026-05-27 15:00:00+00:00,726.14,727.12,724.73,726.0,3674169
2026-05-27 16:00:00+00:00,725.99,728.76,725.31,727.3,4644726
2026-05-27 17:00:00+00:00,727.3,727.51,725.06,726.94,2250995
2026-05-27 18:00:00+00:00,726.92,729.05,726.7,728.52,2835253
2026-05-27 19:00:00+00:00,728.51,729.27,727.79,728.69,4226226
2026-05-27 20:00:00+00:00,728.67,730.6,728.4,730.6,1525030
2026-05-27 21:00:00+00:00,730.45,730.58,729.68,729.89,292711
2026-05-27 22:00:00+00:00,730.18,730.7,728.2,729.02,167572
2026-05-27 23:00:00+00:00,728.93,729.37,726.71,727.02,137350
2026-05-28 08:00:00+00:00,726.2,727.45,721.97,727.21,386052
2026-05-28 09:00:00+00:00,727.19,727.52,726.18,726.91,84126
2026-05-28 10:00:00+00:00,727.02,727.03,724.53,724.82,140370
2026-05-28 11:00:00+00:00,724.83,726.15,724.47,725.77,257357
2026-05-28 12:00:00+00:00,725.77,729.22,725.74,728.94,459128
2026-05-28 13:00:00+00:00,729.06,730.32,725.61,727.32,4927022
2026-05-28 14:00:00+00:00,727.32,732.13,726.67,732.05,5927881
2026-05-28 15:00:00+00:00,732.05,734.6,731.89,733.9,4988110
2026-05-28 16:00:00+00:00,733.91,735.49,733.29,735.42,2350806
2026-05-28 17:00:00+00:00,735.43,735.79,734.35,735.22,2994259
2026-05-28 18:00:00+00:00,735.26,735.67,734.29,734.57,3307778
2026-05-28 19:00:00+00:00,734.57,735.44,734.11,734.73,4969485
2026-05-28 20:00:00+00:00,734.74,735.64,734.44,735.08,1788478
2026-05-28 21:00:00+00:00,735.0,735.61,734.84,735.37,217692
2026-05-28 22:00:00+00:00,735.44,736.13,734.42,734.61,142350
2026-05-28 23:00:00+00:00,734.93,735.37,734.62,734.75,67419
2026-05-29 08:00:00+00:00,735.64,736.21,734.06,735.46,227424
2026-05-29 09:00:00+00:00,735.46,736.69,735.34,735.83,79991
2026-05-29 10:00:00+00:00,735.8,736.2,735.11,735.95,65636
2026-05-29 11:00:00+00:00,735.96,736.76,735.04,736.19,225902
2026-05-29 12:00:00+00:00,736.19,736.24,734.99,736.19,295163
2026-05-29 13:00:00+00:00,736.2,740.41,735.88,740.36,4431610
2026-05-29 14:00:00+00:00,740.36,740.82,734.44,736.64,9670562
2026-05-29 15:00:00+00:00,736.64,738.54,736.11,736.65,3065290
2026-05-29 16:00:00+00:00,736.68,738.73,736.61,737.54,2477187
2026-05-29 17:00:00+00:00,737.54,737.84,735.07,735.21,2564733
2026-05-29 18:00:00+00:00,735.22,737.6,734.97,735.73,3431123
2026-05-29 19:00:00+00:00,735.71,738.61,735.5,737.44,6702687
2026-05-29 20:00:00+00:00,737.45,737.78,736.81,737.28,4145175
2026-05-29 21:00:00+00:00,737.25,737.5,736.71,736.98,262696
2026-05-29 22:00:00+00:00,736.94,737.45,736.89,737.16,31169
2026-05-29 23:00:00+00:00,737.21,737.45,736.84,736.84,45012
2026-06-01 08:00:00+00:00,740.39,742.28,738.77,740.11,313625
2026-06-01 09:00:00+00:00,740.12,740.41,738.99,739.16,112962
2026-06-01 10:00:00+00:00,739.22,740.23,738.99,739.91,143920
2026-06-01 11:00:00+00:00,739.94,740.13,738.96,739.21,268629
2026-06-01 12:00:00+00:00,739.24,739.99,736.95,738.86,205226
2026-06-01 13:00:00+00:00,738.99,739.32,735.02,735.64,5114512
2026-06-01 14:00:00+00:00,735.5,738.92,735.18,738.66,5169399
2026-06-01 15:00:00+00:00,738.69,741.46,738.12,740.23,4538920
2026-06-01 16:00:00+00:00,740.2,742.2,739.03,742.13,2911013
2026-06-01 17:00:00+00:00,742.12,744.83,741.06,744.29,4262556
2026-06-01 18:00:00+00:00,744.28,744.36,742.95,743.15,2026623
2026-06-01 19:00:00+00:00,743.13,743.71,741.52,741.87,6108104
2026-06-01 20:00:00+00:00,741.88,741.92,740.39,740.81,2406818
2026-06-01 21:00:00+00:00,740.8,741.32,740.63,741.13,320835
2026-06-01 22:00:00+00:00,741.18,741.23,738.59,739.23,127986
2026-06-01 23:00:00+00:00,739.24,739.67,738.86,739.47,88556
2026-06-02 08:00:00+00:00,739.21,741.92,736.9,741.46,286504
2026-06-02 09:00:00+00:00,741.4,742.34,740.95,741.91,89640
2026-06-02 10:00:00+00:00,741.75,741.93,740.94,740.99,75306
2026-06-02 11:00:00+00:00,740.98,742.09,740.35,740.99,283789
2026-06-02 12:00:00+00:00,741.11,741.73,740.82,740.94,181323
2026-06-02 13:00:00+00:00,741.03,742.78,738.42,742.7,4987584
2026-06-02 14:00:00+00:00,742.72,743.84,741.18,743.72,5351392
2026-06-02 15:00:00+00:00,743.73,745.07,742.97,744.89,3707945
2026-06-02 16:00:00+00:00,744.87,745.41,743.7,744.94,2757752
2026-06-02 17:00:00+00:00,744.91,745.2,742.92,743.38,2468971
2026-06-02 18:00:00+00:00,743.38,744.26,742.68,743.65,2273029
2026-06-02 19:00:00+00:00,743.66,745.62,743.63,745.28,5494556
2026-06-02 20:00:00+00:00,745.28,746.62,745.07,746.25,1555099
2026-06-02 21:00:00+00:00,746.28,746.28,745.89,746.02,271397
2026-06-02 22:00:00+00:00,746.01,746.42,745.07,745.13,157880
2026-06-02 23:00:00+00:00,745.18,745.34,742.05,745.24,327002
2026-06-03 08:00:00+00:00,741.77,746.42,741.77,745.57,202080
2026-06-03 09:00:00+00:00,745.67,746.89,745.57,745.98,115144
2026-06-03 10:00:00+00:00,745.97,747.22,745.63,746.55,107025
2026-06-03 11:00:00+00:00,746.47,747.47,746.47,747.13,214119
2026-06-03 12:00:00+00:00,747.12,747.56,744.78,745.66,433900
2026-06-03 13:00:00+00:00,745.64,747.83,740.2,741.84,7150926
2026-06-03 14:00:00+00:00,741.85,746.13,741.53,744.36,7306909
2026-06-03 15:00:00+00:00,744.39,745.55,741.96,742.84,3865159
2026-06-03 16:00:00+00:00,742.88,743.32,740.46,742.92,3387966
2026-06-03 17:00:00+00:00,742.92,743.89,740.74,743.78,2569795
2026-06-03 18:00:00+00:00,743.8,744.7,742.94,743.96,4380726
2026-06-03 19:00:00+00:00,743.98,744.94,742.95,743.42,6887660
2026-06-03 20:00:00+00:00,743.5,743.52,739.66,740.14,2371671
2026-06-03 21:00:00+00:00,740.19,741.09,736.83,738.69,863232
2026-06-03 22:00:00+00:00,738.69,740.04,737.05,738.99,406383
2026-06-03 23:00:00+00:00,739.06,739.19,737.04,737.47,193743
2026-06-04 08:00:00+00:00,739.8,741.33,736.12,736.49,315630
2026-06-04 09:00:00+00:00,736.55,736.59,734.23,736.19,337988
2026-06-04 10:00:00+00:00,736.11,736.2,733.12,734.11,268146
2026-06-04 11:00:00+00:00,734.14,735.19,732.22,735.01,603513
2026-06-04 12:00:00+00:00,734.96,742.84,733.63,735.66,583368
2026-06-04 13:00:00+00:00,735.64,737.0,732.75,734.19,7272821
2026-06-04 14:00:00+00:00,734.19,736.77,731.82,736.73,5798870
2026-06-04 15:00:00+00:00,736.75,739.46,736.69,738.13,4381882
2026-06-04 16:00:00+00:00,738.15,740.07,737.67,739.71,2900269
2026-06-04 17:00:00+00:00,739.71,741.75,739.37,741.68,2682447
2026-06-04 18:00:00+00:00,741.68,742.61,741.4,741.59,3635394
2026-06-04 19:00:00+00:00,741.62,742.68,739.57,739.69,7808638
2026-06-04 20:00:00+00:00,739.68,739.94,737.74,737.95,3673868
2026-06-04 21:00:00+00:00,738.21,738.35,737.94,738.24,387853
2026-06-04 22:00:00+00:00,738.29,738.29,735.81,736.99,155937
2026-06-04 23:00:00+00:00,736.99,737.03,734.39,734.57,158108
2026-06-05 08:00:00+00:00,732.08,734.19,730.0,732.2,320688
2026-06-05 09:00:00+00:00,732.27,734.59,732.06,733.22,141029
2026-06-05 10:00:00+00:00,733.13,734.13,733.03,733.03,113862
2026-06-05 11:00:00+00:00,733.03,733.1,731.7,731.92,308660
2026-06-05 12:00:00+00:00,731.96,739.24,729.36,729.76,1368470
2026-06-05 13:00:00+00:00,729.7,731.57,722.86,722.93,9136536
2026-06-05 14:00:00+00:00,722.95,727.04,722.55,724.86,9544005
2026-06-05 15:00:00+00:00,724.88,725.25,719.07,720.2,8058017
2026-06-05 16:00:00+00:00,720.15,720.19,713.38,716.02,12785217
2026-06-05 17:00:00+00:00,716.03,716.42,712.91,715.6,8129451
2026-06-05 18:00:00+00:00,715.64,715.73,706.52,708.88,15147961
2026-06-05 19:00:00+00:00,708.88,709.33,703.55,704.49,24379075
2026-06-05 20:00:00+00:00,704.58,708.32,698.99,700.21,8351538
2026-06-05 21:00:00+00:00,700.33,703.71,700.3,702.43,1543461
2026-06-05 22:00:00+00:00,702.26,704.23,701.22,702.88,313466
2026-06-05 23:00:00+00:00,702.86,702.87,699.34,699.53,186797
2026-06-08 08:00:00+00:00,709.86,710.96,703.69,708.62,660650
2026-06-08 09:00:00+00:00,708.62,710.32,707.87,710.07,229564
2026-06-08 10:00:00+00:00,710.1,710.92,708.53,710.17,244761
2026-06-08 11:00:00+00:00,710.12,714.85,709.49,713.46,753106
2026-06-08 12:00:00+00:00,713.4,716.69,713.13,716.05,866262
2026-06-08 13:00:00+00:00,716.04,718.93,712.57,712.76,7962906
2026-06-08 14:00:00+00:00,712.78,720.73,712.29,720.64,7188100
2026-06-08 15:00:00+00:00,720.65,722.24,717.78,719.03,7180955
2026-06-08 16:00:00+00:00,719.1,721.03,717.69,718.31,3064369
2026-06-08 17:00:00+00:00,718.34,719.35,716.01,717.78,4044263
2026-06-08 18:00:00+00:00,717.8,719.21,717.08,717.42,4184211
2026-06-08 19:00:00+00:00,717.42,717.55,713.45,715.23,7857168
2026-06-08 20:00:00+00:00,715.22,715.66,714.05,714.56,2759243
2026-06-08 21:00:00+00:00,714.81,715.22,714.41,715.08,113716
2026-06-08 22:00:00+00:00,714.99,715.56,712.09,714.56,290581
2026-06-08 23:00:00+00:00,714.39,715.91,713.68,714.62,170073
2026-06-09 08:00:00+00:00,718.61,721.06,718.19,719.95,306121
2026-06-09 09:00:00+00:00,719.98,721.26,719.88,721.14,82014
2026-06-09 10:00:00+00:00,721.01,721.36,719.44,721.02,161129
2026-06-09 11:00:00+00:00,720.96,721.98,720.64,720.91,266901
2026-06-09 12:00:00+00:00,720.96,722.22,714.75,722.13,441818
2026-06-09 13:00:00+00:00,722.18,724.86,719.7,720.71,5626236
2026-06-09 14:00:00+00:00,720.68,721.61,706.38,710.16,13070911
2026-06-09 15:00:00+00:00,710.21,711.65,696.63,696.94,13573592
2026-06-09 16:00:00+00:00,696.98,699.17,685.62,691.8,19339607
2026-06-09 17:00:00+00:00,691.79,702.6,691.44,700.25,12425899
2026-06-09 18:00:00+00:00,700.26,706.53,699.15,705.96,8593540
2026-06-09 19:00:00+00:00,705.92,707.82,700.41,707.1,12532996
2026-06-09 20:00:00+00:00,707.16,709.06,706.38,707.66,4499547
2026-06-09 21:00:00+00:00,707.7,707.85,704.8,705.32,392842
2026-06-09 22:00:00+00:00,705.42,707.03,703.93,704.84,430812
2026-06-09 23:00:00+00:00,704.91,706.72,703.83,705.89,329194
2026-06-10 08:00:00+00:00,704.18,704.68,698.19,698.49,686392
2026-06-10 09:00:00+00:00,698.61,700.22,696.72,698.95,268451
2026-06-10 10:00:00+00:00,698.83,700.51,697.14,700.19,299909
2026-06-10 11:00:00+00:00,700.14,700.59,694.9,696.62,892604
2026-06-10 12:00:00+00:00,696.69,706.52,696.12,700.34,1891030
2026-06-10 13:00:00+00:00,700.34,708.39,698.85,704.92,7941624
2026-06-10 14:00:00+00:00,704.97,710.5,700.92,702.02,8337728
2026-06-10 15:00:00+00:00,702.03,704.1,695.42,700.92,11127518
2026-06-10 16:00:00+00:00,700.96,701.87,696.26,697.53,5781543
2026-06-10 17:00:00+00:00,697.57,699.38,695.11,699.05,5289939
2026-06-10 18:00:00+00:00,699.11,700.3,694.11,694.89,4794718
2026-06-10 19:00:00+00:00,694.89,696.33,692.17,692.96,12094435
2026-06-10 20:00:00+00:00,692.95,693.22,690.14,691.53,4680323
2026-06-10 21:00:00+00:00,691.42,691.84,690.79,690.98,417661
2026-06-10 22:00:00+00:00,691.14,691.48,688.16,688.49,492000
2026-06-10 23:00:00+00:00,688.42,690.86,686.64,688.97,528933
2026-06-11 08:00:00+00:00,700.69,702.97,697.0,702.43,440653
2026-06-11 09:00:00+00:00,702.48,702.63,701.06,701.64,124661
2026-06-11 10:00:00+00:00,701.56,702.52,701.43,701.57,150447
2026-06-11 11:00:00+00:00,701.54,702.27,699.91,702.05,393866
2026-06-11 12:00:00+00:00,702.09,702.42,693.45,700.05,1325102
2026-06-11 13:00:00+00:00,699.79,704.79,696.05,702.03,7320648
2026-06-11 14:00:00+00:00,702.06,705.64,694.97,695.99,8660400
2026-06-11 15:00:00+00:00,695.98,702.23,694.24,701.04,6848284
2026-06-11 16:00:00+00:00,701.01,703.82,698.78,698.81,5227230
2026-06-11 17:00:00+00:00,698.86,711.76,696.68,709.61,13183682
2026-06-11 18:00:00+00:00,709.6,711.96,706.08,710.97,8528632
2026-06-11 19:00:00+00:00,711.01,717.58,710.03,715.65,14133088
2026-06-11 20:00:00+00:00,715.64,717.2,714.51,715.22,4653507
2026-06-11 21:00:00+00:00,715.26,716.1,715.13,715.96,549552
2026-06-11 22:00:00+00:00,715.72,718.71,715.45,718.09,272640
2026-06-11 23:00:00+00:00,718.09,718.96,716.67,718.59,163735
2026-06-12 08:00:00+00:00,715.11,718.54,711.22,716.46,681716
2026-06-12 09:00:00+00:00,716.46,721.02,716.41,719.9,211075
2026-06-12 10:00:00+00:00,719.83,720.75,717.36,718.18,167718
2026-06-12 11:00:00+00:00,718.22,720.84,718.21,720.34,317332
2026-06-12 12:00:00+00:00,720.35,720.41,714.28,714.86,759581
2026-06-12 13:00:00+00:00,714.88,716.97,710.5,713.47,8105698
2026-06-12 14:00:00+00:00,713.49,720.53,713.14,720.18,8848730
2026-06-12 15:00:00+00:00,720.29,723.21,714.79,715.49,8915378
2026-06-12 16:00:00+00:00,715.47,721.33,714.78,721.13,6339456
2026-06-12 17:00:00+00:00,721.18,723.1,720.5,721.35,4559403
2026-06-12 18:00:00+00:00,721.38,722.23,719.56,720.44,4368205
2026-06-12 19:00:00+00:00,720.36,721.99,718.8,720.48,5478711
2026-06-12 20:00:00+00:00,720.5,722.42,717.21,721.12,2061387
2026-06-12 21:00:00+00:00,721.21,721.51,720.55,721.39,538324
2026-06-12 22:00:00+00:00,721.41,721.71,721.21,721.71,26390
2026-06-12 23:00:00+00:00,721.81,722.51,721.71,722.46,47516
2026-06-15 08:00:00+00:00,732.79,737.1,732.79,736.22,446081
2026-06-15 09:00:00+00:00,736.29,736.47,734.31,735.25,172335
2026-06-15 10:00:00+00:00,735.15,735.67,734.83,735.48,93517
2026-06-15 11:00:00+00:00,735.46,736.94,735.2,736.39,406674
2026-06-15 12:00:00+00:00,736.37,736.85,734.95,736.03,436208
2026-06-15 13:00:00+00:00,735.91,741.18,735.58,738.87,7162768
2026-06-15 14:00:00+00:00,738.88,741.14,738.13,740.63,5766903
2026-06-15 15:00:00+00:00,740.63,743.34,740.54,743.15,4891157
2026-06-15 16:00:00+00:00,743.16,743.94,742.45,742.85,5468497
2026-06-15 17:00:00+00:00,742.86,743.42,741.95,742.62,5324506
2026-06-15 18:00:00+00:00,742.65,743.46,741.83,742.71,4005769
2026-06-15 19:00:00+00:00,742.7,743.12,741.61,743.02,7126670
2026-06-15 20:00:00+00:00,742.92,743.42,741.87,742.04,4897087
2026-06-15 21:00:00+00:00,742.09,742.6,742.09,742.58,448028
2026-06-15 22:00:00+00:00,742.55,742.78,740.29,741.44,204281
2026-06-15 23:00:00+00:00,741.43,742.28,741.18,742.09,81144
2026-06-16 08:00:00+00:00,740.94,744.79,740.94,744.41,293528
2026-06-16 09:00:00+00:00,744.33,744.45,742.88,743.0,89850
2026-06-16 10:00:00+00:00,743.04,744.53,743.04,744.5,64954
2026-06-16 11:00:00+00:00,744.45,745.46,744.25,744.66,195653
2026-06-16 12:00:00+00:00,744.66,744.93,741.5,741.88,465695
2026-06-16 13:00:00+00:00,741.9,743.4,740.01,741.39,4198010
2026-06-16 14:00:00+00:00,741.44,742.6,735.48,736.39,7672873
2026-06-16 15:00:00+00:00,736.39,737.92,731.71,733.14,6045587
2026-06-16 16:00:00+00:00,733.15,735.73,732.62,733.86,4633152
2026-06-16 17:00:00+00:00,733.81,734.25,731.47,733.23,3458240
2026-06-16 18:00:00+00:00,733.24,733.66,731.96,732.37,3761693
2026-06-16 19:00:00+00:00,732.36,733.23,728.84,728.96,10134500
2026-06-16 20:00:00+00:00,729.02,731.48,728.22,728.95,3881932
2026-06-16 21:00:00+00:00,728.99,730.12,728.99,729.77,311432
2026-06-16 22:00:00+00:00,729.71,731.05,729.26,730.93,164558
2026-06-16 23:00:00+00:00,730.85,730.85,729.26,729.64,130429
2026-06-17 08:00:00+00:00,734.31,735.85,732.69,733.91,262491
2026-06-17 09:00:00+00:00,734.16,734.36,732.51,732.79,58249
2026-06-17 10:00:00+00:00,732.87,733.82,731.85,732.89,150887
2026-06-17 11:00:00+00:00,732.91,733.64,731.2,731.85,213946
2026-06-17 12:00:00+00:00,731.85,734.2,731.85,733.51,361155
2026-06-17 13:00:00+00:00,733.57,734.76,730.08,730.14,3734825
2026-06-17 14:00:00+00:00,730.13,734.87,728.76,730.43,5610390
2026-06-17 15:00:00+00:00,730.44,732.82,730.07,732.62,4784989
2026-06-17 16:00:00+00:00,732.65,733.17,731.35,731.68,4369782
2026-06-17 17:00:00+00:00,731.68,733.3,729.68,733.26,3096588
2026-06-17 18:00:00+00:00,733.25,734.57,723.73,728.62,11067459
2026-06-17 19:00:00+00:00,728.63,730.97,720.06,721.71,12008168
2026-06-17 20:00:00+00:00,721.65,725.6,721.64,725.12,5084358
2026-06-17 21:00:00+00:00,725.19,725.69,721.72,725.42,736448
2026-06-17 22:00:00+00:00,725.4,727.96,724.19,727.49,270125
2026-06-17 23:00:00+00:00,727.49,729.13,727.26,729.13,240142
2026-06-18 08:00:00+00:00,732.7,734.1,728.2,731.79,337397
2026-06-18 09:00:00+00:00,731.59,734.07,731.59,733.93,140699
2026-06-18 10:00:00+00:00,733.92,734.07,732.3,732.54,170168
2026-06-18 11:00:00+00:00,732.58,733.13,730.81,732.35,316431
2026-06-18 12:00:00+00:00,732.36,734.95,721.18,734.41,547871
2026-06-18 13:00:00+00:00,734.41,736.84,731.71,733.4,6733774
2026-06-18 14:00:00+00:00,733.5,737.99,733.06,737.07,6792332
2026-06-18 15:00:00+00:00,737.09,738.33,734.13,737.49,8256512
2026-06-18 16:00:00+00:00,737.47,739.04,737.17,738.52,3297336
2026-06-18 17:00:00+00:00,738.53,739.81,737.86,739.12,3127486
2026-06-18 18:00:00+00:00,739.15,739.41,738.1,738.66,2991496
2026-06-18 19:00:00+00:00,738.68,741.01,737.62,738.85,10468474
2026-06-18 20:00:00+00:00,738.85,743.55,738.54,739.52,6464080
2026-06-18 21:00:00+00:00,739.36,740.5,739.36,740.4,536322
2026-06-18 22:00:00+00:00,740.25,740.67,738.01,738.37,219406
2026-06-18 23:00:00+00:00,738.33,739.12,738.21,739.02,107341
2026-06-22 08:00:00+00:00,740.34,742.0,735.0,739.82,389348
2026-06-22 09:00:00+00:00,739.85,740.44,739.1,739.1,65010
2026-06-22 10:00:00+00:00,739.11,740.62,739.0,739.64,144752
2026-06-22 11:00:00+00:00,739.57,742.11,739.43,740.43,305971
2026-06-22 12:00:00+00:00,740.5,742.57,740.065,741.6,247818
2026-06-22 13:00:00+00:00,741.56,744.695,740.43,744.695,4437346
2026-06-22 14:00:00+00:00,744.6,745.45,735.35,737.6695,6728477
2026-06-22 15:00:00+00:00,737.71,738.59,735.36,735.7376,5848172
2026-06-22 16:00:00+00:00,735.74,737.0886,734.39,736.47,3505045
2026-06-22 17:00:00+00:00,736.48,737.96,735.1,737.12,2278599
2026-06-22 18:00:00+00:00,737.13,738.28,735.54,735.72,3022107
2026-06-22 19:00:00+00:00,735.74,738.51,735.1283,738.001,6763022
2026-06-22 20:00:00+00:00,738.06,738.55,737.68,738.18,8764604
2026-06-22 21:00:00+00:00,738.34,738.34,737.6,738.1,765665
2026-06-22 22:00:00+00:00,738.05,739.16,736.0,736.3,328341
2026-06-22 23:00:00+00:00,736.14,736.39,735.28,736.17,114793
2026-06-23 08:00:00+00:00,720.02,732.3,717.05,718.24,815578
2026-06-23 09:00:00+00:00,718.29,720.92,718.29,719.69,230978
2026-06-23 10:00:00+00:00,719.7,720.49,716.55,718.1526,229834
2026-06-23 11:00:00+00:00,718.14,719.79,717.42,719.54,556101
2026-06-23 12:00:00+00:00,719.51,737.397,715.54,716.12,613149
2026-06-23 13:00:00+00:00,716.24,720.9,713.28,720.71,7660106
2026-06-23 14:00:00+00:00,720.69,723.61,717.89,718.8716,7378693
2026-06-23 15:00:00+00:00,718.88,719.65,715.09,717.5314,5205828
2026-06-23 16:00:00+00:00,717.54,720.2999,717.33,719.045,4342244
2026-06-23 17:00:00+00:00,719.01,719.79,715.85,715.87,3314718
2026-06-23 18:00:00+00:00,715.93,717.08,712.1101,713.38,5409469
2026-06-23 19:00:00+00:00,713.36,716.35,712.975,713.69,11981001
2026-06-23 20:00:00+00:00,713.71,716.1995,713.31,716.0,4461269
2026-06-23 21:00:00+00:00,715.89,716.86,715.75,716.63,776716
2026-06-23 22:00:00+00:00,716.64,717.32,713.35,714.43,321510
2026-06-23 23:00:00+00:00,714.5,716.423,712.3,716.04,252809
2026-06-24 08:00:00+00:00,716.79,719.43,714.01,717.95,291648
2026-06-24 09:00:00+00:00,718.19,718.5,716.48,717.75,67690
2026-06-24 10:00:00+00:00,717.71,718.75,717.05,717.38,98185
2026-06-24 11:00:00+00:00,717.39,719.1,716.0,718.93,277994
2026-06-24 12:00:00+00:00,718.97,719.28,716.43,716.71,259880
2026-06-24 13:00:00+00:00,716.71,718.4999,711.78,714.75,5939233
2026-06-24 14:00:00+00:00,714.78,719.6,710.88,719.55,5751898
2026-06-24 15:00:00+00:00,719.57,719.93,714.96,716.3,3953868
2026-06-24 16:00:00+00:00,716.34,717.5,712.52,712.78,3280916
2026-06-24 17:00:00+00:00,712.79,714.06,706.9662,707.46,5448592
2026-06-24 18:00:00+00:00,707.47,711.6428,705.93,706.43,5005110
2026-06-24 19:00:00+00:00,706.43,710.98,704.45,710.57,8951066
2026-06-24 20:00:00+00:00,710.62,725.769,709.79,724.44,10795485
2026-06-24 21:00:00+00:00,724.35,725.0,721.2,723.9,2045746
2026-06-24 22:00:00+00:00,724.0,725.99,723.28,723.3882,328143
2026-06-24 23:00:00+00:00,723.45,725.3,723.26,724.54,169071
2026-06-25 08:00:00+00:00,726.57,727.44,722.24,725.18,338786
2026-06-25 09:00:00+00:00,725.1,725.94,725.0,725.3,133663
2026-06-25 10:00:00+00:00,725.29,726.62,725.24,725.99,128394
2026-06-25 11:00:00+00:00,726.029,726.8,724.55,725.29,344636
2026-06-25 12:00:00+00:00,725.28,728.42,725.0,727.04,553518
2026-06-25 13:00:00+00:00,727.05,727.29,705.3,705.76,10203002
2026-06-25 14:00:00+00:00,705.84,716.77,705.61,713.43,10484389
2026-06-25 15:00:00+00:00,713.46,716.47,709.24,714.05,5290170
2026-06-25 16:00:00+00:00,714.05,719.11,712.3,714.62,4415502
2026-06-25 17:00:00+00:00,714.6036,717.69,714.39,717.3412,3644197
2026-06-25 18:00:00+00:00,717.31,719.6,714.58,716.74,4317593
2026-06-25 19:00:00+00:00,716.77,716.81,712.96,716.26,6165305
2026-06-25 20:00:00+00:00,716.26,720.32,716.12,716.41,3443064
2026-06-25 21:00:00+00:00,716.59,716.6841,715.57,715.81,328792
2026-06-25 22:00:00+00:00,715.88,716.45,712.88,714.48,199640
2026-06-25 23:00:00+00:00,714.5309,719.63,714.2,714.93,335429
2026-06-26 08:00:00+00:00,711.07,711.9,704.55,707.99,413737
2026-06-26 09:00:00+00:00,707.66,709.07,706.76,707.48,185126
2026-06-26 10:00:00+00:00,707.26,707.89,706.08,707.07,160263
2026-06-26 11:00:00+00:00,707.17,708.71,705.86,706.8901,264304
2026-06-26 12:00:00+00:00,706.66,715.843,705.68,706.0205,387346
2026-06-26 13:00:00+00:00,706.12,709.65,702.81,709.12,5692208
2026-06-26 14:00:00+00:00,709.14,714.33,708.62,710.51,7017991
2026-06-26 15:00:00+00:00,710.56,715.555,708.22,713.21,4410879
2026-06-26 16:00:00+00:00,713.25,713.84,710.27,713.045,2830852
2026-06-26 17:00:00+00:00,713.07,715.1699,711.23,711.4,2684901
2026-06-26 18:00:00+00:00,711.47,712.33,707.71,708.37,6016301
2026-06-26 19:00:00+00:00,708.43,712.02,705.1,705.84,8673934
2026-06-26 20:00:00+00:00,705.83,708.31,704.64,705.3,7718415
2026-06-26 21:00:00+00:00,705.34,705.51,704.68,705.31,648831
2026-06-26 22:00:00+00:00,705.33,706.52,705.31,706.3,90503
2026-06-26 23:00:00+00:00,706.32,707.0,705.42,706.0,75009
