date,open,high,low,close,volume
2025-06-30 08:00:00+00:00,560.59,560.98,560.59,560.74,4991
2025-06-30 09:00:00+00:00,560.62,561.29,560.62,561.02,8750
2025-06-30 10:00:00+00:00,560.76,561.18,560.76,561.05,4218
2025-06-30 11:00:00+00:00,561.03,561.31,560.97,560.98,11821
2025-06-30 12:00:00+00:00,561.05,561.32,560.34,560.55,51959
2025-06-30 13:00:00+00:00,560.66,561.09,559.56,559.97,941895
2025-06-30 14:00:00+00:00,559.98,560.36,559.34,559.63,712022
2025-06-30 15:00:00+00:00,559.68,560.45,559.37,560.02,569525
2025-06-30 16:00:00+00:00,560.04,560.63,559.74,560.17,387122
2025-06-30 17:00:00+00:00,560.21,560.35,558.78,559.48,557374
2025-06-30 18:00:00+00:00,559.44,560.45,559.03,560.45,479375
2025-06-30 19:00:00+00:00,560.45,562.51,560.43,561.32,1651227
2025-06-30 20:00:00+00:00,561.33,561.56,560.68,560.9,270238
2025-06-30 21:00:00+00:00,560.89,560.93,560.79,560.88,1864
2025-06-30 22:00:00+00:00,560.98,561.18,560.58,560.58,5204
2025-06-30 23:00:00+00:00,560.72,561.14,560.65,561.14,2879
2025-07-01 08:00:00+00:00,560.69,560.87,560.33,560.71,16586
2025-07-01 09:00:00+00:00,560.47,560.47,560.3,560.36,1831
2025-07-01 10:00:00+00:00,560.58,560.58,560.25,560.38,1700
2025-07-01 11:00:00+00:00,560.43,560.63,560.15,560.5,10514
2025-07-01 12:00:00+00:00,560.54,560.88,559.27,559.86,49342
2025-07-01 13:00:00+00:00,559.82,561.18,559.68,560.8,761733
2025-07-01 14:00:00+00:00,560.73,561.49,559.79,560.06,1235229
2025-07-01 15:00:00+00:00,560.07,560.97,559.2,560.45,1924085
2025-07-01 16:00:00+00:00,560.47,561.51,560.26,560.61,438537
2025-07-01 17:00:00+00:00,560.65,562.16,560.53,561.93,549011
2025-07-01 18:00:00+00:00,561.97,562.02,561.37,561.37,493829
2025-07-01 19:00:00+00:00,561.41,562.09,560.28,561.03,1715155
2025-07-01 20:00:00+00:00,561.03,561.14,560.64,560.96,166231
2025-07-01 21:00:00+00:00,560.68,561.06,560.68,560.69,5432
2025-07-01 22:00:00+00:00,561.12,561.47,561.06,561.4,2611
2025-07-01 23:00:00+00:00,561.44,561.44,561.31,561.37,1219
2025-07-02 08:00:00+00:00,561.86,562.12,561.52,561.62,6838
2025-07-02 09:00:00+00:00,561.62,561.84,561.62,561.74,832
2025-07-02 10:00:00+00:00,561.83,561.84,561.56,561.56,842
2025-07-02 11:00:00+00:00,561.81,561.92,560.92,561.3,13413
2025-07-02 12:00:00+00:00,561.81,562.66,560.01,560.18,24543
2025-07-02 13:00:00+00:00,560.2,561.11,560.13,560.81,947567
2025-07-02 14:00:00+00:00,560.81,562.5,560.8,562.1,1550103
2025-07-02 15:00:00+00:00,562.16,562.77,561.99,562.61,1417080
2025-07-02 16:00:00+00:00,562.59,562.9,562.24,562.87,406218
2025-07-02 17:00:00+00:00,562.88,562.97,562.47,562.74,455425
2025-07-02 18:00:00+00:00,562.76,563.21,562.57,563.1,333499
2025-07-02 19:00:00+00:00,563.12,563.68,562.92,563.61,854206
2025-07-02 20:00:00+00:00,563.6,563.94,563.23,563.7,124360
2025-07-02 21:00:00+00:00,563.64,563.93,563.64,563.93,1921
2025-07-02 22:00:00+00:00,563.5,563.6,563.44,563.6,3244
2025-07-02 23:00:00+00:00,563.79,563.79,563.76,563.76,1190
2025-07-03 08:00:00+00:00,564.31,564.43,564.09,564.09,6405
2025-07-03 09:00:00+00:00,563.87,564.34,563.87,564.06,6185
2025-07-03 10:00:00+00:00,563.94,564.11,563.73,564.08,5762
2025-07-03 11:00:00+00:00,564.11,564.41,564.09,564.36,17632
2025-07-03 12:00:00+00:00,564.12,565.68,563.9,564.75,62906
2025-07-03 13:00:00+00:00,564.99,567.38,564.99,566.99,890411
2025-07-03 14:00:00+00:00,567.03,568.22,566.98,568.07,992979
2025-07-03 15:00:00+00:00,568.06,568.76,567.97,568.61,908682
2025-07-03 16:00:00+00:00,568.62,568.95,567.68,568.14,1159048
2025-07-03 17:00:00+00:00,568.14,568.51,567.5,567.79,731687
2025-07-03 18:00:00+00:00,567.79,567.99,567.61,567.65,16474
2025-07-03 19:00:00+00:00,567.69,568.04,567.32,567.77,12271
2025-07-03 20:00:00+00:00,567.87,567.96,567.71,567.78,2702
2025-07-07 08:00:00+00:00,565.94,567.78,565.44,565.65,8781
2025-07-07 09:00:00+00:00,565.65,566.67,565.65,566.66,2908
2025-07-07 10:00:00+00:00,566.81,566.89,566.55,566.55,15373
2025-07-07 11:00:00+00:00,566.59,567.06,566.56,567.06,13721
2025-07-07 12:00:00+00:00,567.02,567.39,565.4,566.33,84965
2025-07-07 13:00:00+00:00,566.4,566.89,565.82,566.56,1510964
2025-07-07 14:00:00+00:00,566.54,566.71,565.06,565.25,693846
2025-07-07 15:00:00+00:00,565.21,565.42,564.33,564.86,557339
2025-07-07 16:00:00+00:00,564.85,565.33,562.64,563.09,837676
2025-07-07 17:00:00+00:00,563.15,564.5,562.88,563.29,664730
2025-07-07 18:00:00+00:00,563.27,563.59,561.35,563.43,581005
2025-07-07 19:00:00+00:00,563.44,564.17,562.71,564.04,1145731
2025-07-07 20:00:00+00:00,563.97,563.98,562.46,562.84,222133
2025-07-07 21:00:00+00:00,562.84,563.02,562.72,562.86,5405
2025-07-07 22:00:00+00:00,563.06,563.07,562.11,562.75,6514
2025-07-07 23:00:00+00:00,562.82,563.24,562.73,563.2,19269
2025-07-08 08:00:00+00:00,564.66,564.71,564.66,564.7,892
2025-07-08 09:00:00+00:00,564.52,564.81,564.25,564.25,3679
2025-07-08 10:00:00+00:00,564.22,564.93,564.11,564.69,4010
2025-07-08 11:00:00+00:00,564.66,564.93,564.53,564.83,10964
2025-07-08 12:00:00+00:00,564.71,564.92,564.12,564.59,97120
2025-07-08 13:00:00+00:00,564.63,564.78,563.77,563.87,1189657
2025-07-08 14:00:00+00:00,563.89,564.61,562.83,563.65,950604
2025-07-08 15:00:00+00:00,563.68,564.37,563.02,564.24,653101
2025-07-08 16:00:00+00:00,564.25,565.15,563.65,563.97,717405
2025-07-08 17:00:00+00:00,564.02,564.43,563.13,564.32,621071
2025-07-08 18:00:00+00:00,564.29,564.44,563.54,563.72,607986
2025-07-08 19:00:00+00:00,563.72,563.99,563.27,563.56,1878109
2025-07-08 20:00:00+00:00,563.54,563.79,563.44,563.64,171135
2025-07-08 21:00:00+00:00,563.64,563.94,563.35,563.35,7095
2025-07-08 22:00:00+00:00,564.0,564.0,563.73,563.73,1451
2025-07-08 23:00:00+00:00,563.83,563.83,563.44,563.58,9428
2025-07-09 08:00:00+00:00,563.57,563.78,563.57,563.68,945
2025-07-09 09:00:00+00:00,563.75,564.74,563.75,564.53,3327
2025-07-09 10:00:00+00:00,564.55,564.57,564.34,564.44,1642
2025-07-09 11:00:00+00:00,564.44,565.01,564.44,564.9,9840
2025-07-09 12:00:00+00:00,563.21,565.33,563.21,565.06,42124
2025-07-09 13:00:00+00:00,565.01,567.56,564.96,567.14,1204271
2025-07-09 14:00:00+00:00,567.14,567.39,564.25,564.59,1049505
2025-07-09 15:00:00+00:00,564.54,565.56,564.1,565.02,849358
2025-07-09 16:00:00+00:00,565.01,565.43,564.68,565.1,372047
2025-07-09 17:00:00+00:00,565.11,565.79,564.76,565.54,483613
2025-07-09 18:00:00+00:00,565.5,566.5,565.45,566.35,394198
2025-07-09 19:00:00+00:00,566.34,567.08,566.06,566.92,1147450
2025-07-09 20:00:00+00:00,566.88,567.15,566.54,566.78,1278911
2025-07-09 21:00:00+00:00,566.82,567.14,566.67,566.86,4994
2025-07-09 22:00:00+00:00,566.8,567.3,566.74,567.17,10303
2025-07-09 23:00:00+00:00,566.82,566.94,566.54,566.54,2743
2025-07-10 08:00:00+00:00,565.81,566.4,565.74,566.3,4590
2025-07-10 09:00:00+00:00,566.14,566.17,565.98,566.17,1721
2025-07-10 10:00:00+00:00,566.09,566.63,566.09,566.61,5595
2025-07-10 11:00:00+00:00,566.68,567.34,566.61,567.34,8137
2025-07-10 12:00:00+00:00,566.71,567.35,565.32,566.62,621356
2025-07-10 13:00:00+00:00,566.63,567.27,566.11,566.36,592702
2025-07-10 14:00:00+00:00,566.34,567.89,566.01,567.7,631209
2025-07-10 15:00:00+00:00,567.67,568.52,567.67,568.46,644772
2025-07-10 16:00:00+00:00,568.48,568.52,567.88,568.3,928760
2025-07-10 17:00:00+00:00,568.4,569.43,568.39,569.24,346328
2025-07-10 18:00:00+00:00,569.26,569.53,568.83,568.97,351283
2025-07-10 19:00:00+00:00,568.96,569.3,568.04,568.59,680866
2025-07-10 20:00:00+00:00,568.55,568.6,568.14,568.3,93843
2025-07-10 21:00:00+00:00,568.47,568.78,568.25,568.4,4828
2025-07-10 22:00:00+00:00,568.29,568.83,568.29,568.83,5401
2025-07-10 23:00:00+00:00,568.88,569.03,568.79,569.03,5271
2025-07-11 08:00:00+00:00,566.61,566.61,565.32,565.89,7634
2025-07-11 09:00:00+00:00,565.65,565.71,564.78,564.78,2349
2025-07-11 10:00:00+00:00,564.85,565.33,564.64,564.86,4541
2025-07-11 11:00:00+00:00,564.88,566.2,564.85,565.81,22560
2025-07-11 12:00:00+00:00,565.82,567.5,564.99,565.7,626022
2025-07-11 13:00:00+00:00,565.63,566.46,564.7,566.18,721950
2025-07-11 14:00:00+00:00,566.17,567.21,565.98,566.8,520385
2025-07-11 15:00:00+00:00,566.78,567.48,565.79,566.66,485242
2025-07-11 16:00:00+00:00,566.72,567.28,566.12,567.23,324095
2025-07-11 17:00:00+00:00,567.2,567.42,566.68,567.37,390610
2025-07-11 18:00:00+00:00,567.4,567.67,566.97,567.19,352734
2025-07-11 19:00:00+00:00,567.17,567.55,566.14,566.55,792355
2025-07-11 20:00:00+00:00,566.52,566.57,566.03,566.15,156031
2025-07-11 21:00:00+00:00,566.21,566.31,566.12,566.12,914
2025-07-11 22:00:00+00:00,566.26,566.29,566.26,566.29,1458
2025-07-11 23:00:00+00:00,566.31,566.44,566.21,566.44,1239
2025-07-14 08:00:00+00:00,564.55,565.2,564.29,564.77,8180
2025-07-14 09:00:00+00:00,564.71,565.13,564.68,565.13,6492
2025-07-14 10:00:00+00:00,564.88,564.99,564.75,564.93,3203
2025-07-14 11:00:00+00:00,564.88,565.36,564.67,565.11,17279
2025-07-14 12:00:00+00:00,564.66,565.33,563.35,565.01,30596
2025-07-14 13:00:00+00:00,565.04,566.42,564.91,565.74,729945
2025-07-14 14:00:00+00:00,565.7,566.61,565.32,566.42,574753
2025-07-14 15:00:00+00:00,566.36,567.25,566.25,566.87,428742
2025-07-14 16:00:00+00:00,566.83,567.33,566.56,567.16,360143
2025-07-14 17:00:00+00:00,567.19,567.8,567.18,567.52,642553
2025-07-14 18:00:00+00:00,567.53,567.97,567.43,567.79,319372
2025-07-14 19:00:00+00:00,567.81,567.91,567.21,567.55,1486761
2025-07-14 20:00:00+00:00,567.58,567.65,567.29,567.36,88535
2025-07-14 21:00:00+00:00,567.52,567.58,567.33,567.57,3223
2025-07-14 22:00:00+00:00,567.34,567.34,566.85,566.85,8934
2025-07-14 23:00:00+00:00,566.82,567.08,566.76,567.08,3501
2025-07-15 08:00:00+00:00,569.2,569.55,569.1,569.33,10906
2025-07-15 09:00:00+00:00,569.27,569.87,569.27,569.79,19698
2025-07-15 10:00:00+00:00,569.81,570.41,569.81,569.85,11669
2025-07-15 11:00:00+00:00,569.88,570.31,569.43,569.76,13669
2025-07-15 12:00:00+00:00,569.5,570.51,568.43,569.87,71773
2025-07-15 13:00:00+00:00,569.9,570.49,568.36,568.41,782280
2025-07-15 14:00:00+00:00,568.43,569.04,566.73,566.81,770377
2025-07-15 15:00:00+00:00,566.87,568.16,566.82,567.67,598361
2025-07-15 16:00:00+00:00,567.68,567.8,566.04,566.25,426333
2025-07-15 17:00:00+00:00,566.22,567.47,566.0,567.44,279294
2025-07-15 18:00:00+00:00,567.47,567.67,566.25,566.26,446700
2025-07-15 19:00:00+00:00,566.24,566.72,565.17,565.19,1617873
2025-07-15 20:00:00+00:00,565.18,565.33,564.31,564.43,293128
2025-07-15 21:00:00+00:00,564.52,564.58,564.43,564.43,8212
2025-07-15 22:00:00+00:00,564.44,564.44,563.74,564.12,11143
2025-07-15 23:00:00+00:00,564.09,564.37,563.65,564.28,6383
2025-07-16 08:00:00+00:00,564.32,564.99,564.16,564.99,6027
2025-07-16 09:00:00+00:00,564.58,564.84,564.48,564.84,4935
2025-07-16 10:00:00+00:00,564.96,565.18,564.91,565.18,4363
2025-07-16 11:00:00+00:00,565.03,565.26,564.79,565.2,14149
2025-07-16 12:00:00+00:00,564.52,566.82,563.35,566.59,69821
2025-07-16 13:00:00+00:00,566.58,566.99,565.13,565.19,1474281
2025-07-16 14:00:00+00:00,565.16,566.31,564.65,565.29,1129305
2025-07-16 15:00:00+00:00,565.32,566.31,561.54,565.03,1334359
2025-07-16 16:00:00+00:00,564.99,566.1,564.22,566.06,423846
2025-07-16 17:00:00+00:00,566.1,566.71,565.92,566.09,417035
2025-07-16 18:00:00+00:00,566.02,567.23,565.76,567.21,443563
2025-07-16 19:00:00+00:00,567.21,567.56,566.77,567.05,736931
2025-07-16 20:00:00+00:00,567.07,567.07,566.61,566.68,52054
2025-07-16 21:00:00+00:00,566.81,566.84,566.66,566.81,887
2025-07-16 22:00:00+00:00,566.81,566.81,566.06,566.06,4541
2025-07-16 23:00:00+00:00,566.25,566.32,566.08,566.11,3708
2025-07-17 08:00:00+00:00,567.24,567.51,567.1,567.51,3713
2025-07-17 09:00:00+00:00,567.6,567.77,567.6,567.77,2548
2025-07-17 10:00:00+00:00,567.52,567.55,567.12,567.26,6021
2025-07-17 11:00:00+00:00,567.15,567.16,566.7,566.85,10430
2025-07-17 12:00:00+00:00,567.14,568.19,566.12,568.12,41075
2025-07-17 13:00:00+00:00,568.11,568.91,567.1,568.5,605417
2025-07-17 14:00:00+00:00,568.57,568.94,567.7,568.55,608080
2025-07-17 15:00:00+00:00,568.58,569.87,568.55,569.83,673929
2025-07-17 16:00:00+00:00,569.84,570.08,569.21,569.48,844840
2025-07-17 17:00:00+00:00,569.46,570.04,569.34,570.04,614838
2025-07-17 18:00:00+00:00,570.04,570.67,569.74,570.49,599033
2025-07-17 19:00:00+00:00,570.5,570.91,570.23,570.51,1260968
2025-07-17 20:00:00+00:00,570.51,570.8,570.19,570.6,1171447
2025-07-17 21:00:00+00:00,570.54,570.56,570.41,570.54,1953
2025-07-17 22:00:00+00:00,570.56,570.7,570.43,570.56,9463
2025-07-17 23:00:00+00:00,570.44,571.28,570.44,571.25,10533
2025-07-18 08:00:00+00:00,571.24,571.51,571.24,571.51,6688
2025-07-18 09:00:00+00:00,571.54,571.54,571.38,571.41,4930
2025-07-18 10:00:00+00:00,571.4,571.45,570.82,570.96,10219
2025-07-18 11:00:00+00:00,570.93,571.15,570.78,571.09,27128
2025-07-18 12:00:00+00:00,571.63,572.03,570.81,571.34,37578
2025-07-18 13:00:00+00:00,571.35,571.84,570.93,571.12,573113
2025-07-18 14:00:00+00:00,571.12,571.75,569.73,569.77,785509
2025-07-18 15:00:00+00:00,569.78,570.68,569.52,570.63,343014
2025-07-18 16:00:00+00:00,570.64,570.66,569.16,569.31,476468
2025-07-18 17:00:00+00:00,569.37,570.1,569.12,569.69,357764
2025-07-18 18:00:00+00:00,569.71,569.99,569.32,569.74,361525
2025-07-18 19:00:00+00:00,569.81,570.31,569.64,570.15,1209161
2025-07-18 20:00:00+00:00,570.15,570.23,570.03,570.12,41555
2025-07-18 21:00:00+00:00,570.12,570.31,570.12,570.12,4603
2025-07-18 22:00:00+00:00,570.28,570.28,570.03,570.26,1840
2025-07-18 23:00:00+00:00,570.31,570.32,570.17,570.26,2992
2025-07-21 08:00:00+00:00,570.93,571.94,570.93,571.62,10142
2025-07-21 09:00:00+00:00,571.82,571.88,571.71,571.71,2695
2025-07-21 10:00:00+00:00,571.65,571.9,571.47,571.65,8693
2025-07-21 11:00:00+00:00,571.65,571.65,571.41,571.5,12764
2025-07-21 12:00:00+00:00,571.53,571.9,570.91,570.94,168485
2025-07-21 13:00:00+00:00,570.94,572.98,570.74,572.86,1392536
2025-07-21 14:00:00+00:00,572.86,573.61,572.7,573.24,845326
2025-07-21 15:00:00+00:00,573.27,573.75,573.14,573.43,486466
2025-07-21 16:00:00+00:00,573.4,573.55,572.84,573.5,608638
2025-07-21 17:00:00+00:00,573.49,573.72,573.38,573.44,421829
2025-07-21 18:00:00+00:00,573.39,573.5,572.64,572.66,514105
2025-07-21 19:00:00+00:00,572.7,572.7,570.85,571.23,1055248
2025-07-21 20:00:00+00:00,571.18,571.46,571.16,571.42,360727
2025-07-21 21:00:00+00:00,571.55,571.75,571.25,571.66,3135
2025-07-21 22:00:00+00:00,571.44,571.45,571.38,571.4,812
2025-07-21 23:00:00+00:00,571.45,571.49,571.29,571.29,1895
2025-07-22 08:00:00+00:00,570.81,571.06,570.53,570.59,7249
2025-07-22 09:00:00+00:00,570.61,570.63,570.5,570.58,4464
2025-07-22 10:00:00+00:00,570.64,570.82,570.55,570.78,5480
2025-07-22 11:00:00+00:00,570.76,571.39,570.63,571.39,15961
2025-07-22 12:00:00+00:00,570.66,571.6,570.66,571.52,33024
2025-07-22 13:00:00+00:00,571.48,571.63,568.92,569.51,819325
2025-07-22 14:00:00+00:00,569.43,570.57,568.94,570.47,837658
2025-07-22 15:00:00+00:00,570.49,570.62,569.91,570.22,788621
2025-07-22 16:00:00+00:00,570.22,570.62,569.65,570.38,382111
2025-07-22 17:00:00+00:00,570.4,571.61,570.33,570.86,385185
2025-07-22 18:00:00+00:00,570.83,571.89,570.09,571.77,520520
2025-07-22 19:00:00+00:00,571.73,572.08,571.2,571.29,845899
2025-07-22 20:00:00+00:00,571.25,571.38,571.06,571.32,94089
2025-07-22 21:00:00+00:00,571.53,571.53,570.86,571.45,1423
2025-07-22 22:00:00+00:00,571.53,571.57,571.06,571.06,1882
2025-07-22 23:00:00+00:00,571.2,572.88,571.14,572.84,7125
2025-07-23 08:00:00+00:00,572.74,573.62,572.74,573.62,7519
2025-07-23 09:00:00+00:00,573.72,573.81,573.43,573.73,4896
2025-07-23 10:00:00+00:00,573.77,573.92,573.59,573.6,5120
2025-07-23 11:00:00+00:00,573.55,573.6,573.04,573.55,16511
2025-07-23 12:00:00+00:00,573.55,573.77,573.23,573.5,41915
2025-07-23 13:00:00+00:00,573.47,574.04,572.2,572.32,676414
2025-07-23 14:00:00+00:00,572.3,573.04,572.11,573.01,581406
2025-07-23 15:00:00+00:00,573.02,574.88,572.68,574.26,674260
2025-07-23 16:00:00+00:00,574.22,574.71,573.6,574.06,490680
2025-07-23 17:00:00+00:00,574.03,574.98,573.77,574.66,478801
2025-07-23 18:00:00+00:00,574.71,575.65,574.71,575.31,462487
2025-07-23 19:00:00+00:00,575.32,576.15,575.05,576.13,653495
2025-07-23 20:00:00+00:00,576.14,576.82,575.65,576.7,131246
2025-07-23 21:00:00+00:00,576.74,576.98,576.38,576.42,3312
2025-07-23 22:00:00+00:00,576.41,576.59,576.3,576.37,5197
2025-07-23 23:00:00+00:00,576.47,576.59,576.4,576.59,2703
2025-07-24 08:00:00+00:00,576.47,576.8,575.84,576.43,7391
2025-07-24 09:00:00+00:00,576.44,576.72,576.38,576.72,4155
2025-07-24 10:00:00+00:00,576.68,576.73,576.11,576.22,4240
2025-07-24 11:00:00+00:00,576.25,576.92,576.19,576.69,12518
2025-07-24 12:00:00+00:00,576.58,576.79,575.62,576.12,38305
2025-07-24 13:00:00+00:00,576.13,577.21,575.87,576.96,779847
2025-07-24 14:00:00+00:00,576.99,577.45,576.04,577.36,578638
2025-07-24 15:00:00+00:00,577.37,577.7,577.14,577.38,455294
2025-07-24 16:00:00+00:00,577.37,577.4,576.21,576.84,364524
2025-07-24 17:00:00+00:00,576.76,577.78,576.69,577.12,404366
2025-07-24 18:00:00+00:00,577.12,577.92,576.63,577.11,469186
2025-07-24 19:00:00+00:00,577.08,577.58,576.23,576.41,653146
2025-07-24 20:00:00+00:00,576.4,577.11,576.23,576.85,40654
2025-07-24 21:00:00+00:00,576.7,576.82,576.7,576.81,1223
2025-07-24 22:00:00+00:00,576.88,577.32,576.76,577.15,6064
2025-07-24 23:00:00+00:00,577.08,577.33,577.02,577.33,2544
2025-07-25 08:00:00+00:00,576.86,577.17,576.7,577.1,2323
2025-07-25 09:00:00+00:00,577.05,577.1,576.97,577.06,1490
2025-07-25 10:00:00+00:00,577.1,577.31,577.09,577.31,4242
2025-07-25 11:00:00+00:00,577.23,577.23,576.94,577.02,1891
2025-07-25 12:00:00+00:00,576.95,578.11,576.83,577.13,8010
2025-07-25 13:00:00+00:00,577.11,577.45,576.75,577.08,498236
2025-07-25 14:00:00+00:00,577.16,577.93,576.82,577.62,589047
2025-07-25 15:00:00+00:00,577.64,577.89,577.46,577.73,316472
2025-07-25 16:00:00+00:00,577.76,578.67,577.64,578.57,287783
2025-07-25 17:00:00+00:00,578.55,579.03,578.45,578.86,363192
2025-07-25 18:00:00+00:00,578.85,579.19,578.69,578.89,373865
2025-07-25 19:00:00+00:00,578.87,579.2,578.37,578.73,648784
2025-07-25 20:00:00+00:00,578.72,579.01,578.46,578.87,1087814
2025-07-25 21:00:00+00:00,578.89,579.08,578.82,579.08,1009
2025-07-25 22:00:00+00:00,579.12,579.12,578.86,578.91,1618
2025-07-25 23:00:00+00:00,579.14,579.16,578.91,579.16,1636
2025-07-28 08:00:00+00:00,580.94,580.94,580.58,580.58,12166
2025-07-28 09:00:00+00:00,580.61,580.65,580.27,580.29,8012
2025-07-28 10:00:00+00:00,580.29,580.32,579.67,579.67,4344
2025-07-28 11:00:00+00:00,579.81,579.96,579.72,579.88,12199
2025-07-28 12:00:00+00:00,580.81,581.66,579.7,580.12,48734
2025-07-28 13:00:00+00:00,580.12,580.12,578.79,579.15,1026544
2025-07-28 14:00:00+00:00,579.15,579.65,578.93,579.12,624373
2025-07-28 15:00:00+00:00,579.08,579.22,578.14,579.06,643507
2025-07-28 16:00:00+00:00,579.02,579.28,578.51,578.63,333824
2025-07-28 17:00:00+00:00,578.65,578.84,577.91,577.93,313547
2025-07-28 18:00:00+00:00,577.9,578.05,577.42,577.86,491948
2025-07-28 19:00:00+00:00,577.84,578.73,577.54,578.63,598952
2025-07-28 20:00:00+00:00,578.64,578.82,578.61,578.73,47511
2025-07-28 21:00:00+00:00,578.73,578.73,578.36,578.68,1187
2025-07-28 22:00:00+00:00,578.91,579.08,578.91,579.06,3852
2025-07-28 23:00:00+00:00,578.94,579.11,578.94,579.11,1408
2025-07-29 08:00:00+00:00,579.99,580.13,579.86,579.93,4985
2025-07-29 09:00:00+00:00,580.02,580.23,579.96,580.2,8076
2025-07-29 10:00:00+00:00,580.31,580.35,580.14,580.25,6115
2025-07-29 11:00:00+00:00,580.23,580.44,579.85,580.06,8414
2025-07-29 12:00:00+00:00,580.23,580.44,579.41,579.7,18260
2025-07-29 13:00:00+00:00,579.7,580.23,578.94,579.66,743935
2025-07-29 14:00:00+00:00,579.63,579.68,578.29,578.48,565942
2025-07-29 15:00:00+00:00,578.45,578.72,576.66,577.74,553362
2025-07-29 16:00:00+00:00,577.69,577.98,576.98,577.97,379975
2025-07-29 17:00:00+00:00,577.96,578.31,576.85,577.47,476822
2025-07-29 18:00:00+00:00,577.4,577.69,577.03,577.21,270404
2025-07-29 19:00:00+00:00,577.2,577.45,576.31,577.11,1489457
2025-07-29 20:00:00+00:00,577.13,577.18,576.79,576.9,490704
2025-07-29 21:00:00+00:00,576.79,577.18,576.79,577.18,682
2025-07-29 22:00:00+00:00,577.18,577.3,577.02,577.21,4295
2025-07-29 23:00:00+00:00,577.23,577.31,577.21,577.21,4051
2025-07-30 08:00:00+00:00,578.04,578.04,577.32,577.59,3541
2025-07-30 09:00:00+00:00,577.58,577.69,577.45,577.45,3092
2025-07-30 10:00:00+00:00,577.83,577.87,577.76,577.85,1919
2025-07-30 11:00:00+00:00,577.96,578.24,577.89,578.06,8838
2025-07-30 12:00:00+00:00,578.0,578.09,577.31,577.69,141593
2025-07-30 13:00:00+00:00,577.69,578.02,577.18,577.55,1091907
2025-07-30 14:00:00+00:00,577.55,578.53,577.29,578.03,571148
2025-07-30 15:00:00+00:00,578.02,578.15,576.93,577.93,506726
2025-07-30 16:00:00+00:00,577.95,578.45,577.82,578.24,1155053
2025-07-30 17:00:00+00:00,578.25,578.67,577.95,578.46,449286
2025-07-30 18:00:00+00:00,578.42,579.31,574.75,574.98,1041975
2025-07-30 19:00:00+00:00,574.9,576.55,573.77,576.46,1254133
2025-07-30 20:00:00+00:00,576.47,579.75,576.19,578.71,639363
2025-07-30 21:00:00+00:00,579.13,580.15,578.68,579.9,37962
2025-07-30 22:00:00+00:00,579.76,580.72,579.64,580.52,42636
2025-07-30 23:00:00+00:00,580.64,580.84,580.45,580.51,8987
2025-07-31 08:00:00+00:00,582.15,582.78,581.13,582.46,16985
2025-07-31 09:00:00+00:00,582.15,582.26,581.82,581.97,6308
2025-07-31 10:00:00+00:00,581.94,582.21,581.46,581.46,2691
2025-07-31 11:00:00+00:00,581.62,581.72,581.24,581.34,19425
2025-07-31 12:00:00+00:00,581.27,582.61,581.27,581.81,39764
2025-07-31 13:00:00+00:00,581.75,581.75,579.39,580.85,989386
2025-07-31 14:00:00+00:00,580.89,581.27,578.3,578.35,796230
2025-07-31 15:00:00+00:00,578.39,579.21,577.0,579.2,671239
2025-07-31 16:00:00+00:00,579.19,579.91,578.95,579.47,489983
2025-07-31 17:00:00+00:00,579.41,579.41,575.18,575.51,819623
2025-07-31 18:00:00+00:00,575.48,577.0,573.67,576.13,709056
2025-07-31 19:00:00+00:00,576.19,576.75,573.07,574.15,2095798
2025-07-31 20:00:00+00:00,574.15,575.35,573.06,573.86,308200
2025-07-31 21:00:00+00:00,574.02,574.8,573.7,573.7,10605
2025-07-31 22:00:00+00:00,573.24,574.24,572.33,573.02,30131
2025-07-31 23:00:00+00:00,573.02,573.33,572.69,573.33,6980
2025-08-01 08:00:00+00:00,570.1,573.39,568.41,569.37,41154
2025-08-01 09:00:00+00:00,569.46,569.56,568.98,569.3,8873
2025-08-01 10:00:00+00:00,569.23,569.23,567.75,568.09,15508
2025-08-01 11:00:00+00:00,568.15,569.55,568.07,569.55,23367
2025-08-01 12:00:00+00:00,569.04,573.73,568.15,568.73,90262
2025-08-01 13:00:00+00:00,568.68,569.26,564.27,564.64,1787348
2025-08-01 14:00:00+00:00,564.63,566.94,562.94,565.08,1616935
2025-08-01 15:00:00+00:00,565.03,566.93,564.52,566.89,819038
2025-08-01 16:00:00+00:00,566.92,567.78,564.39,564.51,802624
2025-08-01 17:00:00+00:00,564.46,564.87,563.44,563.83,705795
2025-08-01 18:00:00+00:00,563.88,566.07,562.64,564.57,966234
2025-08-01 19:00:00+00:00,564.53,566.27,564.04,564.8,1606678
2025-08-01 20:00:00+00:00,564.8,565.2,564.74,564.83,259846
2025-08-01 21:00:00+00:00,564.89,565.29,564.69,565.29,4717
2025-08-01 22:00:00+00:00,565.21,565.35,564.94,564.94,2290
2025-08-01 23:00:00+00:00,564.79,564.89,564.33,564.33,1554
2025-08-04 08:00:00+00:00,567.72,568.69,567.33,568.69,8954
2025-08-04 09:00:00+00:00,568.82,568.99,568.57,568.63,6868
2025-08-04 10:00:00+00:00,568.49,568.78,568.27,568.27,5141
2025-08-04 11:00:00+00:00,567.9,568.27,567.73,567.77,11549
2025-08-04 12:00:00+00:00,567.87,568.54,566.41,568.19,86673
2025-08-04 13:00:00+00:00,568.18,571.61,568.06,571.43,1473172
2025-08-04 14:00:00+00:00,571.48,572.07,570.82,571.54,844650
2025-08-04 15:00:00+00:00,571.57,572.4,571.09,572.24,543579
2025-08-04 16:00:00+00:00,572.25,572.75,572.03,572.5,445001
2025-08-04 17:00:00+00:00,572.49,572.84,571.8,572.2,493529
2025-08-04 18:00:00+00:00,572.14,572.7,572.12,572.23,464707
2025-08-04 19:00:00+00:00,572.25,573.44,572.15,573.35,1117665
2025-08-04 20:00:00+00:00,573.34,574.45,573.23,574.45,1091228
2025-08-04 21:00:00+00:00,574.42,574.52,574.22,574.37,10643
2025-08-04 22:00:00+00:00,574.45,574.55,574.05,574.05,6509
2025-08-04 23:00:00+00:00,574.13,574.16,573.95,573.95,1397
2025-08-05 08:00:00+00:00,573.9,574.13,573.71,573.95,6286
2025-08-05 09:00:00+00:00,573.88,574.45,573.87,574.06,3763
2025-08-05 10:00:00+00:00,574.68,574.95,574.68,574.84,5612
2025-08-05 11:00:00+00:00,574.86,574.94,574.35,574.75,12786
2025-08-05 12:00:00+00:00,574.8,575.12,574.02,574.07,44427
2025-08-05 13:00:00+00:00,574.13,574.71,573.48,574.01,705509
2025-08-05 14:00:00+00:00,574.02,574.02,569.67,570.45,1139033
2025-08-05 15:00:00+00:00,570.36,571.15,569.8,570.62,523877
2025-08-05 16:00:00+00:00,570.6,572.05,570.37,571.39,446015
2025-08-05 17:00:00+00:00,571.29,572.65,571.16,572.48,395174
2025-08-05 18:00:00+00:00,572.45,572.56,570.43,570.91,496877
2025-08-05 19:00:00+00:00,570.94,571.55,570.38,570.62,769279
2025-08-05 20:00:00+00:00,570.58,571.11,570.21,570.47,59246
2025-08-05 21:00:00+00:00,570.22,570.72,570.22,570.56,3817
2025-08-05 22:00:00+00:00,570.52,570.52,569.67,570.17,8832
2025-08-05 23:00:00+00:00,570.36,570.42,570.1,570.1,3768
2025-08-06 08:00:00+00:00,573.37,573.5,572.37,572.54,7087
2025-08-06 09:00:00+00:00,572.52,572.52,571.96,571.96,528
2025-08-06 10:00:00+00:00,571.91,572.2,571.27,571.6,10550
2025-08-06 11:00:00+00:00,571.71,572.2,571.71,571.87,5627
2025-08-06 12:00:00+00:00,572.17,573.23,571.25,571.84,16925
2025-08-06 13:00:00+00:00,571.91,572.3,570.82,571.36,640867
2025-08-06 14:00:00+00:00,571.38,573.28,570.67,573.18,703154
2025-08-06 15:00:00+00:00,573.23,575.01,572.76,574.8,596764
2025-08-06 16:00:00+00:00,574.83,575.06,574.06,574.43,479850
2025-08-06 17:00:00+00:00,574.41,574.82,574.15,574.39,450656
2025-08-06 18:00:00+00:00,574.38,575.27,574.35,574.75,588764
2025-08-06 19:00:00+00:00,574.72,575.47,574.54,574.81,896610
2025-08-06 20:00:00+00:00,574.82,574.85,574.48,574.71,85659
2025-08-06 21:00:00+00:00,574.7,575.06,573.92,574.98,8079
2025-08-06 22:00:00+00:00,575.06,576.15,574.41,575.82,21896
2025-08-06 23:00:00+00:00,575.91,576.19,575.47,575.5,9736
2025-08-07 08:00:00+00:00,576.97,578.21,576.97,578.05,7692
2025-08-07 09:00:00+00:00,577.99,579.16,577.99,579.02,10438
2025-08-07 10:00:00+00:00,579.19,579.7,578.51,578.71,5444
2025-08-07 11:00:00+00:00,578.48,578.83,577.99,578.17,14096
2025-08-07 12:00:00+00:00,575.88,579.41,575.88,578.07,71238
2025-08-07 13:00:00+00:00,578.27,578.68,577.18,578.2,669273
2025-08-07 14:00:00+00:00,578.32,578.57,574.57,574.78,742154
2025-08-07 15:00:00+00:00,574.84,575.21,573.62,574.16,404869
2025-08-07 16:00:00+00:00,574.12,574.72,572.49,573.49,447628
2025-08-07 17:00:00+00:00,573.63,574.03,572.1,573.02,415879
2025-08-07 18:00:00+00:00,573.01,573.24,571.56,572.84,962214
2025-08-07 19:00:00+00:00,572.9,574.54,572.39,574.45,684748
2025-08-07 20:00:00+00:00,574.45,575.21,574.4,574.93,116820
2025-08-07 21:00:00+00:00,574.85,575.01,574.85,574.91,7566
2025-08-07 22:00:00+00:00,575.01,575.78,574.91,575.6,9687
2025-08-07 23:00:00+00:00,575.47,575.61,575.25,575.42,2681
2025-08-08 08:00:00+00:00,575.85,576.09,575.84,575.95,2168
2025-08-08 09:00:00+00:00,576.1,576.22,576.0,576.21,1879
2025-08-08 10:00:00+00:00,576.19,576.42,576.19,576.37,1416
2025-08-08 11:00:00+00:00,576.27,576.66,576.27,576.64,6609
2025-08-08 12:00:00+00:00,576.68,576.69,575.58,575.74,27946
2025-08-08 13:00:00+00:00,575.78,577.75,575.61,577.7,1239995
2025-08-08 14:00:00+00:00,577.71,578.76,577.58,577.7,708009
2025-08-08 15:00:00+00:00,577.68,578.27,576.81,578.14,448966
2025-08-08 16:00:00+00:00,578.14,579.07,578.1,578.33,392323
2025-08-08 17:00:00+00:00,578.32,579.02,577.96,578.89,320140
2025-08-08 18:00:00+00:00,578.93,579.33,578.69,578.97,410244
2025-08-08 19:00:00+00:00,578.96,579.31,577.89,578.9,682164
2025-08-08 20:00:00+00:00,578.86,579.88,578.86,579.76,71721
2025-08-08 21:00:00+00:00,579.4,579.75,579.4,579.75,2066
2025-08-08 22:00:00+00:00,579.77,580.15,579.65,580.15,2127
2025-08-08 23:00:00+00:00,580.15,580.15,579.76,579.96,5955
2025-08-11 08:00:00+00:00,579.07,579.09,578.55,578.95,4665
2025-08-11 09:00:00+00:00,578.97,579.5,578.95,579.45,2731
2025-08-11 10:00:00+00:00,579.48,579.71,579.39,579.69,2085
2025-08-11 11:00:00+00:00,579.79,579.95,579.63,579.95,5494
2025-08-11 12:00:00+00:00,579.81,580.25,579.2,579.27,28483
2025-08-11 13:00:00+00:00,579.33,579.43,578.65,579.37,755770
2025-08-11 14:00:00+00:00,579.38,579.64,578.37,578.55,615335
2025-08-11 15:00:00+00:00,578.54,579.55,578.32,579.5,402031
2025-08-11 16:00:00+00:00,579.55,580.5,579.05,579.07,430360
2025-08-11 17:00:00+00:00,579.04,579.28,578.22,578.58,358718
2025-08-11 18:00:00+00:00,578.63,578.64,577.44,578.31,713962
2025-08-11 19:00:00+00:00,578.28,578.4,576.63,577.68,1674064
2025-08-11 20:00:00+00:00,577.71,577.82,577.23,577.26,194342
2025-08-11 21:00:00+00:00,577.39,577.58,577.27,577.53,8897
2025-08-11 22:00:00+00:00,577.58,577.58,577.14,577.56,2726
2025-08-11 23:00:00+00:00,577.7,577.73,577.55,577.55,1801
2025-08-12 08:00:00+00:00,578.43,578.43,577.93,577.93,2676
2025-08-12 09:00:00+00:00,578.04,578.06,577.9,577.9,1781
2025-08-12 10:00:00+00:00,577.77,577.79,577.66,577.66,2066
2025-08-12 11:00:00+00:00,577.21,577.63,577.05,577.63,4815
2025-08-12 12:00:00+00:00,577.58,581.48,577.17,580.64,91479
2025-08-12 13:00:00+00:00,580.63,581.35,578.74,579.06,1625440
2025-08-12 14:00:00+00:00,579.07,581.66,578.6,581.35,887811
2025-08-12 15:00:00+00:00,581.35,582.62,581.34,582.58,768218
2025-08-12 16:00:00+00:00,582.54,583.27,582.27,583.02,498408
2025-08-12 17:00:00+00:00,583.02,583.41,582.78,583.34,379351
2025-08-12 18:00:00+00:00,583.34,583.84,583.27,583.31,512565
2025-08-12 19:00:00+00:00,583.28,584.06,583.28,583.85,936169
2025-08-12 20:00:00+00:00,583.91,584.0,583.69,584.0,60659
2025-08-12 21:00:00+00:00,583.71,583.79,583.71,583.71,3573
2025-08-12 22:00:00+00:00,583.72,583.72,583.6,583.62,3530
2025-08-12 23:00:00+00:00,583.59,584.2,583.59,584.15,16624
2025-08-13 08:00:00+00:00,584.97,585.09,584.94,584.98,2546
2025-08-13 09:00:00+00:00,584.93,585.44,584.93,585.44,1923
2025-08-13 10:00:00+00:00,585.36,585.43,585.3,585.32,2003
2025-08-13 11:00:00+00:00,585.19,585.37,585.09,585.12,8918
2025-08-13 12:00:00+00:00,585.17,585.78,583.8,585.61,37920
2025-08-13 13:00:00+00:00,585.64,587.1,585.55,586.6,915813
2025-08-13 14:00:00+00:00,586.6,586.65,584.73,584.95,809437
2025-08-13 15:00:00+00:00,584.96,585.33,584.26,584.56,654164
2025-08-13 16:00:00+00:00,584.6,585.02,583.91,584.19,439309
2025-08-13 17:00:00+00:00,584.21,584.87,583.95,584.72,432628
2025-08-13 18:00:00+00:00,584.65,585.39,584.43,585.12,478412
2025-08-13 19:00:00+00:00,585.1,586.08,584.99,585.89,1063842
2025-08-13 20:00:00+00:00,585.91,586.22,585.41,585.41,60945
2025-08-13 21:00:00+00:00,585.63,585.72,585.4,585.7,1216
2025-08-13 22:00:00+00:00,585.7,585.85,585.09,585.85,5911
2025-08-13 23:00:00+00:00,585.89,585.91,585.66,585.74,3322
2025-08-14 08:00:00+00:00,585.56,585.83,585.55,585.74,4060
2025-08-14 09:00:00+00:00,585.57,585.99,585.57,585.8,1362
2025-08-14 10:00:00+00:00,585.66,585.69,585.59,585.59,1250
2025-08-14 11:00:00+00:00,585.6,586.14,585.59,586.14,8964
2025-08-14 12:00:00+00:00,585.61,586.25,582.82,583.69,77592
2025-08-14 13:00:00+00:00,583.81,585.35,583.36,585.14,992720
2025-08-14 14:00:00+00:00,585.14,586.52,584.83,585.8,918462
2025-08-14 15:00:00+00:00,585.77,585.83,584.17,585.19,916577
2025-08-14 16:00:00+00:00,585.16,585.35,583.9,585.27,519239
2025-08-14 17:00:00+00:00,585.28,586.06,585.2,585.77,496449
2025-08-14 18:00:00+00:00,585.72,585.97,585.04,585.66,1114727
2025-08-14 19:00:00+00:00,585.65,586.58,585.55,585.94,1011255
2025-08-14 20:00:00+00:00,585.96,586.03,585.34,586.03,149028
2025-08-14 21:00:00+00:00,586.08,586.15,585.79,586.08,1618
2025-08-14 22:00:00+00:00,586.19,586.19,586.07,586.08,3764
2025-08-14 23:00:00+00:00,586.41,586.41,586.19,586.19,1835
2025-08-15 08:00:00+00:00,587.71,587.77,586.74,586.74,3454
2025-08-15 09:00:00+00:00,586.64,586.8,586.59,586.59,2700
2025-08-15 10:00:00+00:00,586.44,587.11,586.32,587.09,3946
2025-08-15 11:00:00+00:00,587.14,587.36,587.14,587.15,9083
2025-08-15 12:00:00+00:00,587.15,587.96,586.58,587.15,670554
2025-08-15 13:00:00+00:00,587.07,587.18,584.86,585.16,1169813
2025-08-15 14:00:00+00:00,585.03,585.69,584.4,584.72,910699
2025-08-15 15:00:00+00:00,584.72,585.33,583.76,584.56,1334538
2025-08-15 16:00:00+00:00,584.52,585.35,584.3,585.18,576409
2025-08-15 17:00:00+00:00,585.19,585.85,584.89,585.81,513361
2025-08-15 18:00:00+00:00,585.76,585.89,584.93,585.33,653464
2025-08-15 19:00:00+00:00,585.32,585.36,584.32,584.62,1007008
2025-08-15 20:00:00+00:00,584.6,584.66,584.05,584.08,316530
2025-08-15 21:00:00+00:00,584.23,584.59,584.18,584.59,1073
2025-08-15 22:00:00+00:00,584.6,584.6,584.28,584.28,1567
2025-08-15 23:00:00+00:00,584.63,585.09,584.52,584.7,5090
2025-08-18 08:00:00+00:00,584.66,584.66,583.61,584.06,13615
2025-08-18 09:00:00+00:00,584.1,584.1,583.38,583.38,5945
2025-08-18 10:00:00+00:00,583.79,584.2,583.78,584.18,11067
2025-08-18 11:00:00+00:00,584.2,584.25,583.86,584.06,2678
2025-08-18 12:00:00+00:00,585.45,585.45,583.79,584.24,19770
2025-08-18 13:00:00+00:00,584.38,584.92,583.79,583.93,898465
2025-08-18 14:00:00+00:00,583.96,585.04,583.6,584.43,961192
2025-08-18 15:00:00+00:00,584.4,584.6,583.76,583.98,638745
2025-08-18 16:00:00+00:00,583.96,584.53,583.46,583.74,569860
2025-08-18 17:00:00+00:00,583.73,584.94,583.73,584.01,556787
2025-08-18 18:00:00+00:00,583.97,584.7,583.71,584.56,493834
2025-08-18 19:00:00+00:00,584.59,585.11,584.31,584.46,944599
2025-08-18 20:00:00+00:00,584.46,584.58,584.31,584.35,157744
2025-08-18 21:00:00+00:00,584.41,584.51,584.37,584.51,1388
2025-08-18 22:00:00+00:00,584.49,585.16,584.49,584.93,8551
2025-08-18 23:00:00+00:00,584.93,584.93,584.63,584.64,1497
2025-08-19 08:00:00+00:00,583.97,584.15,583.89,584.15,1203
2025-08-19 09:00:00+00:00,584.23,584.55,584.23,584.3,1533
2025-08-19 10:00:00+00:00,584.13,584.13,583.77,583.77,5064
2025-08-19 11:00:00+00:00,583.96,584.39,583.9,584.39,1426
2025-08-19 12:00:00+00:00,583.61,584.5,583.61,584.08,15028
2025-08-19 13:00:00+00:00,584.03,584.6,583.28,584.07,745697
2025-08-19 14:00:00+00:00,584.07,585.21,582.58,582.6,1310640
2025-08-19 15:00:00+00:00,582.58,583.19,581.9,582.14,844286
2025-08-19 16:00:00+00:00,582.13,582.47,580.93,581.17,955360
2025-08-19 17:00:00+00:00,581.2,581.56,580.38,581.3,723073
2025-08-19 18:00:00+00:00,581.31,581.35,580.26,580.66,658853
2025-08-19 19:00:00+00:00,580.64,581.37,580.09,581.23,1302215
2025-08-19 20:00:00+00:00,581.27,581.54,581.26,581.43,130450
2025-08-19 21:00:00+00:00,581.39,581.42,581.14,581.14,3173
2025-08-19 22:00:00+00:00,581.28,581.61,581.06,581.23,13011
2025-08-19 23:00:00+00:00,581.18,581.3,580.55,580.62,9254
2025-08-20 08:00:00+00:00,580.21,580.33,579.65,580.12,15188
2025-08-20 09:00:00+00:00,580.12,580.72,580.05,580.61,2834
2025-08-20 10:00:00+00:00,580.54,580.84,580.4,580.59,2232
2025-08-20 11:00:00+00:00,580.71,581.0,580.27,580.65,4652
2025-08-20 12:00:00+00:00,581.0,581.04,579.48,580.75,21733
2025-08-20 13:00:00+00:00,580.78,581.14,576.89,577.3,1244476
2025-08-20 14:00:00+00:00,577.24,578.07,575.06,575.47,1397893
2025-08-20 15:00:00+00:00,575.41,578.61,575.26,577.04,1222441
2025-08-20 16:00:00+00:00,577.05,579.17,577.02,578.1,714756
2025-08-20 17:00:00+00:00,578.05,579.59,578.01,578.94,600402
2025-08-20 18:00:00+00:00,578.94,579.08,577.14,578.46,612173
2025-08-20 19:00:00+00:00,578.5,580.61,578.5,579.73,1167244
2025-08-20 20:00:00+00:00,579.72,579.8,579.47,579.7,41385
2025-08-20 21:00:00+00:00,579.77,579.79,579.37,579.75,1907
2025-08-20 22:00:00+00:00,579.91,579.91,579.36,579.43,2611
2025-08-20 23:00:00+00:00,579.51,579.51,579.28,579.36,467
2025-08-21 08:00:00+00:00,579.58,579.77,579.33,579.75,5562
2025-08-21 09:00:00+00:00,578.91,579.28,578.91,579.08,1425
2025-08-21 10:00:00+00:00,578.63,578.73,578.17,578.73,2657
2025-08-21 11:00:00+00:00,578.84,579.1,578.08,578.29,3932
2025-08-21 12:00:00+00:00,579.36,580.01,577.18,577.28,30173
2025-08-21 13:00:00+00:00,577.31,578.31,576.34,577.04,959785
2025-08-21 14:00:00+00:00,577.0,579.61,576.62,578.86,973249
2025-08-21 15:00:00+00:00,578.95,579.27,577.21,577.44,606240
2025-08-21 16:00:00+00:00,577.49,577.83,576.66,576.79,389526
2025-08-21 17:00:00+00:00,576.82,578.03,575.85,577.74,422436
2025-08-21 18:00:00+00:00,577.76,578.07,577.0,577.95,411811
2025-08-21 19:00:00+00:00,577.91,578.29,577.01,577.46,684521
2025-08-21 20:00:00+00:00,577.46,577.74,577.32,577.73,66510
2025-08-21 21:00:00+00:00,577.92,577.94,577.53,577.72,5357
2025-08-21 22:00:00+00:00,577.94,578.24,577.92,578.17,2933
2025-08-21 23:00:00+00:00,578.14,578.32,577.99,578.32,8233
2025-08-22 08:00:00+00:00,577.85,578.97,577.85,578.77,4434
2025-08-22 09:00:00+00:00,578.86,578.98,578.66,578.98,781
2025-08-22 10:00:00+00:00,579.06,579.25,579.06,579.08,3145
2025-08-22 11:00:00+00:00,579.14,579.26,578.72,578.77,5529
2025-08-22 12:00:00+00:00,579.0,579.21,576.34,578.83,96506
2025-08-22 13:00:00+00:00,578.7,581.23,578.7,580.04,1272123
2025-08-22 14:00:00+00:00,580.13,587.09,580.13,586.66,1372584
2025-08-22 15:00:00+00:00,586.68,587.38,586.31,586.37,749888
2025-08-22 16:00:00+00:00,586.41,586.85,585.39,585.75,499351
2025-08-22 17:00:00+00:00,585.82,587.27,585.81,586.73,567508
2025-08-22 18:00:00+00:00,586.75,586.96,586.27,586.45,552070
2025-08-22 19:00:00+00:00,586.43,586.59,585.41,586.3,1190844
2025-08-22 20:00:00+00:00,586.24,586.55,586.24,586.36,46525
2025-08-22 21:00:00+00:00,586.26,586.53,586.21,586.41,2708
2025-08-22 22:00:00+00:00,586.41,586.5,586.29,586.5,456
2025-08-22 23:00:00+00:00,586.56,586.75,586.44,586.58,5967
2025-08-25 08:00:00+00:00,585.59,585.71,585.32,585.43,3464
2025-08-25 09:00:00+00:00,585.09,585.09,584.96,584.96,1252
2025-08-25 10:00:00+00:00,585.14,585.14,584.63,584.73,3134
2025-08-25 11:00:00+00:00,584.63,585.09,584.63,584.99,4687
2025-08-25 12:00:00+00:00,586.25,586.25,584.38,584.69,707497
2025-08-25 13:00:00+00:00,584.61,585.45,584.6,585.41,1202681
2025-08-25 14:00:00+00:00,585.42,585.74,584.88,585.5,1069797
2025-08-25 15:00:00+00:00,585.48,586.09,585.34,586.02,761054
2025-08-25 16:00:00+00:00,586.0,586.3,585.84,586.03,493003
2025-08-25 17:00:00+00:00,586.02,586.04,585.16,585.58,587360
2025-08-25 18:00:00+00:00,585.6,585.63,585.03,585.07,521789
2025-08-25 19:00:00+00:00,585.07,585.25,583.66,583.76,993666
2025-08-25 20:00:00+00:00,583.75,584.33,583.66,584.2,103986
2025-08-25 21:00:00+00:00,584.16,584.3,584.1,584.3,2222
2025-08-25 22:00:00+00:00,584.17,584.53,584.17,584.39,2595
2025-08-25 23:00:00+00:00,584.37,584.37,584.07,584.2,1905
2025-08-26 08:00:00+00:00,582.86,583.25,582.8,583.1,3216
2025-08-26 09:00:00+00:00,582.99,583.31,582.99,583.31,2689
2025-08-26 10:00:00+00:00,583.66,583.67,583.63,583.67,793
2025-08-26 11:00:00+00:00,583.62,583.62,583.0,583.36,10200
2025-08-26 12:00:00+00:00,583.61,583.76,582.47,583.38,28616
2025-08-26 13:00:00+00:00,583.51,584.06,582.91,583.64,704140
2025-08-26 14:00:00+00:00,583.76,584.46,583.69,583.95,605426
2025-08-26 15:00:00+00:00,583.94,584.11,583.58,583.99,466702
2025-08-26 16:00:00+00:00,584.03,584.7,584.03,584.48,402957
2025-08-26 17:00:00+00:00,584.5,584.74,583.72,584.09,440484
2025-08-26 18:00:00+00:00,584.07,585.19,584.03,585.02,1107453
2025-08-26 19:00:00+00:00,585.0,586.5,584.77,586.19,924856
2025-08-26 20:00:00+00:00,586.15,586.75,586.04,586.75,52718
2025-08-26 21:00:00+00:00,586.47,586.65,586.47,586.65,2015
2025-08-26 22:00:00+00:00,586.58,586.82,586.58,586.75,5210
2025-08-26 23:00:00+00:00,586.72,586.74,586.67,586.74,1828
2025-08-27 08:00:00+00:00,586.36,586.45,586.08,586.16,4403
2025-08-27 09:00:00+00:00,586.62,586.62,586.62,586.62,109
2025-08-27 10:00:00+00:00,586.65,586.65,586.64,586.64,618
2025-08-27 11:00:00+00:00,586.57,586.84,586.55,586.84,2967
2025-08-27 12:00:00+00:00,586.66,586.93,586.02,586.23,19907
2025-08-27 13:00:00+00:00,586.22,586.48,585.51,586.37,1299120
2025-08-27 14:00:00+00:00,586.37,587.31,586.28,587.13,640975
2025-08-27 15:00:00+00:00,587.14,587.57,586.88,587.44,563857
2025-08-27 16:00:00+00:00,587.45,587.49,586.39,587.23,425492
2025-08-27 17:00:00+00:00,587.2,587.69,587.0,587.64,335566
2025-08-27 18:00:00+00:00,587.63,588.17,587.47,587.89,444199
2025-08-27 19:00:00+00:00,587.88,588.19,586.8,587.49,1573792
2025-08-27 20:00:00+00:00,587.49,588.34,584.42,586.7,138403
2025-08-27 21:00:00+00:00,586.59,587.12,586.37,587.01,13407
2025-08-27 22:00:00+00:00,586.34,586.34,585.78,586.05,8144
2025-08-27 23:00:00+00:00,585.87,586.13,585.75,585.85,4474
2025-08-28 08:00:00+00:00,588.05,588.67,587.48,588.08,17839
2025-08-28 09:00:00+00:00,588.21,588.21,587.86,587.88,3945
2025-08-28 10:00:00+00:00,587.81,587.99,587.38,587.52,10854
2025-08-28 11:00:00+00:00,587.7,587.82,587.26,587.81,2492
2025-08-28 12:00:00+00:00,587.34,588.37,587.22,587.97,37486
2025-08-28 13:00:00+00:00,588.11,588.84,586.34,586.89,750080
2025-08-28 14:00:00+00:00,586.85,588.0,586.58,587.76,697585
2025-08-28 15:00:00+00:00,587.77,588.46,587.02,587.88,599749
2025-08-28 16:00:00+00:00,587.9,589.13,587.82,588.47,602271
2025-08-28 17:00:00+00:00,588.48,589.21,588.29,589.11,478048
2025-08-28 18:00:00+00:00,589.11,589.72,589.07,589.65,502132
2025-08-28 19:00:00+00:00,589.65,590.1,589.43,589.54,1191348
2025-08-28 20:00:00+00:00,589.57,589.71,589.41,589.54,139398
2025-08-28 21:00:00+00:00,589.62,589.9,589.29,589.55,2856
2025-08-28 22:00:00+00:00,589.4,589.55,589.16,589.16,3030
2025-08-28 23:00:00+00:00,589.25,589.38,589.22,589.35,2279
2025-08-29 08:00:00+00:00,588.53,588.76,587.81,587.81,10094
2025-08-29 09:00:00+00:00,587.56,588.08,587.43,588.08,2917
2025-08-29 10:00:00+00:00,587.86,588.14,587.86,587.87,1495
2025-08-29 11:00:00+00:00,588.02,588.23,587.96,588.07,4065
2025-08-29 12:00:00+00:00,587.96,589.44,587.73,588.47,32626
2025-08-29 13:00:00+00:00,588.48,588.74,586.34,586.44,1574975
2025-08-29 14:00:00+00:00,586.54,586.98,584.34,584.94,1237369
2025-08-29 15:00:00+00:00,584.96,585.8,584.85,584.93,699083
2025-08-29 16:00:00+00:00,584.92,586.06,584.92,585.78,493552
2025-08-29 17:00:00+00:00,585.75,586.02,584.62,585.73,559864
2025-08-29 18:00:00+00:00,585.62,585.79,585.28,585.55,555894
2025-08-29 19:00:00+00:00,585.54,586.17,584.93,586.09,1570424
2025-08-29 20:00:00+00:00,586.09,586.36,585.74,585.99,722162
2025-08-29 21:00:00+00:00,586.02,586.35,585.07,586.35,14116
2025-08-29 22:00:00+00:00,586.29,586.29,586.08,586.08,837
2025-08-29 23:00:00+00:00,586.0,586.04,585.98,586.04,1228
2025-09-02 08:00:00+00:00,583.23,583.41,582.16,583.16,21869
2025-09-02 09:00:00+00:00,583.23,583.23,582.87,582.87,1707
2025-09-02 10:00:00+00:00,582.23,582.26,581.38,581.72,9994
2025-09-02 11:00:00+00:00,581.85,581.88,581.37,581.47,20243
2025-09-02 12:00:00+00:00,581.55,585.71,578.3,579.08,120911
2025-09-02 13:00:00+00:00,579.02,580.9,577.9,580.63,2012979
2025-09-02 14:00:00+00:00,580.5,581.59,578.96,579.35,1607064
2025-09-02 15:00:00+00:00,579.35,579.61,576.86,577.12,1194761
2025-09-02 16:00:00+00:00,577.12,578.71,576.97,578.7,905361
2025-09-02 17:00:00+00:00,578.69,580.59,578.37,579.97,1735021
2025-09-02 18:00:00+00:00,579.95,580.51,579.06,579.72,854713
2025-09-02 19:00:00+00:00,579.7,581.93,579.7,581.8,1830809
2025-09-02 20:00:00+00:00,581.8,583.66,581.67,583.66,760136
2025-09-02 21:00:00+00:00,583.79,583.79,583.61,583.66,2258
2025-09-02 22:00:00+00:00,583.39,583.54,582.68,582.73,10339
2025-09-02 23:00:00+00:00,582.82,582.82,582.54,582.54,3351
2025-09-03 08:00:00+00:00,583.36,584.3,583.36,584.1,11715
2025-09-03 09:00:00+00:00,584.1,584.66,583.9,584.53,3022
2025-09-03 10:00:00+00:00,584.47,584.73,584.33,584.62,4992
2025-09-03 11:00:00+00:00,584.8,584.9,583.91,583.95,10302
2025-09-03 12:00:00+00:00,584.67,584.74,582.03,583.66,121459
2025-09-03 13:00:00+00:00,583.7,584.41,583.18,583.29,1587496
2025-09-03 14:00:00+00:00,583.42,585.27,582.94,585.11,1118960
2025-09-03 15:00:00+00:00,585.11,585.32,583.41,583.65,832293
2025-09-03 16:00:00+00:00,583.64,584.32,582.8,583.14,611440
2025-09-03 17:00:00+00:00,583.14,584.08,582.06,582.38,613757
2025-09-03 18:00:00+00:00,582.39,582.64,581.91,582.29,588546
2025-09-03 19:00:00+00:00,582.25,584.87,582.02,584.74,1070065
2025-09-03 20:00:00+00:00,584.81,585.17,584.81,585.01,94817
2025-09-03 21:00:00+00:00,584.84,584.84,584.84,584.84,830
2025-09-03 22:00:00+00:00,584.84,584.84,584.57,584.6,5336
2025-09-03 23:00:00+00:00,584.76,584.76,584.49,584.52,1038
2025-09-04 08:00:00+00:00,585.51,585.76,585.45,585.63,1492
2025-09-04 09:00:00+00:00,585.68,585.83,585.55,585.64,4391
2025-09-04 10:00:00+00:00,585.9,586.16,585.9,585.95,2807
2025-09-04 11:00:00+00:00,586.06,586.06,585.32,585.56,7687
2025-09-04 12:00:00+00:00,585.29,586.04,585.14,585.48,104478
2025-09-04 13:00:00+00:00,585.45,586.32,585.16,585.93,967019
2025-09-04 14:00:00+00:00,586.01,586.76,584.69,586.63,966352
2025-09-04 15:00:00+00:00,586.65,587.5,586.34,587.16,605683
2025-09-04 16:00:00+00:00,587.14,587.46,586.78,586.91,546270
2025-09-04 17:00:00+00:00,586.91,588.28,586.89,588.0,883075
2025-09-04 18:00:00+00:00,587.99,588.48,587.96,588.44,594030
2025-09-04 19:00:00+00:00,588.45,589.8,588.42,589.65,1179511
2025-09-04 20:00:00+00:00,589.66,590.12,589.42,589.8,2142166
2025-09-04 21:00:00+00:00,590.03,590.26,589.88,590.03,4823
2025-09-04 22:00:00+00:00,589.91,590.18,589.91,590.13,7836
2025-09-04 23:00:00+00:00,590.17,590.17,590.06,590.13,1966
2025-09-05 08:00:00+00:00,590.9,591.33,590.9,591.33,1434
2025-09-05 09:00:00+00:00,591.2,591.2,590.99,591.05,1389
2025-09-05 10:00:00+00:00,590.9,591.15,590.84,591.15,838
2025-09-05 11:00:00+00:00,590.88,591.23,590.7,590.76,10765
2025-09-05 12:00:00+00:00,590.88,592.1,589.29,592.1,60524
2025-09-05 13:00:00+00:00,592.1,592.6,591.09,591.6,1074297
2025-09-05 14:00:00+00:00,591.56,591.56,585.22,585.3,1280543
2025-09-05 15:00:00+00:00,585.25,587.79,584.55,586.62,1675095
2025-09-05 16:00:00+00:00,586.73,587.6,586.27,587.37,440223
2025-09-05 17:00:00+00:00,587.34,587.46,585.71,586.16,363080
2025-09-05 18:00:00+00:00,586.2,587.25,585.97,587.22,412821
2025-09-05 19:00:00+00:00,587.2,588.22,586.9,588.06,917413
2025-09-05 20:00:00+00:00,588.07,588.08,587.64,587.66,45933
2025-09-05 21:00:00+00:00,587.94,587.96,587.14,587.37,2779
2025-09-05 22:00:00+00:00,587.31,587.31,587.07,587.27,478
2025-09-05 23:00:00+00:00,587.08,587.15,586.83,586.83,7568
2025-09-08 08:00:00+00:00,589.25,589.35,589.24,589.35,838
2025-09-08 09:00:00+00:00,589.07,589.4,589.07,589.4,902
2025-09-08 10:00:00+00:00,589.51,589.6,589.41,589.41,2196
2025-09-08 11:00:00+00:00,589.34,589.49,589.04,589.04,15582
2025-09-08 12:00:00+00:00,589.36,589.46,588.66,589.26,22279
2025-09-08 13:00:00+00:00,589.33,589.74,588.84,589.11,1947827
2025-09-08 14:00:00+00:00,589.1,590.38,588.55,590.04,1262710
2025-09-08 15:00:00+00:00,590.02,590.44,589.25,590.03,939868
2025-09-08 16:00:00+00:00,590.01,590.05,588.58,589.27,827276
2025-09-08 17:00:00+00:00,589.27,589.46,588.08,588.4,618266
2025-09-08 18:00:00+00:00,588.37,589.31,588.19,588.98,709346
2025-09-08 19:00:00+00:00,588.97,589.58,588.17,589.54,1335121
2025-09-08 20:00:00+00:00,589.55,589.66,589.23,589.47,1758745
2025-09-08 21:00:00+00:00,589.54,589.77,589.51,589.77,2250
2025-09-08 22:00:00+00:00,589.78,590.01,589.7,590.01,5243
2025-09-08 23:00:00+00:00,590.13,590.17,589.79,589.88,3330
2025-09-09 08:00:00+00:00,589.9,590.45,589.9,590.13,5906
2025-09-09 09:00:00+00:00,590.2,590.2,590.07,590.07,558
2025-09-09 10:00:00+00:00,590.25,590.3,589.94,590.0,6795
2025-09-09 11:00:00+00:00,589.99,590.26,589.68,590.26,2773
2025-09-09 12:00:00+00:00,590.08,591.04,589.68,590.03,9046
2025-09-09 13:00:00+00:00,589.97,590.13,589.2,589.69,662455
2025-09-09 14:00:00+00:00,589.74,590.32,588.06,589.08,1283627
2025-09-09 15:00:00+00:00,589.06,589.54,588.61,589.04,632438
2025-09-09 16:00:00+00:00,589.04,589.88,588.94,589.79,577192
2025-09-09 17:00:00+00:00,589.74,590.57,589.72,590.42,671736
2025-09-09 18:00:00+00:00,590.42,590.68,590.21,590.48,596284
2025-09-09 19:00:00+00:00,590.48,591.38,590.2,590.92,1088392
2025-09-09 20:00:00+00:00,590.97,592.22,590.58,591.73,2202347
2025-09-09 21:00:00+00:00,591.69,592.43,591.69,592.22,10805
2025-09-09 22:00:00+00:00,592.02,592.31,591.91,592.2,9408
2025-09-09 23:00:00+00:00,592.06,592.06,591.44,591.67,2934
2025-09-10 08:00:00+00:00,592.74,592.79,591.94,591.94,2749
2025-09-10 09:00:00+00:00,592.17,592.34,591.84,592.34,2203
2025-09-10 10:00:00+00:00,592.39,592.65,592.29,592.64,7148
2025-09-10 11:00:00+00:00,592.71,593.14,592.66,593.07,21922
2025-09-10 12:00:00+00:00,592.94,594.53,592.42,593.95,57721
2025-09-10 13:00:00+00:00,593.84,594.41,593.07,593.89,996582
2025-09-10 14:00:00+00:00,593.87,594.73,593.63,593.77,936667
2025-09-10 15:00:00+00:00,593.7,593.91,592.74,593.62,671548
2025-09-10 16:00:00+00:00,593.62,593.71,592.59,593.28,963965
2025-09-10 17:00:00+00:00,593.27,593.75,592.36,592.75,630944
2025-09-10 18:00:00+00:00,592.7,592.8,591.87,592.41,647504
2025-09-10 19:00:00+00:00,592.42,593.07,591.18,592.65,1210975
2025-09-10 20:00:00+00:00,592.64,592.68,592.4,592.48,13430882
2025-09-10 21:00:00+00:00,592.14,592.47,592.11,592.11,1728
2025-09-10 22:00:00+00:00,592.68,593.1,592.57,593.1,6408
2025-09-10 23:00:00+00:00,593.09,593.37,593.01,593.15,6754
2025-09-11 08:00:00+00:00,593.68,593.74,593.46,593.47,4603
2025-09-11 09:00:00+00:00,593.48,593.52,593.43,593.43,357
2025-09-11 10:00:00+00:00,593.51,593.94,593.51,593.94,2414
2025-09-11 11:00:00+00:00,593.96,594.03,593.91,593.96,12008
2025-09-11 12:00:00+00:00,593.91,594.69,592.68,594.38,61035
2025-09-11 13:00:00+00:00,594.4,595.73,593.88,595.62,737457
2025-09-11 14:00:00+00:00,595.68,596.97,595.51,596.66,788315
2025-09-11 15:00:00+00:00,596.65,597.7,596.57,597.18,859238
2025-09-11 16:00:00+00:00,597.19,597.64,596.85,597.12,582473
2025-09-11 17:00:00+00:00,597.12,597.48,596.87,597.46,560595
2025-09-11 18:00:00+00:00,597.48,597.63,597.14,597.46,751899
2025-09-11 19:00:00+00:00,597.44,598.16,597.34,597.5,1136067
2025-09-11 20:00:00+00:00,597.51,597.64,597.38,597.53,3582154
2025-09-11 21:00:00+00:00,597.6,597.6,597.54,597.54,2018
2025-09-11 22:00:00+00:00,597.55,597.55,597.43,597.51,3581
2025-09-11 23:00:00+00:00,597.38,597.66,597.38,597.52,1319
2025-09-12 08:00:00+00:00,597.25,597.25,596.38,596.79,10359
2025-09-12 09:00:00+00:00,596.95,597.07,596.95,597.06,595
2025-09-12 10:00:00+00:00,597.05,597.24,597.05,597.24,543
2025-09-12 11:00:00+00:00,597.24,597.51,596.98,597.51,2803
2025-09-12 12:00:00+00:00,597.23,597.92,596.6,597.59,27223
2025-09-12 13:00:00+00:00,597.56,597.94,597.12,597.87,1357434
2025-09-12 14:00:00+00:00,597.78,598.31,597.29,598.23,672711
2025-09-12 15:00:00+00:00,598.24,598.28,597.19,597.54,769095
2025-09-12 16:00:00+00:00,597.52,598.07,597.27,597.94,563322
2025-09-12 17:00:00+00:00,597.96,598.32,597.71,598.22,453043
2025-09-12 18:00:00+00:00,598.24,598.91,598.11,598.62,655543
2025-09-12 19:00:00+00:00,598.61,598.75,596.9,597.36,1975566
2025-09-12 20:00:00+00:00,597.34,597.52,597.2,597.38,524779
2025-09-12 21:00:00+00:00,597.57,597.59,597.44,597.59,1192
2025-09-12 22:00:00+00:00,597.59,597.59,597.27,597.44,3499
2025-09-12 23:00:00+00:00,597.28,597.44,597.28,597.44,572
2025-09-15 08:00:00+00:00,598.07,598.3,597.49,597.97,24042
2025-09-15 09:00:00+00:00,597.85,598.03,597.85,598.02,1122
2025-09-15 10:00:00+00:00,598.09,598.43,598.09,598.43,2049
2025-09-15 11:00:00+00:00,598.42,598.72,598.39,598.57,6517
2025-09-15 12:00:00+00:00,598.41,599.32,597.55,599.31,44067
2025-09-15 13:00:00+00:00,599.31,600.32,599.18,600.28,1073763
2025-09-15 14:00:00+00:00,600.31,600.63,599.72,600.59,1420520
2025-09-15 15:00:00+00:00,600.62,600.68,599.92,600.29,663899
2025-09-15 16:00:00+00:00,600.28,600.54,599.78,599.85,591319
2025-09-15 17:00:00+00:00,599.81,600.32,599.29,600.27,652837
2025-09-15 18:00:00+00:00,600.26,600.26,599.12,599.72,687759
2025-09-15 19:00:00+00:00,599.7,600.55,599.46,600.5,1687172
2025-09-15 20:00:00+00:00,600.5,600.53,599.97,600.0,239174
2025-09-15 21:00:00+00:00,600.4,600.4,600.01,600.05,3895
2025-09-15 22:00:00+00:00,599.91,600.05,599.85,599.87,1984
2025-09-15 23:00:00+00:00,599.92,600.33,599.92,600.32,1198
2025-09-16 08:00:00+00:00,601.44,602.08,601.44,602.08,3381
2025-09-16 09:00:00+00:00,602.06,602.06,601.66,601.66,1687
2025-09-16 10:00:00+00:00,601.64,601.66,601.64,601.65,949
2025-09-16 11:00:00+00:00,601.61,601.61,601.39,601.49,7896
2025-09-16 12:00:00+00:00,601.24,601.89,600.88,600.92,32092
2025-09-16 13:00:00+00:00,601.06,601.32,599.75,599.97,837870
2025-09-16 14:00:00+00:00,599.95,600.16,599.38,599.58,755791
2025-09-16 15:00:00+00:00,599.59,599.82,598.99,599.4,677255
2025-09-16 16:00:00+00:00,599.4,599.78,599.25,599.68,473807
2025-09-16 17:00:00+00:00,599.66,600.1,599.63,599.9,488478
2025-09-16 18:00:00+00:00,599.88,600.4,599.76,600.27,501221
2025-09-16 19:00:00+00:00,600.27,600.38,599.43,599.66,1797359
2025-09-16 20:00:00+00:00,599.65,600.07,599.65,599.84,128192
2025-09-16 21:00:00+00:00,599.91,599.91,599.41,599.6,2156
2025-09-16 22:00:00+00:00,599.74,600.14,599.65,600.14,5118
2025-09-16 23:00:00+00:00,600.09,600.09,599.87,600.0,4313
2025-09-17 08:00:00+00:00,599.92,599.93,598.43,599.34,15592
2025-09-17 09:00:00+00:00,599.57,599.71,599.51,599.51,1914
2025-09-17 10:00:00+00:00,599.61,599.61,599.44,599.44,1504
2025-09-17 11:00:00+00:00,599.15,599.34,598.93,599.0,4523
2025-09-17 12:00:00+00:00,599.43,599.61,599.0,599.61,11295
2025-09-17 13:00:00+00:00,599.6,600.29,599.4,599.53,1515950
2025-09-17 14:00:00+00:00,599.64,599.67,598.86,599.1,742958
2025-09-17 15:00:00+00:00,599.1,599.4,598.68,599.04,594430
2025-09-17 16:00:00+00:00,599.04,599.08,598.02,598.17,449201
2025-09-17 17:00:00+00:00,598.16,599.41,598.16,599.3,477664
2025-09-17 18:00:00+00:00,599.42,601.23,594.53,597.62,2144748
2025-09-17 19:00:00+00:00,597.6,600.34,597.45,599.03,2086733
2025-09-17 20:00:00+00:00,598.98,599.7,598.98,599.42,2726595
2025-09-17 21:00:00+00:00,599.42,599.58,599.34,599.46,1326
2025-09-17 22:00:00+00:00,599.48,600.9,599.47,600.88,8537
2025-09-17 23:00:00+00:00,600.93,601.08,600.93,601.07,2541
2025-09-18 08:00:00+00:00,602.47,604.24,602.47,604.07,10346
2025-09-18 09:00:00+00:00,604.11,604.36,603.92,603.99,7819
2025-09-18 10:00:00+00:00,603.92,604.16,603.34,603.38,16373
2025-09-18 11:00:00+00:00,603.68,604.07,603.22,603.36,16195
2025-09-18 12:00:00+00:00,603.84,604.15,600.9,601.96,772234
2025-09-18 13:00:00+00:00,601.94,601.97,599.98,601.57,1005962
2025-09-18 14:00:00+00:00,601.57,604.17,601.54,602.25,1277307
2025-09-18 15:00:00+00:00,602.26,603.31,601.69,602.08,1058728
2025-09-18 16:00:00+00:00,602.06,603.53,601.83,603.41,600553
2025-09-18 17:00:00+00:00,603.38,603.51,602.03,602.27,675598
2025-09-18 18:00:00+00:00,602.27,602.92,601.86,602.67,699237
2025-09-18 19:00:00+00:00,602.67,602.84,601.5,601.77,1593968
2025-09-18 20:00:00+00:00,601.82,602.49,601.74,602.41,2609940
2025-09-18 21:00:00+00:00,602.76,602.76,602.3,602.6,1619
2025-09-18 22:00:00+00:00,602.48,602.92,602.44,602.89,7453
2025-09-18 23:00:00+00:00,602.85,603.06,602.85,602.88,6929
2025-09-19 08:00:00+00:00,601.79,602.35,601.79,602.27,2084
2025-09-19 09:00:00+00:00,602.45,602.6,602.35,602.35,1950
2025-09-19 10:00:00+00:00,602.21,602.59,602.21,602.46,1633
2025-09-19 11:00:00+00:00,602.84,602.87,602.42,602.85,14356
2025-09-19 12:00:00+00:00,602.64,603.31,601.4,603.1,23341
2025-09-19 13:00:00+00:00,603.03,603.95,602.6,603.33,827465
2025-09-19 14:00:00+00:00,603.34,603.59,602.27,602.82,779758
2025-09-19 15:00:00+00:00,602.88,603.16,601.74,602.85,819468
2025-09-19 16:00:00+00:00,602.82,603.91,602.82,603.7,634743
2025-09-19 17:00:00+00:00,603.67,604.02,603.42,603.85,574648
2025-09-19 18:00:00+00:00,603.86,604.21,603.52,604.21,549397
2025-09-19 19:00:00+00:00,604.2,605.52,604.17,604.65,1568598
2025-09-19 20:00:00+00:00,604.66,604.95,604.4,604.47,240767
2025-09-19 21:00:00+00:00,604.58,604.58,604.03,604.56,2689
2025-09-19 22:00:00+00:00,604.82,604.82,604.52,604.71,3349
2025-09-19 23:00:00+00:00,604.64,604.64,604.06,604.58,2298
2025-09-22 08:00:00+00:00,603.08,603.81,603.08,603.47,8779
2025-09-22 09:00:00+00:00,603.33,603.36,602.8,603.08,7202
2025-09-22 10:00:00+00:00,603.28,603.51,602.95,602.95,4423
2025-09-22 11:00:00+00:00,602.98,603.1,602.78,602.94,10537
2025-09-22 12:00:00+00:00,602.89,604.49,602.73,603.11,770961
2025-09-22 13:00:00+00:00,603.07,604.63,602.88,604.5,923535
2025-09-22 14:00:00+00:00,604.51,606.02,604.3,605.99,1116945
2025-09-22 15:00:00+00:00,605.96,606.24,605.5,605.58,811330
2025-09-22 16:00:00+00:00,605.58,607.33,605.57,607.24,787560
2025-09-22 17:00:00+00:00,607.25,607.56,606.98,607.2,548097
2025-09-22 18:00:00+00:00,607.19,607.62,606.9,607.57,1397292
2025-09-22 19:00:00+00:00,607.57,608.04,607.53,607.55,1183673
2025-09-22 20:00:00+00:00,607.56,607.58,607.01,607.42,2967956
2025-09-22 21:00:00+00:00,607.76,607.77,607.46,607.77,1279
2025-09-22 22:00:00+00:00,607.43,607.47,607.07,607.28,5994
2025-09-22 23:00:00+00:00,607.35,607.54,607.27,607.54,6656
2025-09-23 08:00:00+00:00,607.51,607.87,607.51,607.6,8989
2025-09-23 09:00:00+00:00,607.65,607.77,607.63,607.71,3154
2025-09-23 10:00:00+00:00,607.37,607.37,607.21,607.29,1817
2025-09-23 11:00:00+00:00,607.4,607.64,607.03,607.59,10188
2025-09-23 12:00:00+00:00,607.2,607.74,607.04,607.63,25869
2025-09-23 13:00:00+00:00,607.68,608.08,607.4,607.67,1577582
2025-09-23 14:00:00+00:00,607.57,608.01,607.01,607.17,911846
2025-09-23 15:00:00+00:00,607.18,607.29,606.42,606.47,877655
2025-09-23 16:00:00+00:00,606.49,606.71,605.86,606.09,721145
2025-09-23 17:00:00+00:00,606.09,606.17,603.26,604.34,1363311
2025-09-23 18:00:00+00:00,604.37,604.48,603.22,603.32,1130008
2025-09-23 19:00:00+00:00,603.3,604.62,603.3,604.38,1895977
2025-09-23 20:00:00+00:00,604.39,604.59,604.19,604.44,565263
2025-09-23 21:00:00+00:00,604.59,604.85,604.59,604.8,1102
2025-09-23 22:00:00+00:00,604.81,604.81,604.59,604.66,3971
2025-09-23 23:00:00+00:00,604.69,604.69,604.61,604.61,815
2025-09-24 08:00:00+00:00,605.4,605.47,605.14,605.19,2955
2025-09-24 09:00:00+00:00,605.38,605.46,605.34,605.39,1796
2025-09-24 10:00:00+00:00,605.43,605.49,605.11,605.39,1647
2025-09-24 11:00:00+00:00,605.45,605.63,605.14,605.25,5221
2025-09-24 12:00:00+00:00,605.24,605.59,604.64,605.29,762607
2025-09-24 13:00:00+00:00,605.55,605.59,603.61,604.18,858960
2025-09-24 14:00:00+00:00,604.15,604.73,603.81,604.07,1049334
2025-09-24 15:00:00+00:00,604.07,604.24,601.62,601.73,1186578
2025-09-24 16:00:00+00:00,601.74,602.39,601.09,601.86,1174836
2025-09-24 17:00:00+00:00,601.89,603.03,601.74,601.92,1302722
2025-09-24 18:00:00+00:00,601.9,602.41,601.36,602.39,1052924
2025-09-24 19:00:00+00:00,602.39,602.65,601.83,602.36,1616971
2025-09-24 20:00:00+00:00,602.35,602.99,602.35,602.75,14732016
2025-09-24 21:00:00+00:00,603.08,603.08,602.83,602.83,1331
2025-09-24 22:00:00+00:00,602.78,602.78,602.57,602.58,2042
2025-09-24 23:00:00+00:00,602.68,602.88,602.56,602.88,2251
2025-09-25 08:00:00+00:00,602.53,602.98,602.4,602.4,6384
2025-09-25 09:00:00+00:00,602.15,602.41,601.97,601.98,3604
2025-09-25 10:00:00+00:00,602.14,602.14,601.46,601.46,2145
2025-09-25 11:00:00+00:00,601.55,601.55,599.91,599.93,21280
2025-09-25 12:00:00+00:00,601.22,602.69,598.99,599.36,771104
2025-09-25 13:00:00+00:00,599.37,599.76,596.92,597.36,1160278
2025-09-25 14:00:00+00:00,597.4,600.62,597.36,600.33,1445978
2025-09-25 15:00:00+00:00,600.29,600.83,598.86,600.4,596262
2025-09-25 16:00:00+00:00,600.36,600.69,599.2,599.42,364617
2025-09-25 17:00:00+00:00,599.39,599.88,597.36,597.37,491256
2025-09-25 18:00:00+00:00,597.37,599.7,596.31,599.46,651522
2025-09-25 19:00:00+00:00,599.42,599.78,598.71,599.52,1192839
2025-09-25 20:00:00+00:00,599.54,599.98,599.37,599.66,222825
2025-09-25 21:00:00+00:00,599.54,599.55,599.32,599.35,1908
2025-09-25 22:00:00+00:00,599.66,600.19,599.62,599.7,4497
2025-09-25 23:00:00+00:00,599.47,599.65,599.39,599.41,4773
2025-09-26 08:00:00+00:00,600.75,600.82,599.89,599.89,3442
2025-09-26 09:00:00+00:00,599.53,600.19,599.53,600.19,2705
2025-09-26 10:00:00+00:00,599.89,599.89,599.61,599.61,1264
2025-09-26 11:00:00+00:00,599.78,600.4,599.73,600.4,5885
2025-09-26 12:00:00+00:00,599.53,602.37,599.4,601.65,729886
2025-09-26 13:00:00+00:00,601.58,603.14,600.42,603.04,1046405
2025-09-26 14:00:00+00:00,603.09,603.57,599.48,599.95,944752
2025-09-26 15:00:00+00:00,599.99,601.45,599.64,600.18,458082
2025-09-26 16:00:00+00:00,600.22,602.76,600.06,602.64,608296
2025-09-26 17:00:00+00:00,602.59,602.98,602.11,602.63,620869
2025-09-26 18:00:00+00:00,602.63,603.34,602.19,603.17,718579
2025-09-26 19:00:00+00:00,603.15,603.22,602.44,602.97,1112583
2025-09-26 20:00:00+00:00,602.98,603.54,602.96,603.06,51744
2025-09-26 21:00:00+00:00,603.13,603.21,603.04,603.04,4351
2025-09-26 22:00:00+00:00,602.96,603.47,602.96,603.47,316
2025-09-26 23:00:00+00:00,603.47,603.47,603.47,603.47,114
2025-09-29 08:00:00+00:00,605.48,606.17,605.48,606.17,7926
2025-09-29 09:00:00+00:00,606.06,606.38,606.06,606.17,2388
2025-09-29 10:00:00+00:00,605.94,606.63,605.94,606.34,5286
2025-09-29 11:00:00+00:00,606.29,606.3,605.48,605.9,11163
2025-09-29 12:00:00+00:00,606.32,606.59,604.84,606.35,142658
2025-09-29 13:00:00+00:00,606.36,606.58,604.8,605.53,995128
2025-09-29 14:00:00+00:00,605.57,606.27,605.05,605.47,866685
2025-09-29 15:00:00+00:00,605.47,605.62,604.0,604.41,752165
2025-09-29 16:00:00+00:00,604.41,604.85,604.01,604.17,650592
2025-09-29 17:00:00+00:00,604.18,604.21,603.38,604.09,586188
2025-09-29 18:00:00+00:00,604.1,604.68,604.05,604.44,441520
2025-09-29 19:00:00+00:00,604.44,604.82,603.1,604.7,961357
2025-09-29 20:00:00+00:00,604.7,604.81,604.03,604.15,126844
2025-09-29 21:00:00+00:00,604.2,604.24,604.1,604.11,2497
2025-09-29 22:00:00+00:00,604.28,604.63,604.12,604.63,10376
2025-09-29 23:00:00+00:00,604.58,604.73,604.49,604.49,1806
2025-09-30 08:00:00+00:00,603.62,603.91,603.23,603.74,7522
2025-09-30 09:00:00+00:00,603.59,603.99,603.47,603.68,2248
2025-09-30 10:00:00+00:00,603.66,603.86,603.28,603.85,4706
2025-09-30 11:00:00+00:00,603.68,603.8,603.49,603.59,3875
2025-09-30 12:00:00+00:00,604.42,604.42,603.15,604.11,709861
2025-09-30 13:00:00+00:00,604.1,604.39,603.24,604.22,798121
2025-09-30 14:00:00+00:00,604.17,604.63,602.97,604.33,858095
2025-09-30 15:00:00+00:00,604.33,604.68,602.89,604.1,482079
2025-09-30 16:00:00+00:00,604.16,605.09,603.77,603.95,452995
2025-09-30 17:00:00+00:00,603.96,604.22,603.05,603.69,419207
2025-09-30 18:00:00+00:00,603.63,605.59,603.62,605.44,370764
2025-09-30 19:00:00+00:00,605.42,607.44,605.42,606.94,1796967
2025-09-30 20:00:00+00:00,606.96,607.16,605.62,605.81,407564
2025-09-30 21:00:00+00:00,605.84,605.89,605.74,605.74,744
2025-09-30 22:00:00+00:00,605.87,606.41,605.53,605.53,7620
2025-09-30 23:00:00+00:00,605.51,605.91,605.3,605.64,4266
2025-10-01 08:00:00+00:00,603.61,603.61,602.3,603.31,11049
2025-10-01 09:00:00+00:00,603.27,604.13,603.27,603.88,14180
2025-10-01 10:00:00+00:00,603.93,603.96,603.68,603.68,2301
2025-10-01 11:00:00+00:00,603.67,604.95,603.67,604.95,4219
2025-10-01 12:00:00+00:00,603.71,604.95,601.94,604.6,733393
2025-10-01 13:00:00+00:00,604.64,606.3,604.18,604.9,1380533
2025-10-01 14:00:00+00:00,604.8,606.93,604.5,606.69,1559610
2025-10-01 15:00:00+00:00,606.7,607.96,606.67,607.77,1113805
2025-10-01 16:00:00+00:00,607.78,607.95,607.27,607.72,2110224
2025-10-01 17:00:00+00:00,607.73,608.78,607.64,608.65,596613
2025-10-01 18:00:00+00:00,608.79,609.93,608.6,609.74,653946
2025-10-01 19:00:00+00:00,609.74,609.95,609.16,609.18,1263848
2025-10-01 20:00:00+00:00,609.16,609.26,608.69,608.87,303842
2025-10-01 21:00:00+00:00,609.24,609.24,608.65,608.82,5110
2025-10-01 22:00:00+00:00,608.94,609.11,608.93,609.05,3793
2025-10-01 23:00:00+00:00,608.9,609.2,608.9,609.0,2372
2025-10-02 08:00:00+00:00,609.96,610.52,609.94,610.3,6195
2025-10-02 09:00:00+00:00,610.34,610.47,609.74,610.19,4544
2025-10-02 10:00:00+00:00,610.17,610.54,610.17,610.44,5625
2025-10-02 11:00:00+00:00,610.27,610.79,610.26,610.75,11510
2025-10-02 12:00:00+00:00,609.94,611.09,609.66,610.96,29111
2025-10-02 13:00:00+00:00,610.99,611.18,609.38,609.96,853695
2025-10-02 14:00:00+00:00,609.92,610.05,608.28,608.3,1024527
2025-10-02 15:00:00+00:00,608.28,609.07,607.6,609.02,1014353
2025-10-02 16:00:00+00:00,608.99,609.23,608.3,609.09,820485
2025-10-02 17:00:00+00:00,609.03,609.68,608.67,609.53,615437
2025-10-02 18:00:00+00:00,609.51,610.28,609.48,609.98,574783
2025-10-02 19:00:00+00:00,609.97,610.19,609.44,609.73,1524413
2025-10-02 20:00:00+00:00,609.78,609.96,609.54,609.59,539681
2025-10-02 21:00:00+00:00,609.56,609.62,609.56,609.62,82458
2025-10-02 22:00:00+00:00,609.66,609.7,609.15,609.52,4054
2025-10-02 23:00:00+00:00,609.66,610.02,609.65,610.02,3549
2025-10-03 08:00:00+00:00,611.51,611.62,611.5,611.58,5805
2025-10-03 09:00:00+00:00,611.63,611.84,611.47,611.84,1419
2025-10-03 10:00:00+00:00,611.83,611.83,611.27,611.29,1061
2025-10-03 11:00:00+00:00,611.22,611.27,610.58,610.64,15552
2025-10-03 12:00:00+00:00,611.52,611.74,610.12,610.4,22766
2025-10-03 13:00:00+00:00,610.33,611.96,610.14,611.21,696079
2025-10-03 14:00:00+00:00,611.28,612.61,610.48,612.46,1151487
2025-10-03 15:00:00+00:00,612.46,612.91,611.77,612.81,1266827
2025-10-03 16:00:00+00:00,612.8,612.95,612.35,612.56,624581
2025-10-03 17:00:00+00:00,612.54,612.54,608.85,609.79,959491
2025-10-03 18:00:00+00:00,609.81,611.14,608.95,610.4,754583
2025-10-03 19:00:00+00:00,610.41,610.75,609.43,609.79,1257084
2025-10-03 20:00:00+00:00,609.79,609.86,609.41,609.58,397111
2025-10-03 21:00:00+00:00,609.57,609.75,609.56,609.75,2559
2025-10-03 22:00:00+00:00,609.86,610.35,609.86,610.07,7791
2025-10-03 23:00:00+00:00,610.01,610.2,610.01,610.11,970
2025-10-06 08:00:00+00:00,611.31,611.64,611.23,611.35,5681
2025-10-06 09:00:00+00:00,611.46,612.02,611.46,612.02,2653
2025-10-06 10:00:00+00:00,612.0,612.3,611.85,612.07,3093
2025-10-06 11:00:00+00:00,612.08,612.08,611.44,611.92,10294
2025-10-06 12:00:00+00:00,611.89,612.36,610.55,611.48,35567
2025-10-06 13:00:00+00:00,611.45,612.14,610.42,610.53,1000466
2025-10-06 14:00:00+00:00,610.48,611.28,610.03,611.2,1176361
2025-10-06 15:00:00+00:00,611.22,612.26,611.15,612.18,792816
2025-10-06 16:00:00+00:00,612.18,612.25,611.72,612.09,548421
2025-10-06 17:00:00+00:00,612.09,612.67,611.77,612.61,608192
2025-10-06 18:00:00+00:00,612.55,612.81,612.36,612.46,552234
2025-10-06 19:00:00+00:00,612.44,612.48,611.94,611.96,1107523
2025-10-06 20:00:00+00:00,611.98,612.21,611.89,612.12,106378
2025-10-06 21:00:00+00:00,612.08,612.23,611.99,612.14,1318
2025-10-06 22:00:00+00:00,612.33,612.34,611.19,611.19,6513
2025-10-06 23:00:00+00:00,611.13,611.32,611.06,611.17,4477
2025-10-07 08:00:00+00:00,611.36,611.61,610.96,611.6,6503
2025-10-07 09:00:00+00:00,611.56,611.91,611.56,611.9,2306
2025-10-07 10:00:00+00:00,611.89,612.15,611.89,611.9,1860
2025-10-07 11:00:00+00:00,611.93,612.33,611.84,612.33,2287
2025-10-07 12:00:00+00:00,611.8,613.02,611.19,613.02,19260
2025-10-07 13:00:00+00:00,613.13,613.31,612.43,612.51,639665
2025-10-07 14:00:00+00:00,612.48,612.68,611.05,611.33,935745
2025-10-07 15:00:00+00:00,611.36,611.49,608.41,608.93,2228081
2025-10-07 16:00:00+00:00,608.93,610.09,608.39,609.02,823109
2025-10-07 17:00:00+00:00,609.01,609.97,608.89,609.0,644933
2025-10-07 18:00:00+00:00,609.02,609.68,608.55,609.64,649137
2025-10-07 19:00:00+00:00,609.65,609.98,609.18,609.75,998749
2025-10-07 20:00:00+00:00,609.75,610.17,609.67,609.76,445046
2025-10-07 21:00:00+00:00,610.04,610.04,609.86,610.04,1170
2025-10-07 22:00:00+00:00,610.09,610.38,610.03,610.38,5088
2025-10-07 23:00:00+00:00,610.31,610.31,609.51,609.64,6225
2025-10-08 08:00:00+00:00,610.55,610.92,610.25,610.25,3208
2025-10-08 09:00:00+00:00,610.63,610.72,610.38,610.69,1808
2025-10-08 10:00:00+00:00,610.58,610.76,610.05,610.76,3925
2025-10-08 11:00:00+00:00,610.89,610.93,610.32,610.87,10946
2025-10-08 12:00:00+00:00,610.55,610.84,609.61,610.55,717129
2025-10-08 13:00:00+00:00,609.53,611.07,609.53,610.79,714701
2025-10-08 14:00:00+00:00,610.87,612.49,610.79,612.15,709290
2025-10-08 15:00:00+00:00,612.12,613.22,612.08,613.06,442873
2025-10-08 16:00:00+00:00,613.08,613.36,612.58,612.97,331951
2025-10-08 17:00:00+00:00,613.02,613.28,612.77,612.94,344629
2025-10-08 18:00:00+00:00,613.02,613.37,612.51,612.6,506474
2025-10-08 19:00:00+00:00,612.59,613.42,612.49,613.3,973577
2025-10-08 20:00:00+00:00,613.33,613.83,613.2,613.45,240244
2025-10-08 21:00:00+00:00,613.33,613.46,613.14,613.15,1457
2025-10-08 22:00:00+00:00,613.52,613.78,613.52,613.77,4744
2025-10-08 23:00:00+00:00,613.76,614.19,613.69,613.95,5858
2025-10-09 08:00:00+00:00,613.46,613.46,612.98,613.08,4515
2025-10-09 09:00:00+00:00,612.91,613.54,612.91,613.4,1610
2025-10-09 10:00:00+00:00,613.35,613.35,613.1,613.1,1140
2025-10-09 11:00:00+00:00,613.39,613.78,613.37,613.47,5357
2025-10-09 12:00:00+00:00,613.58,613.69,613.13,613.69,26295
2025-10-09 13:00:00+00:00,613.58,614.11,611.97,612.26,722191
2025-10-09 14:00:00+00:00,612.25,612.57,610.53,611.74,827905
2025-10-09 15:00:00+00:00,611.85,612.22,610.53,611.72,851670
2025-10-09 16:00:00+00:00,611.75,611.97,610.24,610.36,484821
2025-10-09 17:00:00+00:00,610.33,610.89,609.84,610.71,1282171
2025-10-09 18:00:00+00:00,610.71,610.83,609.95,610.46,390898
2025-10-09 19:00:00+00:00,610.48,611.66,610.4,611.64,797126
2025-10-09 20:00:00+00:00,611.65,611.7,611.02,611.53,448123
2025-10-09 21:00:00+00:00,611.47,611.64,611.34,611.64,1304
2025-10-09 22:00:00+00:00,611.83,612.04,611.61,611.92,2216
2025-10-09 23:00:00+00:00,611.95,612.28,611.94,612.28,1271
2025-10-10 08:00:00+00:00,612.43,612.69,612.33,612.69,4377
2025-10-10 09:00:00+00:00,612.55,612.56,611.23,611.23,8422
2025-10-10 10:00:00+00:00,611.39,611.85,611.38,611.78,3886
2025-10-10 11:00:00+00:00,612.21,612.49,612.21,612.38,3624
2025-10-10 12:00:00+00:00,612.13,612.67,611.5,612.01,16034
2025-10-10 13:00:00+00:00,612.24,614.12,612.09,613.33,1355485
2025-10-10 14:00:00+00:00,613.33,613.57,608.51,609.8,1406498
2025-10-10 15:00:00+00:00,609.74,609.75,600.96,603.15,3591609
2025-10-10 16:00:00+00:00,602.74,603.88,600.42,600.6,1634337
2025-10-10 17:00:00+00:00,600.56,602.25,599.37,601.06,1482275
2025-10-10 18:00:00+00:00,601.12,601.49,598.49,598.89,1237889
2025-10-10 19:00:00+00:00,598.82,599.81,594.92,595.16,2411027
2025-10-10 20:00:00+00:00,595.14,596.24,590.23,591.23,307601
2025-10-10 21:00:00+00:00,591.24,592.02,589.05,589.6,81484
2025-10-10 22:00:00+00:00,589.54,593.14,589.24,591.97,51859
2025-10-10 23:00:00+00:00,592.41,595.68,592.2,594.69,24893
2025-10-13 08:00:00+00:00,604.29,604.29,599.77,603.36,26493
2025-10-13 09:00:00+00:00,603.42,603.61,602.89,603.0,9794
2025-10-13 10:00:00+00:00,602.86,603.29,602.46,602.93,7858
2025-10-13 11:00:00+00:00,602.89,603.29,600.58,601.72,57210
2025-10-13 12:00:00+00:00,601.63,605.0,600.6,601.85,733767
2025-10-13 13:00:00+00:00,602.16,604.16,601.25,604.04,1413592
2025-10-13 14:00:00+00:00,604.04,604.37,601.41,601.63,1140825
2025-10-13 15:00:00+00:00,601.58,604.33,601.21,604.13,800321
2025-10-13 16:00:00+00:00,604.16,605.41,603.86,605.3,1041076
2025-10-13 17:00:00+00:00,605.37,605.62,603.59,604.41,394183
2025-10-13 18:00:00+00:00,604.37,605.31,603.12,603.33,349808
2025-10-13 19:00:00+00:00,603.35,604.74,602.99,604.21,706452
2025-10-13 20:00:00+00:00,604.2,604.35,603.73,603.73,237032
2025-10-13 21:00:00+00:00,603.91,604.01,603.85,603.97,1497
2025-10-13 22:00:00+00:00,603.94,604.31,603.93,604.25,3171
2025-10-13 23:00:00+00:00,604.29,604.29,603.71,603.91,6339
2025-10-14 08:00:00+00:00,599.15,600.14,598.33,600.11,13643
2025-10-14 09:00:00+00:00,600.14,600.44,598.87,599.0,4878
2025-10-14 10:00:00+00:00,598.92,598.92,596.52,597.12,13812
2025-10-14 11:00:00+00:00,597.54,599.49,597.37,599.31,24962
2025-10-14 12:00:00+00:00,599.99,603.62,597.23,598.46,54210
2025-10-14 13:00:00+00:00,598.62,599.25,595.2,598.51,2166810
2025-10-14 14:00:00+00:00,598.48,601.68,598.24,601.19,850879
2025-10-14 15:00:00+00:00,601.19,604.2,600.98,603.59,641801
2025-10-14 16:00:00+00:00,603.67,606.56,602.76,605.4,639517
2025-10-14 17:00:00+00:00,605.39,606.72,604.79,606.11,1080368
2025-10-14 18:00:00+00:00,606.13,606.31,605.5,605.92,385219
2025-10-14 19:00:00+00:00,605.91,606.3,601.72,603.44,1300915
2025-10-14 20:00:00+00:00,603.44,604.05,602.36,603.29,255084
2025-10-14 21:00:00+00:00,603.37,603.53,602.97,603.44,3660
2025-10-14 22:00:00+00:00,603.37,604.35,603.37,603.86,3854
2025-10-14 23:00:00+00:00,603.9,604.47,603.9,604.21,3130
2025-10-15 08:00:00+00:00,606.43,606.59,606.1,606.26,6957
2025-10-15 09:00:00+00:00,606.94,607.58,606.82,607.29,10060
2025-10-15 10:00:00+00:00,607.29,607.6,606.89,607.6,6578
2025-10-15 11:00:00+00:00,607.33,607.48,607.08,607.37,15820
2025-10-15 12:00:00+00:00,605.33,608.42,605.04,608.25,66959
2025-10-15 13:00:00+00:00,608.23,609.24,606.98,608.98,976961
2025-10-15 14:00:00+00:00,609.06,610.75,609.02,609.66,1299251
2025-10-15 15:00:00+00:00,609.68,609.79,605.02,606.21,990688
2025-10-15 16:00:00+00:00,606.15,607.25,605.01,605.16,456417
2025-10-15 17:00:00+00:00,604.96,605.53,600.46,605.44,899036
2025-10-15 18:00:00+00:00,605.26,606.73,604.56,606.65,386726
2025-10-15 19:00:00+00:00,606.72,606.72,604.41,606.04,1161986
2025-10-15 20:00:00+00:00,606.05,606.89,605.67,606.09,191898
2025-10-15 21:00:00+00:00,605.96,605.98,605.73,605.73,1081
2025-10-15 22:00:00+00:00,605.95,607.06,605.95,606.76,6841
2025-10-15 23:00:00+00:00,606.77,606.77,605.72,606.14,2493
2025-10-16 08:00:00+00:00,607.7,608.08,607.22,607.51,8339
2025-10-16 09:00:00+00:00,607.57,608.1,607.38,608.1,6927
2025-10-16 10:00:00+00:00,608.12,608.66,608.12,608.31,4303
2025-10-16 11:00:00+00:00,608.26,608.82,608.26,608.41,10594
2025-10-16 12:00:00+00:00,608.27,608.97,606.09,608.62,35400
2025-10-16 13:00:00+00:00,608.56,608.8,607.01,607.46,826903
2025-10-16 14:00:00+00:00,607.52,609.36,606.37,607.9,885753
2025-10-16 15:00:00+00:00,607.92,608.75,605.02,605.53,922821
2025-10-16 16:00:00+00:00,605.41,606.06,600.83,604.48,1741093
2025-10-16 17:00:00+00:00,604.51,605.27,602.48,602.97,700791
2025-10-16 18:00:00+00:00,603.04,603.18,598.8,601.94,1032951
2025-10-16 19:00:00+00:00,601.95,602.52,599.61,602.03,1195924
2025-10-16 20:00:00+00:00,602.04,602.42,600.5,601.22,162185
2025-10-16 21:00:00+00:00,601.44,601.44,600.57,601.23,8184
2025-10-16 22:00:00+00:00,601.65,602.06,599.9,599.9,11577
2025-10-16 23:00:00+00:00,599.72,600.46,599.65,600.32,14679
2025-10-17 08:00:00+00:00,594.78,596.18,593.6,595.23,40849
2025-10-17 09:00:00+00:00,595.78,596.77,595.38,595.38,16461
2025-10-17 10:00:00+00:00,595.48,597.4,595.31,597.4,39184
2025-10-17 11:00:00+00:00,597.57,600.87,597.3,600.65,81880
2025-10-17 12:00:00+00:00,600.78,602.52,593.7,601.41,102148
2025-10-17 13:00:00+00:00,601.29,603.61,599.82,602.05,1114449
2025-10-17 14:00:00+00:00,602.04,604.8,600.81,601.03,1428925
2025-10-17 15:00:00+00:00,601.02,603.43,599.75,602.94,612851
2025-10-17 16:00:00+00:00,603.02,604.69,602.56,603.28,462085
2025-10-17 17:00:00+00:00,603.21,604.17,601.94,604.03,372729
2025-10-17 18:00:00+00:00,604.06,606.07,604.06,605.37,1102691
2025-10-17 19:00:00+00:00,605.45,606.61,605.09,605.37,1380931
2025-10-17 20:00:00+00:00,605.37,606.09,605.26,605.9,127337
2025-10-17 21:00:00+00:00,606.2,606.25,605.89,606.25,4579
2025-10-17 22:00:00+00:00,606.25,606.25,605.68,605.68,864
2025-10-17 23:00:00+00:00,605.6,606.09,605.6,606.09,2478
2025-10-20 08:00:00+00:00,605.98,607.92,605.98,606.9,9353
2025-10-20 09:00:00+00:00,606.84,607.44,606.74,606.91,4646
2025-10-20 10:00:00+00:00,607.26,607.37,606.34,606.49,7071
2025-10-20 11:00:00+00:00,606.25,607.13,606.21,607.13,8366
2025-10-20 12:00:00+00:00,606.77,608.28,606.36,608.08,37786
2025-10-20 13:00:00+00:00,608.17,610.01,607.99,609.31,734737
2025-10-20 14:00:00+00:00,609.43,611.84,609.43,611.64,843491
2025-10-20 15:00:00+00:00,611.67,611.74,610.77,611.03,534089
2025-10-20 16:00:00+00:00,611.08,611.52,610.75,611.47,312974
2025-10-20 17:00:00+00:00,611.47,612.47,611.47,612.15,378353
2025-10-20 18:00:00+00:00,612.15,612.54,611.62,612.06,364375
2025-10-20 19:00:00+00:00,612.07,612.42,611.61,611.68,701291
2025-10-20 20:00:00+00:00,611.68,612.24,611.51,612.24,102106
2025-10-20 21:00:00+00:00,612.48,612.71,612.22,612.53,3109
2025-10-20 22:00:00+00:00,612.3,612.34,612.02,612.14,6688
2025-10-20 23:00:00+00:00,612.13,612.49,611.97,611.97,5416
2025-10-21 08:00:00+00:00,611.24,611.26,610.93,611.03,3921
2025-10-21 09:00:00+00:00,611.21,611.46,611.21,611.39,2155
2025-10-21 10:00:00+00:00,611.38,611.64,611.1,611.64,4189
2025-10-21 11:00:00+00:00,611.63,612.06,611.53,611.94,11512
2025-10-21 12:00:00+00:00,612.1,612.19,611.16,611.81,16868
2025-10-21 13:00:00+00:00,611.88,612.16,610.73,611.07,846096
2025-10-21 14:00:00+00:00,611.06,612.97,610.53,612.9,976619
2025-10-21 15:00:00+00:00,612.92,613.05,611.85,612.61,499115
2025-10-21 16:00:00+00:00,612.62,613.27,611.79,611.96,411973
2025-10-21 17:00:00+00:00,611.83,612.63,611.24,612.54,314436
2025-10-21 18:00:00+00:00,612.54,612.82,612.19,612.33,397284
2025-10-21 19:00:00+00:00,612.31,612.72,611.62,611.67,611417
2025-10-21 20:00:00+00:00,611.67,611.94,611.09,611.74,53347
2025-10-21 21:00:00+00:00,611.6,611.83,611.42,611.42,3058
2025-10-21 22:00:00+00:00,611.74,612.14,611.74,611.97,6698
2025-10-21 23:00:00+00:00,611.54,611.69,611.41,611.59,4294
2025-10-22 08:00:00+00:00,612.56,612.61,611.8,612.1,4888
2025-10-22 09:00:00+00:00,611.74,612.32,611.67,612.32,4167
2025-10-22 10:00:00+00:00,612.31,612.64,612.31,612.32,3137
2025-10-22 11:00:00+00:00,612.25,612.3,611.47,611.83,4627
2025-10-22 12:00:00+00:00,612.09,612.95,611.38,612.34,25932
2025-10-22 13:00:00+00:00,612.33,612.54,610.97,611.65,516427
2025-10-22 14:00:00+00:00,611.68,611.99,608.81,610.59,771204
2025-10-22 15:00:00+00:00,610.57,610.9,608.18,609.64,529361
2025-10-22 16:00:00+00:00,609.54,609.81,605.09,608.05,1049137
2025-10-22 17:00:00+00:00,608.08,608.42,604.43,605.75,1328358
2025-10-22 18:00:00+00:00,605.76,607.42,604.84,607.35,637193
2025-10-22 19:00:00+00:00,607.29,609.03,606.5,608.57,903373
2025-10-22 20:00:00+00:00,608.57,609.04,608.06,608.58,332741
2025-10-22 21:00:00+00:00,608.67,608.67,608.17,608.17,1100
2025-10-22 22:00:00+00:00,608.11,608.74,607.86,608.55,4660
2025-10-22 23:00:00+00:00,608.83,608.83,607.78,607.78,3447
2025-10-23 08:00:00+00:00,609.5,609.69,609.19,609.39,3389
2025-10-23 09:00:00+00:00,609.48,609.49,608.46,608.76,4832
2025-10-23 10:00:00+00:00,608.91,609.06,608.79,608.79,2682
2025-10-23 11:00:00+00:00,608.7,608.7,607.5,607.77,6246
2025-10-23 12:00:00+00:00,609.15,609.46,607.17,608.58,16334
2025-10-23 13:00:00+00:00,608.48,611.18,607.66,610.51,735217
2025-10-23 14:00:00+00:00,610.61,610.92,608.85,610.76,1164374
2025-10-23 15:00:00+00:00,610.74,611.16,609.4,610.7,351972
2025-10-23 16:00:00+00:00,610.79,611.93,610.69,611.79,427020
2025-10-23 17:00:00+00:00,611.88,612.78,610.96,612.69,517450
2025-10-23 18:00:00+00:00,612.71,612.98,612.21,612.86,384104
2025-10-23 19:00:00+00:00,612.89,613.0,611.75,611.98,592595
2025-10-23 20:00:00+00:00,611.99,612.27,611.84,612.26,1613889
2025-10-23 21:00:00+00:00,612.48,612.59,612.13,612.59,2445
2025-10-23 22:00:00+00:00,612.28,612.63,612.28,612.48,3374
2025-10-23 23:00:00+00:00,612.61,612.63,612.53,612.59,2980
2025-10-24 08:00:00+00:00,613.41,613.97,613.23,613.78,16953
2025-10-24 09:00:00+00:00,613.73,614.45,613.73,614.18,5324
2025-10-24 10:00:00+00:00,613.98,614.25,613.98,614.02,3159
2025-10-24 11:00:00+00:00,613.97,614.51,613.97,614.28,13629
2025-10-24 12:00:00+00:00,614.23,617.57,613.18,615.7,90598
2025-10-24 13:00:00+00:00,615.88,617.64,615.71,617.26,826502
2025-10-24 14:00:00+00:00,617.27,617.79,615.94,616.63,956167
2025-10-24 15:00:00+00:00,616.71,618.21,616.46,617.76,588672
2025-10-24 16:00:00+00:00,617.82,618.26,617.15,617.81,457947
2025-10-24 17:00:00+00:00,617.8,618.23,617.52,617.93,427615
2025-10-24 18:00:00+00:00,617.88,618.18,617.62,618.01,319061
2025-10-24 19:00:00+00:00,618.02,618.27,616.73,617.04,1064805
2025-10-24 20:00:00+00:00,617.05,617.4,616.76,616.89,891131
2025-10-24 21:00:00+00:00,616.85,617.51,616.84,616.94,3817
2025-10-24 22:00:00+00:00,616.97,617.39,616.89,616.94,2093
2025-10-24 23:00:00+00:00,617.14,617.54,617.14,617.15,8434
2025-10-27 08:00:00+00:00,622.18,622.2,620.73,622.01,17569
2025-10-27 09:00:00+00:00,621.95,622.52,621.92,622.49,4446
2025-10-27 10:00:00+00:00,622.37,622.54,622.37,622.5,3661
2025-10-27 11:00:00+00:00,622.42,622.56,621.85,621.92,16231
2025-10-27 12:00:00+00:00,621.88,622.66,621.75,622.15,54634
2025-10-27 13:00:00+00:00,622.14,622.6,621.61,622.48,1114273
2025-10-27 14:00:00+00:00,622.49,622.98,621.85,622.17,973328
2025-10-27 15:00:00+00:00,622.16,622.96,622.01,622.82,777461
2025-10-27 16:00:00+00:00,622.81,623.19,622.77,623.08,361845
2025-10-27 17:00:00+00:00,623.14,623.29,622.56,623.27,365668
2025-10-27 18:00:00+00:00,623.24,623.55,623.1,623.45,463980
2025-10-27 19:00:00+00:00,623.45,624.71,623.32,624.42,1042583
2025-10-27 20:00:00+00:00,624.39,625.17,622.94,624.96,2551169
2025-10-27 21:00:00+00:00,624.99,625.05,624.8,624.8,3148
2025-10-27 22:00:00+00:00,624.87,624.87,624.74,624.81,1991
2025-10-27 23:00:00+00:00,624.83,625.17,624.66,624.66,3175
2025-10-28 08:00:00+00:00,624.13,624.43,623.95,624.43,8564
2025-10-28 09:00:00+00:00,624.53,624.53,624.21,624.47,2134
2025-10-28 10:00:00+00:00,624.53,624.63,624.43,624.46,2902
2025-10-28 11:00:00+00:00,624.55,624.97,624.44,624.88,12203
2025-10-28 12:00:00+00:00,624.41,625.39,624.04,625.22,39118
2025-10-28 13:00:00+00:00,625.24,626.28,624.41,624.81,1011942
2025-10-28 14:00:00+00:00,624.89,625.5,624.71,624.98,854904
2025-10-28 15:00:00+00:00,625.0,625.31,624.07,624.75,653166
2025-10-28 16:00:00+00:00,624.79,626.45,624.75,625.91,601475
2025-10-28 17:00:00+00:00,625.96,626.69,625.95,626.62,582346
2025-10-28 18:00:00+00:00,626.61,627.32,626.54,627.12,627773
2025-10-28 19:00:00+00:00,627.09,627.79,625.97,626.04,1087737
2025-10-28 20:00:00+00:00,626.03,626.25,625.69,626.19,99516
2025-10-28 21:00:00+00:00,626.16,626.43,626.11,626.27,2937
2025-10-28 22:00:00+00:00,626.31,626.54,626.11,626.11,2557
2025-10-28 23:00:00+00:00,626.06,626.34,625.96,626.23,12191
2025-10-29 08:00:00+00:00,627.22,628.13,627.17,627.17,8934
2025-10-29 09:00:00+00:00,626.91,627.13,626.78,627.08,3389
2025-10-29 10:00:00+00:00,627.03,627.57,627.03,627.5,5532
2025-10-29 11:00:00+00:00,627.35,628.18,627.35,627.78,8807
2025-10-29 12:00:00+00:00,627.35,628.28,627.2,627.62,30861
2025-10-29 13:00:00+00:00,627.61,628.5,627.1,628.4,713395
2025-10-29 14:00:00+00:00,628.43,628.52,626.79,627.31,778705
2025-10-29 15:00:00+00:00,627.28,627.68,626.84,627.02,537066
2025-10-29 16:00:00+00:00,626.97,627.68,626.61,627.47,491449
2025-10-29 17:00:00+00:00,627.51,627.71,626.64,627.05,436671
2025-10-29 18:00:00+00:00,627.06,627.77,622.32,625.17,1650702
2025-10-29 19:00:00+00:00,625.23,626.38,623.41,626.33,1168782
2025-10-29 20:00:00+00:00,626.33,627.73,624.51,625.54,208858
2025-10-29 21:00:00+00:00,625.95,625.96,624.43,624.43,7027
2025-10-29 22:00:00+00:00,624.49,625.7,624.41,625.01,9864
2025-10-29 23:00:00+00:00,624.96,625.96,624.59,625.87,7349
2025-10-30 08:00:00+00:00,626.05,626.08,625.49,625.79,22495
2025-10-30 09:00:00+00:00,626.02,626.02,624.47,624.6,7903
2025-10-30 10:00:00+00:00,624.57,625.67,624.57,625.56,8205
2025-10-30 11:00:00+00:00,625.42,626.47,625.42,625.84,7995
2025-10-30 12:00:00+00:00,625.86,627.97,623.09,623.09,72710
2025-10-30 13:00:00+00:00,623.17,624.8,620.94,624.25,1823701
2025-10-30 14:00:00+00:00,624.24,625.05,622.65,623.7,860675
2025-10-30 15:00:00+00:00,623.72,624.69,622.43,622.77,674612
2025-10-30 16:00:00+00:00,622.74,624.36,622.64,623.68,571368
2025-10-30 17:00:00+00:00,623.7,623.86,622.44,623.6,404131
2025-10-30 18:00:00+00:00,623.65,623.68,621.66,621.85,552059
2025-10-30 19:00:00+00:00,621.78,621.89,619.57,619.63,1024048
2025-10-30 20:00:00+00:00,619.66,623.44,619.47,623.01,155599
2025-10-30 21:00:00+00:00,623.44,623.44,623.04,623.25,6704
2025-10-30 22:00:00+00:00,623.63,623.68,623.09,623.09,6966
2025-10-30 23:00:00+00:00,623.24,623.75,622.86,623.75,5175
2025-10-31 08:00:00+00:00,624.48,624.48,623.82,624.37,3459
2025-10-31 09:00:00+00:00,624.49,624.53,624.03,624.03,2840
2025-10-31 10:00:00+00:00,623.77,624.14,623.65,624.14,2508
2025-10-31 11:00:00+00:00,623.94,624.96,623.73,624.73,7795
2025-10-31 12:00:00+00:00,623.95,625.66,623.6,624.58,935592
2025-10-31 13:00:00+00:00,624.55,624.58,622.31,622.8,819535
2025-10-31 14:00:00+00:00,622.84,624.0,621.7,623.76,667937
2025-10-31 15:00:00+00:00,623.78,623.99,621.59,621.67,834547
2025-10-31 16:00:00+00:00,621.66,621.9,619.77,620.02,902248
2025-10-31 17:00:00+00:00,619.99,621.03,618.98,620.45,659434
2025-10-31 18:00:00+00:00,620.43,622.17,620.43,622.06,523446
2025-10-31 19:00:00+00:00,622.03,624.01,621.45,621.46,1398930
2025-10-31 20:00:00+00:00,621.45,621.69,621.09,621.56,270246
2025-10-31 21:00:00+00:00,621.57,621.69,621.41,621.65,3536
2025-10-31 22:00:00+00:00,621.55,621.85,621.53,621.65,785
2025-10-31 23:00:00+00:00,621.78,621.78,621.19,621.78,2454
2025-11-03 09:00:00+00:00,622.97,624.33,622.97,623.65,13171
2025-11-03 10:00:00+00:00,623.78,624.18,623.55,623.67,5812
2025-11-03 11:00:00+00:00,623.9,624.28,623.82,623.83,7074
2025-11-03 12:00:00+00:00,623.8,624.15,623.36,623.44,26679
2025-11-03 13:00:00+00:00,623.88,624.3,622.03,623.71,112642
2025-11-03 14:00:00+00:00,623.82,624.96,621.67,622.01,1055215
2025-11-03 15:00:00+00:00,622.1,622.4,619.63,621.82,1000821
2025-11-03 16:00:00+00:00,621.84,622.97,621.35,622.81,918813
2025-11-03 17:00:00+00:00,622.8,623.29,621.9,623.2,454294
2025-11-03 18:00:00+00:00,623.2,623.53,622.79,622.94,433456
2025-11-03 19:00:00+00:00,622.97,623.2,622.04,622.81,465659
2025-11-03 20:00:00+00:00,622.79,622.99,621.91,622.76,922941
2025-11-03 21:00:00+00:00,622.75,623.3,622.52,622.63,90087
2025-11-03 22:00:00+00:00,622.71,622.83,622.54,622.67,4189
2025-11-03 23:00:00+00:00,622.44,622.65,621.9,621.97,8001
2025-11-04 00:00:00+00:00,621.78,621.78,620.96,621.35,7057
2025-11-04 09:00:00+00:00,616.54,617.22,614.51,614.56,30264
2025-11-04 10:00:00+00:00,614.36,616.53,614.03,616.43,23792
2025-11-04 11:00:00+00:00,616.43,616.78,616.22,616.36,12357
2025-11-04 12:00:00+00:00,616.42,617.09,615.7,616.5,21515
2025-11-04 13:00:00+00:00,616.53,619.65,614.51,615.99,779740
2025-11-04 14:00:00+00:00,615.86,618.59,614.81,618.51,1237622
2025-11-04 15:00:00+00:00,618.5,619.64,617.52,618.0,1169280
2025-11-04 16:00:00+00:00,617.98,618.6,617.36,618.01,840563
2025-11-04 17:00:00+00:00,617.97,618.02,615.75,616.03,738977
2025-11-04 18:00:00+00:00,615.97,616.4,614.86,616.13,824726
2025-11-04 19:00:00+00:00,616.12,616.62,614.71,615.24,579531
2025-11-04 20:00:00+00:00,615.27,616.5,614.77,615.44,1354076
2025-11-04 21:00:00+00:00,615.43,616.5,614.89,615.68,713470
2025-11-04 22:00:00+00:00,615.88,615.91,615.17,615.31,15031
2025-11-04 23:00:00+00:00,615.57,615.62,614.52,614.52,8909
2025-11-05 00:00:00+00:00,614.51,614.51,612.73,612.73,23479
2025-11-05 09:00:00+00:00,614.82,615.35,614.22,614.86,5736
2025-11-05 10:00:00+00:00,614.51,615.07,612.91,613.12,8847
2025-11-05 11:00:00+00:00,612.88,614.26,612.83,614.26,6954
2025-11-05 12:00:00+00:00,614.11,614.89,613.72,614.81,11896
2025-11-05 13:00:00+00:00,613.89,615.93,612.87,615.76,60279
2025-11-05 14:00:00+00:00,615.72,617.5,614.35,617.23,1329676
2025-11-05 15:00:00+00:00,617.15,618.08,616.2,617.76,826558
2025-11-05 16:00:00+00:00,617.77,619.46,616.74,619.1,1230666
2025-11-05 17:00:00+00:00,619.14,620.45,618.81,619.87,536802
2025-11-05 18:00:00+00:00,619.85,620.46,619.7,620.27,331628
2025-11-05 19:00:00+00:00,620.26,620.26,619.44,619.88,421747
2025-11-05 20:00:00+00:00,619.89,620.15,617.18,617.36,2309030
2025-11-05 21:00:00+00:00,617.4,618.39,617.02,617.81,3181968
2025-11-05 22:00:00+00:00,617.98,617.98,617.59,617.98,4391
2025-11-05 23:00:00+00:00,617.82,618.2,617.19,618.2,5103
2025-11-06 00:00:00+00:00,618.32,618.32,616.47,617.17,6161
2025-11-06 09:00:00+00:00,616.81,617.75,616.5,617.49,3878
2025-11-06 10:00:00+00:00,617.49,618.31,617.49,618.08,2118
2025-11-06 11:00:00+00:00,618.09,618.37,617.88,618.1,5243
2025-11-06 12:00:00+00:00,617.95,618.78,617.94,618.65,7687
2025-11-06 13:00:00+00:00,617.89,619.35,615.8,618.18,30224
2025-11-06 14:00:00+00:00,618.26,618.36,614.28,614.29,888979
2025-11-06 15:00:00+00:00,614.24,615.47,611.26,611.35,1185884
2025-11-06 16:00:00+00:00,611.4,612.34,609.64,609.9,1057054
2025-11-06 17:00:00+00:00,609.89,611.99,609.38,611.57,1437965
2025-11-06 18:00:00+00:00,611.55,612.55,609.76,611.92,584702
2025-11-06 19:00:00+00:00,611.93,613.92,611.75,613.3,532528
2025-11-06 20:00:00+00:00,613.28,613.59,610.12,610.79,1229575
2025-11-06 21:00:00+00:00,610.8,612.32,610.74,612.3,95278
2025-11-06 22:00:00+00:00,612.06,612.32,611.92,612.07,10627
2025-11-06 23:00:00+00:00,611.85,612.36,611.4,612.3,8655
2025-11-07 00:00:00+00:00,611.77,612.75,611.6,612.36,6507
2025-11-07 09:00:00+00:00,612.36,612.53,610.95,611.19,9734
2025-11-07 10:00:00+00:00,611.24,611.53,610.05,610.54,15107
2025-11-07 11:00:00+00:00,610.39,610.39,608.05,610.0,24746
2025-11-07 12:00:00+00:00,610.0,610.04,607.66,608.17,26026
2025-11-07 13:00:00+00:00,609.97,612.85,607.69,608.64,70672
2025-11-07 14:00:00+00:00,608.64,608.78,605.4,607.22,1143149
2025-11-07 15:00:00+00:00,607.1,607.99,604.47,604.5,1133095
2025-11-07 16:00:00+00:00,604.48,605.1,602.65,603.24,1239112
2025-11-07 17:00:00+00:00,603.22,605.31,602.54,605.03,867122
2025-11-07 18:00:00+00:00,605.02,607.0,604.7,606.51,696803
2025-11-07 19:00:00+00:00,606.48,610.51,606.19,610.47,772655
2025-11-07 20:00:00+00:00,610.45,611.56,608.66,611.4,1464584
2025-11-07 21:00:00+00:00,611.4,612.5,611.4,612.41,82277
2025-11-07 22:00:00+00:00,612.41,612.62,612.32,612.53,3550
2025-11-07 23:00:00+00:00,612.51,612.6,612.33,612.54,4541
2025-11-08 00:00:00+00:00,612.43,612.77,612.43,612.73,8740
2025-11-10 09:00:00+00:00,616.75,617.72,615.8,617.49,26745
2025-11-10 10:00:00+00:00,617.48,617.65,617.23,617.36,6074
2025-11-10 11:00:00+00:00,617.46,617.49,616.77,617.31,6746
2025-11-10 12:00:00+00:00,617.5,617.6,616.74,617.09,30409
2025-11-10 13:00:00+00:00,616.91,617.66,615.51,617.47,57705
2025-11-10 14:00:00+00:00,617.5,618.97,616.92,618.37,1538508
2025-11-10 15:00:00+00:00,618.36,618.98,616.19,616.29,1883045
2025-11-10 16:00:00+00:00,616.23,616.77,615.17,616.65,753272
2025-11-10 17:00:00+00:00,616.6,619.44,616.44,619.16,845974
2025-11-10 18:00:00+00:00,619.17,620.17,619.09,619.56,821968
2025-11-10 19:00:00+00:00,619.57,621.2,619.57,620.87,754616
2025-11-10 20:00:00+00:00,620.86,621.66,620.63,620.88,1603153
2025-11-10 21:00:00+00:00,620.9,621.45,620.8,620.95,63647
2025-11-10 22:00:00+00:00,621.0,621.25,620.56,621.13,5397
2025-11-10 23:00:00+00:00,621.15,621.38,620.7,621.36,10109
2025-11-11 00:00:00+00:00,621.43,621.71,621.15,621.25,5865
2025-11-11 09:00:00+00:00,620.16,620.34,619.35,619.43,7173
2025-11-11 10:00:00+00:00,619.41,619.8,619.41,619.55,2770
2025-11-11 11:00:00+00:00,619.89,620.07,619.67,619.78,2219
2025-11-11 12:00:00+00:00,619.84,620.02,619.25,619.4,6826
2025-11-11 13:00:00+00:00,619.83,620.88,619.01,619.47,635874
2025-11-11 14:00:00+00:00,619.53,620.46,619.16,620.36,596630
2025-11-11 15:00:00+00:00,620.31,620.31,618.56,618.86,722895
2025-11-11 16:00:00+00:00,618.9,620.34,618.55,619.46,493788
2025-11-11 17:00:00+00:00,619.42,621.73,619.41,621.57,1165041
2025-11-11 18:00:00+00:00,621.57,622.69,621.53,622.61,670917
2025-11-11 19:00:00+00:00,622.59,622.81,621.89,622.51,441430
2025-11-11 20:00:00+00:00,622.55,622.93,621.77,622.3,821279
2025-11-11 21:00:00+00:00,622.31,622.94,622.02,622.38,41662
2025-11-11 22:00:00+00:00,622.36,622.49,622.34,622.48,3144
2025-11-11 23:00:00+00:00,622.46,622.49,621.95,622.48,3791
2025-11-12 00:00:00+00:00,622.25,622.93,622.14,622.66,7897
2025-11-12 09:00:00+00:00,624.43,624.91,623.55,624.75,6258
2025-11-12 10:00:00+00:00,624.7,624.89,624.04,624.17,8074
2025-11-12 11:00:00+00:00,624.35,624.42,623.43,623.49,10026
2025-11-12 12:00:00+00:00,623.58,624.58,623.31,624.45,22343
2025-11-12 13:00:00+00:00,624.25,624.9,623.12,624.48,41666
2025-11-12 14:00:00+00:00,624.44,624.44,622.53,623.1,720230
2025-11-12 15:00:00+00:00,623.04,623.56,621.3,621.79,758367
2025-11-12 16:00:00+00:00,621.81,622.41,620.56,621.28,1282709
2025-11-12 17:00:00+00:00,621.33,623.2,621.11,623.0,532251
2025-11-12 18:00:00+00:00,623.08,623.46,622.49,622.99,965850
2025-11-12 19:00:00+00:00,622.99,623.13,621.74,622.25,513284
2025-11-12 20:00:00+00:00,622.25,623.4,621.62,622.68,1067655
2025-11-12 21:00:00+00:00,622.73,623.1,622.38,622.61,134600
2025-11-12 22:00:00+00:00,622.46,622.66,622.34,622.66,960
2025-11-12 23:00:00+00:00,622.44,622.44,620.61,621.07,6622
2025-11-13 00:00:00+00:00,621.06,622.05,621.06,621.51,3819
2025-11-13 09:00:00+00:00,623.97,623.97,621.26,621.84,7015
2025-11-13 10:00:00+00:00,621.79,622.68,621.79,622.23,3129
2025-11-13 11:00:00+00:00,622.24,622.58,621.58,621.82,3324
2025-11-13 12:00:00+00:00,622.03,622.36,621.35,621.86,4796
2025-11-13 13:00:00+00:00,622.03,624.08,620.46,620.46,630018
2025-11-13 14:00:00+00:00,620.4,620.66,617.44,618.55,787482
2025-11-13 15:00:00+00:00,618.59,620.48,615.46,616.46,901366
2025-11-13 16:00:00+00:00,616.45,616.73,614.43,615.31,796560
2025-11-13 17:00:00+00:00,615.25,616.47,614.18,614.34,628952
2025-11-13 18:00:00+00:00,614.45,614.9,611.95,612.99,687995
2025-11-13 19:00:00+00:00,613.04,613.86,611.06,612.14,883677
2025-11-13 20:00:00+00:00,612.12,613.34,611.06,612.46,1716427
2025-11-13 21:00:00+00:00,612.47,613.87,612.25,612.54,5961255
2025-11-13 22:00:00+00:00,612.5,612.73,612.05,612.63,5662
2025-11-13 23:00:00+00:00,612.64,613.63,612.64,612.87,6685
2025-11-14 00:00:00+00:00,612.96,613.47,612.78,612.93,11748
2025-11-14 09:00:00+00:00,611.1,612.01,610.52,610.78,14997
2025-11-14 10:00:00+00:00,610.53,611.42,610.37,610.57,8175
2025-11-14 11:00:00+00:00,610.37,610.43,607.51,608.32,25404
2025-11-14 12:00:00+00:00,608.46,608.92,605.76,606.72,53506
2025-11-14 13:00:00+00:00,607.37,612.68,605.06,606.43,125895
2025-11-14 14:00:00+00:00,606.43,609.48,604.43,609.37,1656751
2025-11-14 15:00:00+00:00,609.35,613.14,607.77,612.59,1325875
2025-11-14 16:00:00+00:00,612.7,615.14,611.39,614.88,734714
2025-11-14 17:00:00+00:00,614.86,615.72,613.42,614.28,729147
2025-11-14 18:00:00+00:00,614.24,614.51,611.96,613.53,702356
2025-11-14 19:00:00+00:00,613.45,615.04,612.64,614.81,1184089
2025-11-14 20:00:00+00:00,614.81,615.24,611.62,612.33,1391295
2025-11-14 21:00:00+00:00,612.34,613.31,611.91,612.96,1700493
2025-11-14 22:00:00+00:00,613.1,613.28,612.95,613.0,5293
2025-11-14 23:00:00+00:00,612.91,613.23,612.91,613.23,2736
2025-11-15 00:00:00+00:00,613.23,613.71,613.08,613.71,4011
2025-11-17 09:00:00+00:00,614.63,616.16,614.63,615.1,7611
2025-11-17 10:00:00+00:00,615.04,615.04,613.06,613.33,12312
2025-11-17 11:00:00+00:00,613.22,614.32,613.08,614.05,2667
2025-11-17 12:00:00+00:00,613.59,613.64,612.32,612.53,9914
2025-11-17 13:00:00+00:00,612.53,616.17,610.49,611.43,39646
2025-11-17 14:00:00+00:00,611.34,613.97,609.59,613.05,1704165
2025-11-17 15:00:00+00:00,613.08,613.44,610.71,611.2,1124660
2025-11-17 16:00:00+00:00,611.16,613.29,608.55,613.24,991855
2025-11-17 17:00:00+00:00,613.28,613.29,609.81,609.81,671824
2025-11-17 18:00:00+00:00,609.85,610.49,607.39,607.44,837374
2025-11-17 19:00:00+00:00,607.43,607.71,603.95,603.96,1149509
2025-11-17 20:00:00+00:00,603.93,606.72,603.42,606.63,1890730
2025-11-17 21:00:00+00:00,606.65,607.2,606.49,607.01,423677
2025-11-17 22:00:00+00:00,606.88,606.99,606.59,606.59,5336
2025-11-17 23:00:00+00:00,606.8,607.71,606.69,607.28,8614
2025-11-18 00:00:00+00:00,607.31,607.48,605.9,606.64,10177
2025-11-18 09:00:00+00:00,605.02,605.87,604.37,605.65,9878
2025-11-18 10:00:00+00:00,605.52,605.64,604.67,605.54,5644
2025-11-18 11:00:00+00:00,605.44,605.6,604.19,604.93,8813
2025-11-18 12:00:00+00:00,604.96,604.96,602.22,602.76,31022
2025-11-18 13:00:00+00:00,603.4,605.75,601.51,603.72,68348
2025-11-18 14:00:00+00:00,603.69,605.31,600.17,600.19,1552169
2025-11-18 15:00:00+00:00,600.15,601.73,598.54,598.88,1701584
2025-11-18 16:00:00+00:00,598.87,603.58,597.67,602.55,1193015
2025-11-18 17:00:00+00:00,602.5,605.44,599.57,604.81,895469
2025-11-18 18:00:00+00:00,604.82,606.1,603.94,604.18,791349
2025-11-18 19:00:00+00:00,604.29,605.92,603.68,605.47,759441
2025-11-18 20:00:00+00:00,605.49,605.94,601.48,601.58,1374332
2025-11-18 21:00:00+00:00,601.59,601.64,600.52,600.67,113019
2025-11-18 22:00:00+00:00,600.79,601.07,600.62,600.82,6192
2025-11-18 23:00:00+00:00,600.94,602.33,600.94,602.05,10932
2025-11-19 00:00:00+00:00,601.94,602.08,600.4,601.48,8448
2025-11-19 09:00:00+00:00,601.9,603.61,601.47,603.52,10571
2025-11-19 10:00:00+00:00,603.36,604.13,603.36,604.13,5266
2025-11-19 11:00:00+00:00,603.99,604.47,603.84,603.95,7194
2025-11-19 12:00:00+00:00,603.78,604.3,603.59,603.88,8817
2025-11-19 13:00:00+00:00,602.54,604.29,599.58,603.05,609234
2025-11-19 14:00:00+00:00,603.06,606.77,601.55,606.63,844201
2025-11-19 15:00:00+00:00,606.65,608.14,603.81,604.14,961739
2025-11-19 16:00:00+00:00,604.1,604.66,602.18,603.75,808384
2025-11-19 17:00:00+00:00,603.73,604.17,600.31,602.69,957907
2025-11-19 18:00:00+00:00,602.66,604.5,602.16,603.76,1059866
2025-11-19 19:00:00+00:00,603.93,604.01,600.84,602.61,841659
2025-11-19 20:00:00+00:00,602.53,605.79,602.4,603.91,1025091
2025-11-19 21:00:00+00:00,603.87,607.63,603.11,607.28,210955
2025-11-19 22:00:00+00:00,607.08,607.57,606.47,606.77,29490
2025-11-19 23:00:00+00:00,606.86,610.05,606.86,610.05,37842
2025-11-20 00:00:00+00:00,610.03,611.12,609.76,610.56,23883
2025-11-20 09:00:00+00:00,611.98,611.98,609.75,609.96,5472
2025-11-20 10:00:00+00:00,609.89,611.54,609.6,611.54,6467
2025-11-20 11:00:00+00:00,611.29,611.29,610.03,610.19,9285
2025-11-20 12:00:00+00:00,610.31,611.54,609.89,611.5,13269
2025-11-20 13:00:00+00:00,611.51,613.85,609.78,613.46,154295
2025-11-20 14:00:00+00:00,613.43,615.17,612.85,615.06,1081574
2025-11-20 15:00:00+00:00,615.08,615.63,613.08,613.09,1011736
2025-11-20 16:00:00+00:00,613.07,613.07,600.9,601.68,1823198
2025-11-20 17:00:00+00:00,601.6,603.6,597.29,598.89,2339650
2025-11-20 18:00:00+00:00,598.92,603.22,596.1,596.89,1535431
2025-11-20 19:00:00+00:00,596.87,599.85,595.83,599.78,2216966
2025-11-20 20:00:00+00:00,599.73,599.73,594.06,594.63,3332203
2025-11-20 21:00:00+00:00,594.62,594.87,593.95,594.07,351604
2025-11-20 22:00:00+00:00,594.1,594.2,593.83,594.2,26315
2025-11-20 23:00:00+00:00,594.65,595.68,593.11,595.26,47266
2025-11-21 00:00:00+00:00,595.29,596.61,595.04,596.35,17178
2025-11-21 09:00:00+00:00,596.86,596.87,594.28,594.42,13816
2025-11-21 10:00:00+00:00,594.17,594.94,591.82,594.78,37199
2025-11-21 11:00:00+00:00,595.01,595.99,593.56,594.26,20403
2025-11-21 12:00:00+00:00,594.25,598.2,592.41,597.27,97571
2025-11-21 13:00:00+00:00,594.12,598.44,591.97,597.8,642266
2025-11-21 14:00:00+00:00,597.67,598.22,595.21,596.48,1179560
2025-11-21 15:00:00+00:00,596.61,597.7,593.09,594.84,1792768
2025-11-21 16:00:00+00:00,594.75,602.08,593.3,602.01,1152791
2025-11-21 17:00:00+00:00,602.14,602.78,600.9,601.6,717873
2025-11-21 18:00:00+00:00,601.78,605.17,598.62,603.49,1310911
2025-11-21 19:00:00+00:00,603.5,605.6,602.33,603.08,994005
2025-11-21 20:00:00+00:00,603.03,603.42,599.84,600.62,1594327
2025-11-21 21:00:00+00:00,600.6,601.48,600.4,601.31,250375
2025-11-21 22:00:00+00:00,601.56,601.61,600.97,601.05,4410
2025-11-21 23:00:00+00:00,601.18,601.37,600.98,600.98,1719
2025-11-22 00:00:00+00:00,601.03,601.77,600.93,601.77,3108
2025-11-24 09:00:00+00:00,604.58,604.88,601.0,602.33,15810
2025-11-24 10:00:00+00:00,601.93,602.32,601.06,601.74,7790
2025-11-24 11:00:00+00:00,601.34,602.75,601.1,602.73,4516
2025-11-24 12:00:00+00:00,602.76,603.97,602.28,603.88,19738
2025-11-24 13:00:00+00:00,604.27,604.94,600.57,603.53,68061
2025-11-24 14:00:00+00:00,603.43,606.5,602.92,605.14,1237842
2025-11-24 15:00:00+00:00,605.15,608.01,605.07,607.45,967657
2025-11-24 16:00:00+00:00,607.43,609.18,607.43,608.28,540148
2025-11-24 17:00:00+00:00,608.33,610.04,607.77,609.74,532675
2025-11-24 18:00:00+00:00,609.78,610.36,609.47,609.89,444630
2025-11-24 19:00:00+00:00,609.91,610.4,608.66,609.04,591237
2025-11-24 20:00:00+00:00,609.02,610.64,609.01,609.46,1418749
2025-11-24 21:00:00+00:00,609.51,610.21,609.3,610.01,368428
2025-11-24 22:00:00+00:00,609.96,610.45,609.72,609.94,3041
2025-11-24 23:00:00+00:00,610.25,610.25,609.77,609.83,5623
2025-11-25 00:00:00+00:00,609.65,609.65,609.26,609.65,4526
2025-11-25 09:00:00+00:00,608.87,609.1,608.11,608.53,7164
2025-11-25 10:00:00+00:00,608.4,609.03,608.23,609.0,2812
2025-11-25 11:00:00+00:00,609.03,609.12,608.57,608.69,3463
2025-11-25 12:00:00+00:00,608.93,610.65,608.87,609.46,17657
2025-11-25 13:00:00+00:00,608.93,610.47,607.97,609.27,68545
2025-11-25 14:00:00+00:00,609.51,610.55,605.58,609.54,1142627
2025-11-25 15:00:00+00:00,609.58,611.56,606.88,610.4,1300871
2025-11-25 16:00:00+00:00,610.4,612.36,609.53,612.16,785908
2025-11-25 17:00:00+00:00,612.13,614.58,612.13,613.61,903756
2025-11-25 18:00:00+00:00,613.64,614.55,613.51,614.12,440284
2025-11-25 19:00:00+00:00,614.08,614.34,612.81,614.17,491815
2025-11-25 20:00:00+00:00,614.18,616.25,614.16,615.14,1468356
2025-11-25 21:00:00+00:00,615.14,615.44,615.0,615.19,652268
2025-11-25 22:00:00+00:00,615.21,615.45,615.08,615.31,4906
2025-11-25 23:00:00+00:00,615.31,615.58,615.01,615.43,7156
2025-11-26 00:00:00+00:00,615.42,616.0,615.33,615.88,2958
2025-11-26 09:00:00+00:00,617.16,617.16,616.5,616.68,5601
2025-11-26 10:00:00+00:00,616.74,617.42,616.7,617.4,2786
2025-11-26 11:00:00+00:00,617.31,617.49,616.87,616.88,6660
2025-11-26 12:00:00+00:00,616.89,616.89,616.02,616.7,9928
2025-11-26 13:00:00+00:00,616.87,617.95,616.09,617.38,45792
2025-11-26 14:00:00+00:00,617.41,619.22,616.89,617.26,835284
2025-11-26 15:00:00+00:00,617.21,619.34,616.75,619.3,880809
2025-11-26 16:00:00+00:00,619.35,621.26,619.24,620.91,720749
2025-11-26 17:00:00+00:00,621.01,621.24,620.13,620.72,485560
2025-11-26 18:00:00+00:00,620.71,621.12,619.34,620.06,674150
2025-11-26 19:00:00+00:00,620.04,620.98,619.82,620.5,475580
2025-11-26 20:00:00+00:00,620.49,621.18,619.35,619.37,928263
2025-11-26 21:00:00+00:00,619.36,619.98,619.36,619.81,229095
2025-11-26 22:00:00+00:00,619.77,619.87,619.67,619.73,3378
2025-11-26 23:00:00+00:00,619.92,620.11,619.62,619.72,4494
2025-11-27 00:00:00+00:00,619.81,619.94,619.71,619.9,3758
2025-11-28 09:00:00+00:00,620.01,621.68,620.01,621.45,4473
2025-11-28 10:00:00+00:00,621.43,621.43,620.96,620.96,1593
2025-11-28 11:00:00+00:00,621.09,621.13,620.86,620.92,1937
2025-11-28 12:00:00+00:00,620.97,621.7,620.95,621.51,3594
2025-11-28 13:00:00+00:00,621.1,622.22,620.66,620.76,22052
2025-11-28 14:00:00+00:00,620.96,621.4,620.17,620.86,586509
2025-11-28 15:00:00+00:00,620.88,622.1,620.68,621.96,766530
2025-11-28 16:00:00+00:00,622.0,622.41,621.22,622.23,572481
2025-11-28 17:00:00+00:00,622.27,623.07,621.43,622.76,778924
2025-11-28 18:00:00+00:00,622.81,623.03,622.33,622.65,190759
2025-11-28 19:00:00+00:00,622.49,623.04,622.44,623.04,4894
2025-11-28 20:00:00+00:00,623.11,623.3,622.64,622.64,4150
2025-11-28 21:00:00+00:00,622.98,623.15,622.98,623.04,3293
2025-12-01 09:00:00+00:00,619.51,620.31,618.87,618.87,5296
2025-12-01 10:00:00+00:00,618.92,619.6,618.89,619.26,1852
2025-12-01 11:00:00+00:00,619.35,619.35,618.89,619.23,4305
2025-12-01 12:00:00+00:00,619.23,619.32,617.89,618.14,20554
2025-12-01 13:00:00+00:00,619.21,620.02,617.75,618.95,706460
2025-12-01 14:00:00+00:00,618.88,621.42,618.51,621.07,1388194
2025-12-01 15:00:00+00:00,621.1,621.38,618.67,621.23,966734
2025-12-01 16:00:00+00:00,621.24,621.93,619.86,621.48,718833
2025-12-01 17:00:00+00:00,621.52,622.25,620.92,621.6,437358
2025-12-01 18:00:00+00:00,621.57,622.45,621.55,622.32,367244
2025-12-01 19:00:00+00:00,622.3,622.32,619.56,619.93,455776
2025-12-01 20:00:00+00:00,619.9,620.68,619.15,619.98,1136832
2025-12-01 21:00:00+00:00,620.01,620.07,619.59,619.91,279829
2025-12-01 22:00:00+00:00,619.82,620.15,619.78,620.15,5365
2025-12-01 23:00:00+00:00,619.97,620.14,619.43,619.65,3995
2025-12-02 00:00:00+00:00,619.44,619.97,619.4,619.82,3415
2025-12-02 09:00:00+00:00,620.34,620.74,620.26,620.58,4538
2025-12-02 10:00:00+00:00,620.85,621.62,620.82,621.58,5162
2025-12-02 11:00:00+00:00,621.46,621.86,621.37,621.46,9901
2025-12-02 12:00:00+00:00,621.43,621.55,620.97,621.55,10501
2025-12-02 13:00:00+00:00,620.57,621.85,618.89,621.84,657647
2025-12-02 14:00:00+00:00,621.89,622.38,621.11,621.87,649926
2025-12-02 15:00:00+00:00,621.84,623.07,620.52,622.9,713442
2025-12-02 16:00:00+00:00,622.91,623.21,619.09,620.15,777838
2025-12-02 17:00:00+00:00,620.24,622.3,619.89,619.9,410161
2025-12-02 18:00:00+00:00,619.8,621.17,619.71,620.77,535273
2025-12-02 19:00:00+00:00,620.75,622.08,620.4,621.87,379966
2025-12-02 20:00:00+00:00,622.01,622.34,620.98,621.03,686759
2025-12-02 21:00:00+00:00,621.07,621.34,620.99,621.31,411109
2025-12-02 22:00:00+00:00,621.27,621.45,621.22,621.33,3718
2025-12-02 23:00:00+00:00,621.45,621.75,621.38,621.59,4046
2025-12-03 00:00:00+00:00,621.91,622.01,620.96,621.95,4675
2025-12-03 09:00:00+00:00,621.11,622.57,621.11,622.25,5194
2025-12-03 10:00:00+00:00,622.31,622.46,622.02,622.07,2548
2025-12-03 11:00:00+00:00,622.02,622.46,621.98,622.14,2426
2025-12-03 12:00:00+00:00,622.13,623.04,621.87,622.85,15435
2025-12-03 13:00:00+00:00,622.32,623.23,621.86,622.61,65975
2025-12-03 14:00:00+00:00,622.62,622.65,619.23,620.51,849348
2025-12-03 15:00:00+00:00,620.55,622.37,620.41,621.81,785764
2025-12-03 16:00:00+00:00,621.92,622.94,621.2,621.73,565538
2025-12-03 17:00:00+00:00,621.71,623.46,621.65,623.23,383740
2025-12-03 18:00:00+00:00,623.28,623.81,622.9,623.31,553961
2025-12-03 19:00:00+00:00,623.25,624.05,623.23,623.94,458946
2025-12-03 20:00:00+00:00,623.97,624.21,622.96,623.18,1143544
2025-12-03 21:00:00+00:00,623.2,623.44,623.19,623.43,1486065
2025-12-03 22:00:00+00:00,623.42,623.56,623.2,623.48,3043
2025-12-03 23:00:00+00:00,623.39,623.39,623.18,623.26,1822
2025-12-04 00:00:00+00:00,623.21,623.58,622.9,622.95,2693
2025-12-04 09:00:00+00:00,623.33,623.95,622.81,623.89,11151
2025-12-04 10:00:00+00:00,623.87,623.93,623.33,623.38,2838
2025-12-04 11:00:00+00:00,623.21,623.4,623.19,623.39,2982
2025-12-04 12:00:00+00:00,623.55,624.07,623.55,623.79,4084
2025-12-04 13:00:00+00:00,623.74,623.96,622.56,623.48,33840
2025-12-04 14:00:00+00:00,623.53,624.92,622.25,622.5,1069169
2025-12-04 15:00:00+00:00,622.53,623.89,621.72,622.77,804108
2025-12-04 16:00:00+00:00,622.73,623.88,621.73,623.78,587537
2025-12-04 17:00:00+00:00,623.72,623.9,622.82,623.65,395688
2025-12-04 18:00:00+00:00,623.64,624.07,622.9,623.48,405133
2025-12-04 19:00:00+00:00,623.46,623.57,620.94,622.7,587802
2025-12-04 20:00:00+00:00,622.63,623.87,621.85,623.74,1090077
2025-12-04 21:00:00+00:00,623.75,623.83,623.46,623.64,100098
2025-12-04 22:00:00+00:00,623.45,623.62,623.34,623.57,1725
2025-12-04 23:00:00+00:00,623.57,623.87,623.34,623.34,3102
2025-12-05 00:00:00+00:00,623.39,624.06,623.39,624.06,3967
2025-12-05 09:00:00+00:00,624.97,625.22,624.88,625.02,11346
2025-12-05 10:00:00+00:00,624.97,625.27,624.91,624.91,2763
2025-12-05 11:00:00+00:00,624.85,625.28,624.85,625.18,4181
2025-12-05 12:00:00+00:00,625.15,625.32,624.82,625.02,9924
2025-12-05 13:00:00+00:00,625.21,625.62,623.1,623.76,36276
2025-12-05 14:00:00+00:00,623.71,626.14,623.71,625.93,863379
2025-12-05 15:00:00+00:00,626.19,627.38,625.45,625.8,897585
2025-12-05 16:00:00+00:00,625.79,626.22,624.31,625.23,803464
2025-12-05 17:00:00+00:00,625.17,625.6,623.91,625.44,570086
2025-12-05 18:00:00+00:00,625.46,626.07,624.76,625.38,455064
2025-12-05 19:00:00+00:00,625.38,625.56,624.81,625.44,393686
2025-12-05 20:00:00+00:00,625.43,625.47,623.93,624.84,887522
2025-12-05 21:00:00+00:00,624.85,625.32,624.83,625.2,71252
2025-12-05 22:00:00+00:00,625.2,625.24,625.04,625.11,4084
2025-12-05 23:00:00+00:00,625.02,625.24,625.02,625.12,895
2025-12-06 00:00:00+00:00,625.1,625.25,625.1,625.25,994
2025-12-08 09:00:00+00:00,625.62,625.99,625.62,625.63,4506
2025-12-08 10:00:00+00:00,625.58,625.95,625.46,625.9,4990
2025-12-08 11:00:00+00:00,625.82,625.82,625.38,625.48,4004
2025-12-08 12:00:00+00:00,625.46,626.01,625.33,626.0,9071
2025-12-08 13:00:00+00:00,625.76,626.4,625.44,625.91,32598
2025-12-08 14:00:00+00:00,626.04,626.27,624.27,624.69,925672
2025-12-08 15:00:00+00:00,624.68,624.98,623.01,623.09,1435868
2025-12-08 16:00:00+00:00,623.08,623.48,622.39,622.83,591021
2025-12-08 17:00:00+00:00,622.72,623.64,621.75,623.51,645100
2025-12-08 18:00:00+00:00,623.47,623.74,621.16,621.67,497439
2025-12-08 19:00:00+00:00,621.64,622.31,621.26,621.86,391110
2025-12-08 20:00:00+00:00,621.93,623.16,621.61,623.06,1107579
2025-12-08 21:00:00+00:00,623.06,623.72,622.82,623.72,1191159
2025-12-08 22:00:00+00:00,623.46,623.91,623.46,623.78,5728
2025-12-08 23:00:00+00:00,623.71,624.16,623.44,624.09,11788
2025-12-09 00:00:00+00:00,624.06,624.1,623.85,624.03,3605
2025-12-09 09:00:00+00:00,623.58,623.58,623.19,623.19,891
2025-12-09 10:00:00+00:00,623.39,623.71,622.12,623.27,11621
2025-12-09 11:00:00+00:00,623.42,623.61,622.97,623.61,7302
2025-12-09 12:00:00+00:00,623.48,623.58,623.16,623.51,5498
2025-12-09 13:00:00+00:00,623.58,623.93,622.5,622.56,658687
2025-12-09 14:00:00+00:00,622.65,623.85,622.15,623.73,578448
2025-12-09 15:00:00+00:00,623.77,624.21,623.0,623.84,565598
2025-12-09 16:00:00+00:00,623.83,624.63,623.79,624.3,554507
2025-12-09 17:00:00+00:00,624.29,624.61,623.04,623.65,405050
2025-12-09 18:00:00+00:00,623.64,623.82,622.81,623.43,409240
2025-12-09 19:00:00+00:00,623.43,623.51,622.65,623.05,645381
2025-12-09 20:00:00+00:00,623.04,623.24,622.11,622.5,1290699
2025-12-09 21:00:00+00:00,622.51,622.54,622.08,622.35,4299446
2025-12-09 22:00:00+00:00,622.34,622.42,622.31,622.34,3657
2025-12-09 23:00:00+00:00,622.36,622.44,622.25,622.25,2828
2025-12-10 00:00:00+00:00,622.25,622.5,622.06,622.06,6032
2025-12-10 09:00:00+00:00,623.0,623.23,622.83,622.95,2152
2025-12-10 10:00:00+00:00,622.88,623.28,621.25,621.94,9665
2025-12-10 11:00:00+00:00,621.85,622.65,621.76,622.24,6112
2025-12-10 12:00:00+00:00,622.25,622.44,621.64,622.05,5931
2025-12-10 13:00:00+00:00,621.97,623.43,621.74,622.5,24131
2025-12-10 14:00:00+00:00,622.44,622.76,620.93,622.57,530044
2025-12-10 15:00:00+00:00,622.56,622.88,621.25,621.75,672167
2025-12-10 16:00:00+00:00,621.79,623.26,621.06,623.02,1162991
2025-12-10 17:00:00+00:00,623.01,623.56,622.41,623.24,445576
2025-12-10 18:00:00+00:00,623.23,623.43,622.0,622.34,529512
2025-12-10 19:00:00+00:00,622.33,627.08,622.22,626.93,2534736
2025-12-10 20:00:00+00:00,626.97,627.9,626.18,626.56,1913375
2025-12-10 21:00:00+00:00,626.57,626.85,626.0,626.62,14566185
2025-12-10 22:00:00+00:00,626.67,626.9,626.16,626.16,10770
2025-12-10 23:00:00+00:00,626.25,626.28,625.53,625.71,25035
2025-12-11 00:00:00+00:00,625.42,625.62,624.87,624.95,6198
2025-12-11 09:00:00+00:00,623.29,623.43,621.94,623.24,14937
2025-12-11 10:00:00+00:00,623.24,623.4,623.01,623.08,6055
2025-12-11 11:00:00+00:00,623.17,623.96,623.15,623.96,3247
2025-12-11 12:00:00+00:00,623.9,625.13,623.89,625.04,15370
2025-12-11 13:00:00+00:00,623.88,625.08,620.93,623.94,702360
2025-12-11 14:00:00+00:00,624.19,625.01,621.84,622.09,987812
2025-12-11 15:00:00+00:00,622.13,625.93,621.72,624.97,970539
2025-12-11 16:00:00+00:00,624.93,626.09,623.76,624.75,816725
2025-12-11 17:00:00+00:00,624.73,627.07,624.65,626.39,549473
2025-12-11 18:00:00+00:00,626.33,627.6,626.23,627.0,1189219
2025-12-11 19:00:00+00:00,627.03,628.18,626.9,627.78,496013
2025-12-11 20:00:00+00:00,627.8,628.26,627.04,628.09,2208572
2025-12-11 21:00:00+00:00,628.1,629.99,627.56,629.72,25914143
2025-12-11 22:00:00+00:00,629.75,629.75,627.81,628.27,7754
2025-12-11 23:00:00+00:00,628.37,628.88,627.75,627.8,8327
2025-12-12 00:00:00+00:00,627.6,627.93,627.25,627.62,4760
2025-12-12 09:00:00+00:00,628.44,628.51,626.89,627.33,11550
2025-12-12 10:00:00+00:00,627.4,627.51,626.89,627.32,2826
2025-12-12 11:00:00+00:00,627.39,627.57,626.79,626.89,7122
2025-12-12 12:00:00+00:00,626.97,627.65,626.66,627.31,10859
2025-12-12 13:00:00+00:00,626.87,628.71,626.82,628.3,674136
2025-12-12 14:00:00+00:00,628.33,628.39,626.28,626.61,687951
2025-12-12 15:00:00+00:00,626.51,626.62,620.96,621.3,1406556
2025-12-12 16:00:00+00:00,621.27,621.96,618.96,620.26,1222846
2025-12-12 17:00:00+00:00,620.2,622.68,620.04,622.16,843585
2025-12-12 18:00:00+00:00,622.19,623.69,621.91,622.05,779596
2025-12-12 19:00:00+00:00,622.07,622.17,620.84,621.52,602240
2025-12-12 20:00:00+00:00,621.55,622.0,619.81,621.3,1373886
2025-12-12 21:00:00+00:00,621.32,621.75,621.2,621.51,730170
2025-12-12 22:00:00+00:00,621.65,621.77,621.5,621.65,2848
2025-12-12 23:00:00+00:00,621.77,621.77,621.45,621.45,2462
2025-12-13 00:00:00+00:00,621.63,621.7,621.45,621.55,2197
2025-12-15 09:00:00+00:00,623.48,624.21,623.3,624.16,7803
2025-12-15 10:00:00+00:00,624.23,624.43,624.15,624.23,1646
2025-12-15 11:00:00+00:00,624.29,624.5,624.21,624.39,6616
2025-12-15 12:00:00+00:00,624.4,624.55,623.82,624.32,17461
2025-12-15 13:00:00+00:00,624.42,624.68,622.44,624.62,691664
2025-12-15 14:00:00+00:00,624.58,625.06,621.83,621.95,924932
2025-12-15 15:00:00+00:00,621.93,622.08,619.04,620.79,1113194
2025-12-15 16:00:00+00:00,620.81,622.52,619.86,620.53,2672710
2025-12-15 17:00:00+00:00,620.54,621.09,619.2,620.25,568108
2025-12-15 18:00:00+00:00,620.2,621.02,619.32,620.69,518860
2025-12-15 19:00:00+00:00,620.66,621.35,620.13,621.28,1389593
2025-12-15 20:00:00+00:00,621.27,621.31,620.24,620.38,1397299
2025-12-15 21:00:00+00:00,620.42,620.74,620.29,620.66,1957401
2025-12-15 22:00:00+00:00,620.74,620.81,620.56,620.66,2634
2025-12-15 23:00:00+00:00,620.82,620.99,619.72,620.02,5241
2025-12-16 00:00:00+00:00,620.1,620.1,619.07,619.32,5669
2025-12-16 09:00:00+00:00,618.98,618.98,617.49,617.89,5745
2025-12-16 10:00:00+00:00,617.79,619.5,617.79,619.14,4563
2025-12-16 11:00:00+00:00,619.14,619.95,619.08,619.95,2318
2025-12-16 12:00:00+00:00,620.01,620.46,619.93,620.23,7090
2025-12-16 13:00:00+00:00,620.06,621.68,616.45,619.58,58730
2025-12-16 14:00:00+00:00,619.47,620.65,617.64,620.46,822369
2025-12-16 15:00:00+00:00,620.51,620.68,616.48,618.84,948135
2025-12-16 16:00:00+00:00,618.93,619.1,616.65,618.2,673915
2025-12-16 17:00:00+00:00,618.17,618.72,615.51,615.71,638285
2025-12-16 18:00:00+00:00,615.71,618.48,615.16,617.78,799820
2025-12-16 19:00:00+00:00,617.77,618.43,615.96,617.86,820078
2025-12-16 20:00:00+00:00,617.83,620.24,617.69,618.69,1697115
2025-12-16 21:00:00+00:00,618.68,618.91,617.75,618.15,9276504
2025-12-16 22:00:00+00:00,617.99,618.34,617.99,618.19,1566
2025-12-16 23:00:00+00:00,618.39,618.57,617.69,617.89,8535
2025-12-17 00:00:00+00:00,617.49,617.92,617.22,617.88,4983
2025-12-17 09:00:00+00:00,619.55,620.6,619.53,620.6,4902
2025-12-17 10:00:00+00:00,620.54,621.07,620.48,620.97,5392
2025-12-17 11:00:00+00:00,621.0,621.06,620.57,621.06,6744
2025-12-17 12:00:00+00:00,621.01,621.07,620.69,621.07,13020
2025-12-17 13:00:00+00:00,620.98,621.06,617.71,620.47,661600
2025-12-17 14:00:00+00:00,620.39,620.7,617.53,619.09,713494
2025-12-17 15:00:00+00:00,619.05,619.42,614.27,614.81,912194
2025-12-17 16:00:00+00:00,614.75,615.72,613.4,614.45,1113147
2025-12-17 17:00:00+00:00,614.45,615.2,613.34,614.07,1113530
2025-12-17 18:00:00+00:00,614.15,615.02,612.47,612.91,586109
2025-12-17 19:00:00+00:00,612.89,613.59,612.48,613.45,723359
2025-12-17 20:00:00+00:00,613.48,613.62,611.7,611.81,1450242
2025-12-17 21:00:00+00:00,611.81,613.37,611.74,612.75,13396398
2025-12-17 22:00:00+00:00,612.75,613.27,612.34,613.27,12389
2025-12-17 23:00:00+00:00,613.05,613.08,612.25,612.25,4702
2025-12-18 00:00:00+00:00,612.04,613.21,611.74,613.2,6072
2025-12-18 09:00:00+00:00,613.56,614.58,613.56,614.55,11028
2025-12-18 10:00:00+00:00,614.58,614.58,614.31,614.39,1385
2025-12-18 11:00:00+00:00,614.55,615.01,614.51,615.01,2360
2025-12-18 12:00:00+00:00,614.93,615.03,614.3,614.3,10379
2025-12-18 13:00:00+00:00,614.91,617.25,612.34,616.6,83325
2025-12-18 14:00:00+00:00,616.54,618.45,615.81,617.93,721462
2025-12-18 15:00:00+00:00,618.05,620.27,616.23,619.77,927893
2025-12-18 16:00:00+00:00,619.76,620.4,619.12,619.31,915663
2025-12-18 17:00:00+00:00,619.31,619.33,615.08,618.21,1077299
2025-12-18 18:00:00+00:00,618.23,619.43,617.56,618.13,1418659
2025-12-18 19:00:00+00:00,618.1,618.16,615.5,615.86,530297
2025-12-18 20:00:00+00:00,615.86,618.42,615.62,616.53,1264184
2025-12-18 21:00:00+00:00,616.5,616.6,615.8,615.97,30058605
2025-12-18 22:00:00+00:00,615.89,616.25,615.85,616.17,6399
2025-12-18 23:00:00+00:00,616.25,616.44,615.77,616.27,11377
2025-12-19 00:00:00+00:00,616.19,616.7,616.1,616.5,4012
2025-12-19 09:00:00+00:00,617.88,619.04,617.88,618.97,13581
2025-12-19 10:00:00+00:00,618.93,618.98,618.4,618.4,4306
2025-12-19 11:00:00+00:00,618.17,618.36,617.95,618.13,1268
2025-12-19 12:00:00+00:00,618.05,618.32,616.93,616.93,7202
2025-12-19 13:00:00+00:00,617.88,618.91,616.3,617.49,31391
2025-12-19 14:00:00+00:00,617.42,621.48,617.14,621.37,847162
2025-12-19 15:00:00+00:00,621.45,622.02,620.14,620.63,937217
2025-12-19 16:00:00+00:00,620.63,622.04,620.27,621.29,613170
2025-12-19 17:00:00+00:00,621.29,622.53,621.24,622.2,511179
2025-12-19 18:00:00+00:00,622.18,622.57,621.74,621.79,486337
2025-12-19 19:00:00+00:00,621.78,622.48,621.78,622.12,476891
2025-12-19 20:00:00+00:00,622.11,622.34,621.22,622.08,1297881
2025-12-19 21:00:00+00:00,622.06,622.64,621.91,622.52,3731132
2025-12-19 22:00:00+00:00,622.5,622.54,622.38,622.52,2767
2025-12-19 23:00:00+00:00,622.59,622.68,622.59,622.63,8207
2025-12-20 00:00:00+00:00,622.63,622.94,622.62,622.94,5368
2025-12-22 09:00:00+00:00,623.97,624.29,623.68,624.2,4021
2025-12-22 10:00:00+00:00,624.14,624.33,624.11,624.25,1836
2025-12-22 11:00:00+00:00,624.24,624.44,624.12,624.24,4095
2025-12-22 12:00:00+00:00,624.23,624.6,624.1,624.54,10908
2025-12-22 13:00:00+00:00,624.05,624.95,623.42,624.9,48878
2025-12-22 14:00:00+00:00,624.9,625.71,624.25,625.24,1139468
2025-12-22 15:00:00+00:00,625.22,625.32,624.01,624.93,851523
2025-12-22 16:00:00+00:00,624.94,626.09,624.89,626.05,636022
2025-12-22 17:00:00+00:00,626.09,626.46,625.7,626.33,635128
2025-12-22 18:00:00+00:00,626.34,626.34,625.55,625.68,416839
2025-12-22 19:00:00+00:00,625.69,626.15,625.4,625.94,597239
2025-12-22 20:00:00+00:00,625.93,626.25,625.78,625.88,1051053
2025-12-22 21:00:00+00:00,625.94,626.15,625.91,626.04,3147670
2025-12-22 22:00:00+00:00,626.06,626.14,625.86,625.93,1040
2025-12-22 23:00:00+00:00,626.04,626.24,625.98,626.07,6726
2025-12-23 00:00:00+00:00,626.04,626.17,625.96,626.17,4717
2025-12-23 09:00:00+00:00,626.04,626.67,626.03,626.52,4229
2025-12-23 10:00:00+00:00,626.59,626.6,626.23,626.32,5852
2025-12-23 11:00:00+00:00,626.22,626.33,625.99,626.11,3410
2025-12-23 12:00:00+00:00,626.06,626.22,625.6,625.92,5910
2025-12-23 13:00:00+00:00,626.08,626.66,624.65,624.8,683089
2025-12-23 14:00:00+00:00,624.79,627.29,624.68,626.58,845154
2025-12-23 15:00:00+00:00,626.53,627.51,625.55,627.36,865315
2025-12-23 16:00:00+00:00,627.35,627.98,627.31,627.89,1220866
2025-12-23 17:00:00+00:00,627.87,628.17,627.67,627.96,686616
2025-12-23 18:00:00+00:00,627.96,628.63,627.92,628.46,482860
2025-12-23 19:00:00+00:00,628.46,628.82,628.43,628.74,493249
2025-12-23 20:00:00+00:00,628.73,629.06,628.55,628.75,917747
2025-12-23 21:00:00+00:00,628.81,628.96,628.53,628.61,6284512
2025-12-23 22:00:00+00:00,628.51,628.69,628.51,628.51,3496
2025-12-23 23:00:00+00:00,628.52,628.63,628.4,628.5,3842
2025-12-24 00:00:00+00:00,628.57,628.68,628.54,628.57,2580
2025-12-24 09:00:00+00:00,628.46,628.75,628.42,628.61,3337
2025-12-24 10:00:00+00:00,628.5,628.69,628.5,628.66,2103
2025-12-24 11:00:00+00:00,628.66,628.68,628.64,628.64,1013
2025-12-24 12:00:00+00:00,628.67,629.01,628.64,628.98,4319
2025-12-24 13:00:00+00:00,628.53,629.18,628.23,629.1,26906
2025-12-24 14:00:00+00:00,629.05,629.55,628.72,629.44,655443
2025-12-24 15:00:00+00:00,629.4,630.25,629.36,630.23,965590
2025-12-24 16:00:00+00:00,630.23,631.16,630.14,631.06,603229
2025-12-24 17:00:00+00:00,631.08,631.48,630.88,630.98,932522
2025-12-24 18:00:00+00:00,630.97,631.04,630.52,630.77,56606
2025-12-24 19:00:00+00:00,630.77,630.93,630.68,630.7,2128
2025-12-24 20:00:00+00:00,630.74,630.86,630.43,630.43,4210
2025-12-24 21:00:00+00:00,630.43,630.62,630.43,630.58,1299
2025-12-26 09:00:00+00:00,630.77,631.06,630.76,631.02,2007
2025-12-26 10:00:00+00:00,631.13,631.16,630.93,630.93,2666
2025-12-26 11:00:00+00:00,630.96,630.96,630.62,630.86,3261
2025-12-26 12:00:00+00:00,630.8,631.2,630.79,631.04,19592
2025-12-26 13:00:00+00:00,630.77,631.5,630.61,631.21,35924
2025-12-26 14:00:00+00:00,631.32,632.23,630.97,631.45,641094
2025-12-26 15:00:00+00:00,631.43,631.62,630.39,631.48,696643
2025-12-26 16:00:00+00:00,631.46,631.58,630.53,630.72,381513
2025-12-26 17:00:00+00:00,630.73,630.9,630.19,630.53,318646
2025-12-26 18:00:00+00:00,630.54,630.98,630.05,630.93,717154
2025-12-26 19:00:00+00:00,630.9,631.12,630.69,630.86,343113
2025-12-26 20:00:00+00:00,630.84,631.15,630.72,630.94,629252
2025-12-26 21:00:00+00:00,630.96,631.0,630.68,630.73,35551
2025-12-26 22:00:00+00:00,630.75,630.86,630.71,630.77,2125
2025-12-26 23:00:00+00:00,630.92,631.0,630.84,630.9,636
2025-12-27 00:00:00+00:00,630.93,630.93,630.81,630.86,1818
2025-12-29 09:00:00+00:00,629.47,629.73,629.28,629.62,6825
2025-12-29 10:00:00+00:00,629.76,629.76,629.55,629.55,3676
2025-12-29 11:00:00+00:00,629.45,629.86,629.31,629.78,3878
2025-12-29 12:00:00+00:00,629.86,629.86,629.05,629.32,10846
2025-12-29 13:00:00+00:00,629.23,630.76,628.02,628.58,699283
2025-12-29 14:00:00+00:00,628.48,629.96,627.71,628.51,1112186
2025-12-29 15:00:00+00:00,628.5,629.23,627.81,628.3,1121307
2025-12-29 16:00:00+00:00,628.28,628.54,627.67,628.04,549365
2025-12-29 17:00:00+00:00,628.04,628.18,627.14,627.99,658474
2025-12-29 18:00:00+00:00,627.95,628.78,627.77,628.18,556158
2025-12-29 19:00:00+00:00,628.17,629.3,627.85,629.16,514424
2025-12-29 20:00:00+00:00,629.17,629.43,628.34,628.74,1003190
2025-12-29 21:00:00+00:00,628.75,628.9,628.52,628.88,183526
2025-12-29 22:00:00+00:00,628.91,629.1,628.76,628.96,26045
2025-12-29 23:00:00+00:00,628.81,628.81,628.38,628.4,34694
2025-12-30 00:00:00+00:00,628.38,628.61,628.33,628.33,3769
2025-12-30 09:00:00+00:00,628.9,628.99,628.73,628.73,5687
2025-12-30 10:00:00+00:00,628.72,628.84,628.58,628.66,1622
2025-12-30 11:00:00+00:00,628.48,628.83,628.22,628.72,3292
2025-12-30 12:00:00+00:00,628.78,628.93,628.62,628.62,1815
2025-12-30 13:00:00+00:00,628.94,628.97,628.03,628.48,33517
2025-12-30 14:00:00+00:00,628.6,629.37,627.86,628.99,701354
2025-12-30 15:00:00+00:00,629.02,629.03,627.59,628.52,588720
2025-12-30 16:00:00+00:00,628.49,629.38,628.16,628.2,491209
2025-12-30 17:00:00+00:00,628.18,628.61,627.85,628.57,355885
2025-12-30 18:00:00+00:00,628.54,628.83,628.18,628.69,352741
2025-12-30 19:00:00+00:00,628.68,628.83,628.33,628.48,380024
2025-12-30 20:00:00+00:00,628.45,628.71,627.71,627.93,854574
2025-12-30 21:00:00+00:00,627.95,628.26,627.77,627.99,379981
2025-12-30 22:00:00+00:00,628.12,628.12,627.9,627.9,896
2025-12-30 23:00:00+00:00,627.99,628.13,627.5,627.72,9766
2025-12-31 00:00:00+00:00,627.67,627.67,626.79,626.98,5928
2025-12-31 09:00:00+00:00,626.35,626.61,626.19,626.49,3232
2025-12-31 10:00:00+00:00,626.26,626.64,626.19,626.47,1454
2025-12-31 11:00:00+00:00,626.55,626.94,626.55,626.94,2257
2025-12-31 12:00:00+00:00,627.01,627.42,626.79,627.3,11550
2025-12-31 13:00:00+00:00,626.46,628.68,626.19,628.47,62252
2025-12-31 14:00:00+00:00,628.48,628.66,626.44,627.03,698848
2025-12-31 15:00:00+00:00,627.02,627.1,625.4,625.54,578697
2025-12-31 16:00:00+00:00,625.51,626.55,625.51,626.47,584929
2025-12-31 17:00:00+00:00,626.49,626.55,625.83,625.97,399571
2025-12-31 18:00:00+00:00,625.95,627.1,625.9,626.88,409306
2025-12-31 19:00:00+00:00,626.97,627.28,625.29,625.36,486012
2025-12-31 20:00:00+00:00,625.36,625.43,623.15,623.29,1566286
2025-12-31 21:00:00+00:00,623.3,623.87,623.3,623.5,644866
2025-12-31 22:00:00+00:00,623.59,623.89,623.51,623.89,3307
2025-12-31 23:00:00+00:00,624.07,624.19,623.91,624.18,2684
2026-01-01 00:00:00+00:00,624.11,624.28,624.01,624.02,6848
2026-01-02 09:00:00+00:00,626.44,627.68,626.44,627.62,12857
2026-01-02 10:00:00+00:00,627.59,627.63,627.13,627.52,13692
2026-01-02 11:00:00+00:00,627.52,627.65,627.17,627.17,4737
2026-01-02 12:00:00+00:00,627.24,627.24,626.88,627.09,6652
2026-01-02 13:00:00+00:00,627.23,627.7,626.19,626.81,690989
2026-01-02 14:00:00+00:00,626.87,627.83,625.39,627.24,1370035
2026-01-02 15:00:00+00:00,627.32,627.84,622.6,622.9,1777542
2026-01-02 16:00:00+00:00,622.93,623.97,621.83,622.65,1597432
2026-01-02 17:00:00+00:00,622.61,624.15,622.17,622.66,903441
2026-01-02 18:00:00+00:00,622.66,623.21,621.43,622.06,967364
2026-01-02 19:00:00+00:00,622.07,625.18,621.9,624.43,1413262
2026-01-02 20:00:00+00:00,624.43,624.95,623.47,624.5,1767639
2026-01-02 21:00:00+00:00,624.49,624.88,624.21,624.31,479841
2026-01-02 22:00:00+00:00,624.46,624.46,624.22,624.22,2868
2026-01-02 23:00:00+00:00,624.18,624.36,624.01,624.21,2313
2026-01-03 00:00:00+00:00,624.21,624.5,624.21,624.4,312859
2026-01-05 09:00:00+00:00,625.45,626.27,625.45,625.72,5611
2026-01-05 10:00:00+00:00,626.01,626.38,626.01,626.32,2704
2026-01-05 11:00:00+00:00,626.35,626.58,626.17,626.58,5979
2026-01-05 12:00:00+00:00,626.48,626.8,626.1,626.38,16834
2026-01-05 13:00:00+00:00,626.51,626.8,625.2,626.52,94345
2026-01-05 14:00:00+00:00,626.52,628.8,626.51,628.05,1346415
2026-01-05 15:00:00+00:00,628.08,629.65,627.63,629.22,1500616
2026-01-05 16:00:00+00:00,629.2,630.21,628.92,629.71,809528
2026-01-05 17:00:00+00:00,629.73,629.94,629.09,629.42,2212191
2026-01-05 18:00:00+00:00,629.42,629.6,628.57,629.39,880688
2026-01-05 19:00:00+00:00,629.39,629.54,628.25,628.56,753039
2026-01-05 20:00:00+00:00,628.54,629.12,628.07,628.64,1341663
2026-01-05 21:00:00+00:00,628.66,628.67,628.33,628.42,7173817
2026-01-05 22:00:00+00:00,628.85,628.94,628.45,628.63,4538
2026-01-05 23:00:00+00:00,628.54,628.68,628.28,628.35,2450
2026-01-06 00:00:00+00:00,628.34,628.45,628.17,628.27,4036
2026-01-06 09:00:00+00:00,629.18,629.18,627.88,628.2,7617
2026-01-06 10:00:00+00:00,628.18,628.4,628.11,628.33,2688
2026-01-06 11:00:00+00:00,628.27,628.45,628.24,628.42,3229
2026-01-06 12:00:00+00:00,628.26,628.89,628.18,628.87,4686
2026-01-06 13:00:00+00:00,628.18,629.82,627.58,628.62,34620
2026-01-06 14:00:00+00:00,628.53,630.89,628.23,630.83,1182977
2026-01-06 15:00:00+00:00,630.85,631.53,629.54,629.94,1310443
2026-01-06 16:00:00+00:00,629.9,630.27,629.18,630.21,1914557
2026-01-06 17:00:00+00:00,630.22,631.75,629.95,631.6,691707
2026-01-06 18:00:00+00:00,631.63,632.29,631.23,632.29,715787
2026-01-06 19:00:00+00:00,632.31,632.7,632.25,632.43,653033
2026-01-06 20:00:00+00:00,632.43,632.83,632.39,632.39,1123662
2026-01-06 21:00:00+00:00,632.39,632.63,632.36,632.61,993712
2026-01-06 22:00:00+00:00,632.37,632.83,632.37,632.55,3290
2026-01-06 23:00:00+00:00,632.55,632.81,632.41,632.52,6610
2026-01-07 00:00:00+00:00,632.55,632.74,632.47,632.68,6725
2026-01-07 09:00:00+00:00,632.51,632.51,631.56,631.77,3437
2026-01-07 10:00:00+00:00,631.75,632.03,631.56,631.66,2363
2026-01-07 11:00:00+00:00,631.76,632.1,631.76,632.1,5487
2026-01-07 12:00:00+00:00,632.16,632.35,631.94,632.26,3829
2026-01-07 13:00:00+00:00,632.16,632.81,631.58,632.75,710311
2026-01-07 14:00:00+00:00,632.76,633.56,632.3,633.07,1358774
2026-01-07 15:00:00+00:00,633.11,633.22,631.6,633.02,1198293
2026-01-07 16:00:00+00:00,633.04,633.99,632.5,633.95,1058189
2026-01-07 17:00:00+00:00,633.94,634.36,633.27,633.47,1003360
2026-01-07 18:00:00+00:00,633.46,633.6,632.58,633.31,752001
2026-01-07 19:00:00+00:00,633.32,633.36,632.07,632.32,817403
2026-01-07 20:00:00+00:00,632.33,632.39,630.1,630.37,1559947
2026-01-07 21:00:00+00:00,630.36,630.78,629.97,630.78,322637
2026-01-07 22:00:00+00:00,630.85,631.08,630.64,630.66,5009
2026-01-07 23:00:00+00:00,630.74,630.74,630.45,630.52,2208
2026-01-08 00:00:00+00:00,630.55,630.83,630.34,630.8,2827
2026-01-08 09:00:00+00:00,629.51,629.77,628.99,629.17,4170
2026-01-08 10:00:00+00:00,629.06,629.23,628.88,629.23,4981
2026-01-08 11:00:00+00:00,629.37,629.53,628.78,629.18,5688
2026-01-08 12:00:00+00:00,629.23,629.37,628.88,629.37,4541
2026-01-08 13:00:00+00:00,629.23,629.99,628.16,629.86,33921
2026-01-08 14:00:00+00:00,629.69,630.09,628.42,629.1,1186861
2026-01-08 15:00:00+00:00,629.13,630.74,628.77,630.59,1114303
2026-01-08 16:00:00+00:00,630.61,630.81,629.3,630.65,1129785
2026-01-08 17:00:00+00:00,630.62,631.26,629.91,630.79,759932
2026-01-08 18:00:00+00:00,630.71,630.89,629.59,629.71,617021
2026-01-08 19:00:00+00:00,629.7,630.13,629.17,629.68,581540
2026-01-08 20:00:00+00:00,629.66,630.77,629.55,630.23,1223733
2026-01-08 21:00:00+00:00,630.23,631.66,630.23,631.13,2324528
2026-01-08 22:00:00+00:00,631.12,631.5,630.92,631.17,3867
2026-01-08 23:00:00+00:00,631.19,631.24,630.52,630.52,4106
2026-01-09 00:00:00+00:00,630.57,630.76,630.34,630.37,4638
2026-01-09 09:00:00+00:00,630.19,631.06,630.17,631.06,2469
2026-01-09 10:00:00+00:00,631.07,631.16,630.96,631.06,2473
2026-01-09 11:00:00+00:00,631.04,631.49,630.94,631.17,3366
2026-01-09 12:00:00+00:00,631.09,631.46,630.88,631.46,3453
2026-01-09 13:00:00+00:00,631.09,632.95,630.12,632.76,716672
2026-01-09 14:00:00+00:00,632.83,632.97,631.13,632.09,1049986
2026-01-09 15:00:00+00:00,632.17,633.9,629.97,632.53,1393162
2026-01-09 16:00:00+00:00,632.52,634.41,632.51,634.28,763022
2026-01-09 17:00:00+00:00,634.28,634.84,634.14,634.36,513194
2026-01-09 18:00:00+00:00,634.34,635.2,633.8,634.88,497557
2026-01-09 19:00:00+00:00,634.89,635.51,634.72,635.2,696325
2026-01-09 20:00:00+00:00,635.19,635.58,634.32,634.39,1550425
2026-01-09 21:00:00+00:00,634.42,634.49,634.2,634.36,650508
2026-01-09 22:00:00+00:00,634.48,634.56,634.36,634.56,3103
2026-01-09 23:00:00+00:00,634.56,634.81,634.44,634.81,1414
2026-01-10 00:00:00+00:00,634.6,635.01,634.49,634.59,1899
2026-01-12 09:00:00+00:00,629.87,631.26,629.79,630.27,8777
2026-01-12 10:00:00+00:00,630.17,630.62,630.17,630.31,3103
2026-01-12 11:00:00+00:00,630.29,630.8,630.28,630.53,5274
2026-01-12 12:00:00+00:00,630.6,631.42,630.6,631.25,10484
2026-01-12 13:00:00+00:00,630.6,631.42,629.56,631.16,784068
2026-01-12 14:00:00+00:00,631.06,634.3,630.94,634.07,1812225
2026-01-12 15:00:00+00:00,634.08,634.43,633.43,634.3,1477956
2026-01-12 16:00:00+00:00,634.29,635.16,634.07,634.9,869963
2026-01-12 17:00:00+00:00,634.91,635.14,634.47,635.0,582655
2026-01-12 18:00:00+00:00,634.98,635.64,634.92,635.5,571285
2026-01-12 19:00:00+00:00,635.49,636.23,635.26,636.17,655030
2026-01-12 20:00:00+00:00,636.16,636.29,635.43,635.44,942064
2026-01-12 21:00:00+00:00,635.45,635.69,634.96,635.08,181402
2026-01-12 22:00:00+00:00,635.41,635.52,635.04,635.44,3160
2026-01-12 23:00:00+00:00,635.21,635.25,634.59,634.59,5311
2026-01-13 00:00:00+00:00,634.58,634.63,634.25,634.34,6178
2026-01-13 09:00:00+00:00,635.14,635.2,634.74,634.97,2262
2026-01-13 10:00:00+00:00,634.92,634.92,634.39,634.62,1384
2026-01-13 11:00:00+00:00,634.61,634.94,634.61,634.94,3341
2026-01-13 12:00:00+00:00,634.94,635.18,634.76,634.76,6230
2026-01-13 13:00:00+00:00,635.1,637.37,634.55,635.93,718904
2026-01-13 14:00:00+00:00,635.83,636.64,634.61,634.62,1421579
2026-01-13 15:00:00+00:00,634.6,634.85,632.63,634.18,1962875
2026-01-13 16:00:00+00:00,634.15,635.48,632.95,635.22,1419005
2026-01-13 17:00:00+00:00,635.21,635.41,633.05,633.4,875721
2026-01-13 18:00:00+00:00,633.33,634.05,632.95,633.29,647872
2026-01-13 19:00:00+00:00,633.33,633.64,632.77,633.39,542037
2026-01-13 20:00:00+00:00,633.38,634.33,631.97,634.13,1152810
2026-01-13 21:00:00+00:00,634.15,634.4,633.9,633.92,83997
2026-01-13 22:00:00+00:00,634.15,634.22,633.77,634.01,2111
2026-01-13 23:00:00+00:00,633.97,634.11,633.78,633.79,3391
2026-01-14 00:00:00+00:00,633.73,634.22,633.73,634.1,4202
2026-01-14 09:00:00+00:00,633.28,633.6,633.09,633.32,6692
2026-01-14 10:00:00+00:00,633.21,633.23,631.4,631.63,9103
2026-01-14 11:00:00+00:00,631.65,632.11,631.38,631.74,5335
2026-01-14 12:00:00+00:00,631.73,632.43,630.96,632.05,18187
2026-01-14 13:00:00+00:00,631.73,633.98,631.16,633.98,70947
2026-01-14 14:00:00+00:00,631.66,632.28,629.5,629.55,1291369
2026-01-14 15:00:00+00:00,629.51,631.49,627.53,628.13,1838120
2026-01-14 16:00:00+00:00,628.17,630.24,627.19,627.63,980503
2026-01-14 17:00:00+00:00,627.55,628.38,627.24,627.65,848418
2026-01-14 18:00:00+00:00,627.63,629.12,627.31,628.99,617295
2026-01-14 19:00:00+00:00,628.97,629.42,628.56,628.95,766241
2026-01-14 20:00:00+00:00,628.95,631.3,628.29,631.12,1719492
2026-01-14 21:00:00+00:00,631.12,631.38,629.12,630.26,406773
2026-01-14 22:00:00+00:00,630.58,630.88,630.35,630.35,3959
2026-01-14 23:00:00+00:00,630.24,630.43,629.5,630.43,2640
2026-01-15 00:00:00+00:00,630.37,630.43,630.01,630.12,3021
2026-01-15 09:00:00+00:00,632.06,633.44,632.06,633.32,8955
2026-01-15 10:00:00+00:00,633.12,633.36,633.0,633.25,4665
2026-01-15 11:00:00+00:00,633.23,633.6,633.23,633.4,5414
2026-01-15 12:00:00+00:00,633.36,633.6,633.08,633.51,16784
2026-01-15 13:00:00+00:00,632.16,634.24,630.29,633.96,702376
2026-01-15 14:00:00+00:00,633.93,635.11,633.64,634.06,1326526
2026-01-15 15:00:00+00:00,634.0,635.22,633.48,634.82,1059023
2026-01-15 16:00:00+00:00,634.81,635.62,634.71,635.35,557571
2026-01-15 17:00:00+00:00,635.31,635.72,634.31,634.37,489173
2026-01-15 18:00:00+00:00,634.31,635.53,634.29,635.04,374401
2026-01-15 19:00:00+00:00,635.01,635.02,633.09,633.27,599648
2026-01-15 20:00:00+00:00,633.25,633.5,631.86,632.71,1090973
2026-01-15 21:00:00+00:00,632.74,632.82,632.41,632.65,459106
2026-01-15 22:00:00+00:00,632.62,632.98,632.62,632.85,159826
2026-01-15 23:00:00+00:00,632.89,633.27,632.63,633.27,7270
2026-01-16 00:00:00+00:00,633.17,633.44,633.16,633.39,3047
2026-01-16 09:00:00+00:00,634.53,634.78,634.31,634.31,3787
2026-01-16 10:00:00+00:00,634.38,634.78,634.38,634.7,1570
2026-01-16 11:00:00+00:00,634.79,634.83,633.84,633.84,3913
2026-01-16 12:00:00+00:00,633.83,634.24,633.39,633.39,7274
2026-01-16 13:00:00+00:00,633.96,634.88,633.49,633.65,29054
2026-01-16 14:00:00+00:00,633.76,634.65,632.52,632.54,1355804
2026-01-16 15:00:00+00:00,632.51,633.31,630.85,632.41,1769973
2026-01-16 16:00:00+00:00,632.39,633.92,632.16,633.17,820052
2026-01-16 17:00:00+00:00,633.17,633.45,632.48,632.51,537433
2026-01-16 18:00:00+00:00,632.48,633.73,632.4,633.17,544650
2026-01-16 19:00:00+00:00,633.13,634.12,632.54,633.17,524545
2026-01-16 20:00:00+00:00,633.15,633.38,632.09,632.19,872077
2026-01-16 21:00:00+00:00,632.23,632.43,631.96,632.31,97912
2026-01-16 22:00:00+00:00,632.15,632.63,632.15,632.18,2225
2026-01-16 23:00:00+00:00,632.21,632.58,632.16,632.46,1411
2026-01-17 00:00:00+00:00,632.48,632.63,632.19,632.21,1134
2026-01-20 09:00:00+00:00,622.3,625.1,620.73,621.17,32566
2026-01-20 10:00:00+00:00,621.04,622.55,620.75,622.22,11366
2026-01-20 11:00:00+00:00,622.09,623.11,622.09,622.86,8664
2026-01-20 12:00:00+00:00,622.83,624.32,622.56,623.8,30599
2026-01-20 13:00:00+00:00,622.84,626.24,620.79,622.52,160026
2026-01-20 14:00:00+00:00,622.52,624.6,622.35,623.64,2735058
2026-01-20 15:00:00+00:00,623.52,625.95,622.43,625.06,2390688
2026-01-20 16:00:00+00:00,625.07,625.75,623.72,624.97,1292892
2026-01-20 17:00:00+00:00,624.94,625.19,622.02,622.59,1227649
2026-01-20 18:00:00+00:00,622.59,622.95,619.81,620.44,1330707
2026-01-20 19:00:00+00:00,620.43,620.94,619.12,619.63,1621972
2026-01-20 20:00:00+00:00,619.6,619.88,618.46,619.41,3548626
2026-01-20 21:00:00+00:00,619.42,620.05,619.16,619.82,414435
2026-01-20 22:00:00+00:00,619.73,620.04,619.72,619.99,12526
2026-01-20 23:00:00+00:00,619.84,620.29,619.13,619.24,21059
2026-01-21 00:00:00+00:00,619.43,620.48,619.43,620.42,11003
2026-01-21 09:00:00+00:00,621.31,621.42,619.87,619.87,7276
2026-01-21 10:00:00+00:00,619.73,620.87,619.73,620.35,3872
2026-01-21 11:00:00+00:00,620.23,620.23,618.24,618.26,12522
2026-01-21 12:00:00+00:00,618.26,618.86,617.88,618.74,14804
2026-01-21 13:00:00+00:00,618.33,621.62,617.92,618.72,93157
2026-01-21 14:00:00+00:00,618.61,624.02,618.5,623.86,1625771
2026-01-21 15:00:00+00:00,623.83,626.29,623.11,625.92,1895936
2026-01-21 16:00:00+00:00,625.9,626.01,621.51,621.63,1208889
2026-01-21 17:00:00+00:00,621.63,622.46,619.88,622.15,883141
2026-01-21 18:00:00+00:00,622.13,622.91,620.36,622.5,802124
2026-01-21 19:00:00+00:00,622.48,629.55,621.47,629.32,1799862
2026-01-21 20:00:00+00:00,629.32,629.57,625.85,626.45,1836608
2026-01-21 21:00:00+00:00,626.48,627.2,626.48,626.76,187298
2026-01-21 22:00:00+00:00,627.09,627.15,626.72,627.15,4707
2026-01-21 23:00:00+00:00,627.17,628.01,627.17,627.66,11117
2026-01-22 00:00:00+00:00,627.54,628.09,627.54,627.9,4750
2026-01-22 09:00:00+00:00,629.79,630.56,629.63,630.33,5586
2026-01-22 10:00:00+00:00,630.35,630.35,629.77,630.21,9215
2026-01-22 11:00:00+00:00,630.17,630.45,629.55,629.56,11251
2026-01-22 12:00:00+00:00,629.59,629.89,629.42,629.87,12443
2026-01-22 13:00:00+00:00,630.24,630.79,626.76,630.79,70286
2026-01-22 14:00:00+00:00,630.78,631.33,628.36,628.94,1078962
2026-01-22 15:00:00+00:00,628.88,630.28,627.93,629.49,909655
2026-01-22 16:00:00+00:00,629.45,631.19,629.45,630.5,535723
2026-01-22 17:00:00+00:00,630.45,631.72,630.23,631.63,496852
2026-01-22 18:00:00+00:00,631.62,631.78,630.61,630.76,480703
2026-01-22 19:00:00+00:00,630.74,631.59,629.6,629.62,413736
2026-01-22 20:00:00+00:00,629.59,630.27,628.53,629.8,1059962
2026-01-22 21:00:00+00:00,629.75,629.97,628.93,628.97,974248
2026-01-22 22:00:00+00:00,629.46,629.57,628.95,629.19,10783
2026-01-22 23:00:00+00:00,628.98,629.59,628.98,629.26,2125
2026-01-23 00:00:00+00:00,629.05,630.03,629.05,630.03,3649
2026-01-23 09:00:00+00:00,629.35,629.58,628.19,628.51,9224
2026-01-23 10:00:00+00:00,628.51,628.65,628.31,628.49,3703
2026-01-23 11:00:00+00:00,628.65,629.85,628.61,628.88,14850
2026-01-23 12:00:00+00:00,628.93,629.68,628.71,629.49,7359
2026-01-23 13:00:00+00:00,628.58,631.52,628.23,628.37,642545
2026-01-23 14:00:00+00:00,628.39,629.63,628.14,629.63,868308
2026-01-23 15:00:00+00:00,629.67,631.41,629.21,631.2,783065
2026-01-23 16:00:00+00:00,631.19,631.63,630.22,630.53,648589
2026-01-23 17:00:00+00:00,630.52,631.05,628.67,628.87,591432
2026-01-23 18:00:00+00:00,628.85,630.05,628.8,629.81,390833
2026-01-23 19:00:00+00:00,629.81,630.91,629.77,630.32,382607
2026-01-23 20:00:00+00:00,630.32,630.41,629.39,630.01,1093467
2026-01-23 21:00:00+00:00,630.0,630.0,628.87,628.99,391484
2026-01-23 22:00:00+00:00,628.98,629.4,628.86,629.13,3742
2026-01-23 23:00:00+00:00,629.18,629.39,629.14,629.27,2018
2026-01-24 00:00:00+00:00,629.27,629.42,629.0,629.08,4396
2026-01-26 09:00:00+00:00,629.18,630.43,628.0,628.54,11363
2026-01-26 10:00:00+00:00,628.51,629.42,628.48,629.35,6863
2026-01-26 11:00:00+00:00,629.14,629.3,628.94,629.3,3630
2026-01-26 12:00:00+00:00,629.25,629.92,629.22,629.63,9647
2026-01-26 13:00:00+00:00,629.23,630.67,628.12,630.64,54281
2026-01-26 14:00:00+00:00,630.64,633.15,630.6,632.84,1546840
2026-01-26 15:00:00+00:00,632.8,633.88,632.34,633.48,956873
2026-01-26 16:00:00+00:00,633.49,633.81,632.8,633.58,502941
2026-01-26 17:00:00+00:00,633.55,634.13,633.52,633.71,445943
2026-01-26 18:00:00+00:00,633.7,634.53,633.41,634.04,366095
2026-01-26 19:00:00+00:00,634.0,634.39,633.93,634.03,343927
2026-01-26 20:00:00+00:00,634.02,634.28,633.13,633.21,1228214
2026-01-26 21:00:00+00:00,633.23,633.39,632.91,632.91,3499727
2026-01-26 22:00:00+00:00,633.18,633.25,632.68,632.98,5497
2026-01-26 23:00:00+00:00,632.66,633.44,632.53,633.22,11049
2026-01-27 00:00:00+00:00,633.05,633.52,633.05,633.52,1678
2026-01-27 09:00:00+00:00,634.86,635.39,634.64,634.64,3056
2026-01-27 10:00:00+00:00,634.77,635.06,634.77,634.93,4284
2026-01-27 11:00:00+00:00,634.98,635.32,634.79,635.26,5485
2026-01-27 12:00:00+00:00,635.21,635.21,634.62,634.81,10086
2026-01-27 13:00:00+00:00,635.19,635.58,634.59,634.68,34642
2026-01-27 14:00:00+00:00,634.8,635.77,634.02,635.54,583879
2026-01-27 15:00:00+00:00,635.55,636.36,634.86,636.22,735135
2026-01-27 16:00:00+00:00,636.24,636.73,636.22,636.25,481075
2026-01-27 17:00:00+00:00,636.23,636.37,635.68,635.7,398553
2026-01-27 18:00:00+00:00,635.72,636.43,635.24,636.28,647988
2026-01-27 19:00:00+00:00,636.22,636.57,636.01,636.3,422211
2026-01-27 20:00:00+00:00,636.29,636.61,635.71,635.87,848605
2026-01-27 21:00:00+00:00,635.84,636.08,635.57,635.91,75681
2026-01-27 22:00:00+00:00,635.86,636.13,635.84,635.88,6783
2026-01-27 23:00:00+00:00,635.98,636.37,635.93,636.18,2789
2026-01-28 00:00:00+00:00,636.19,637.39,636.19,637.26,9407
2026-01-28 09:00:00+00:00,637.42,638.09,637.42,638.01,7470
2026-01-28 10:00:00+00:00,637.83,638.36,637.83,638.32,4894
2026-01-28 11:00:00+00:00,638.32,638.32,637.76,638.15,5564
2026-01-28 12:00:00+00:00,638.08,638.13,637.19,637.25,19866
2026-01-28 13:00:00+00:00,638.07,638.78,636.76,637.13,50289
2026-01-28 14:00:00+00:00,637.13,637.93,636.8,637.27,765625
2026-01-28 15:00:00+00:00,637.29,637.43,635.82,635.83,724050
2026-01-28 16:00:00+00:00,635.87,636.53,634.86,635.08,545671
2026-01-28 17:00:00+00:00,635.07,635.94,634.87,635.18,461590
2026-01-28 18:00:00+00:00,635.15,635.72,634.91,635.39,393735
2026-01-28 19:00:00+00:00,635.42,636.23,634.36,635.21,854846
2026-01-28 20:00:00+00:00,635.21,636.48,635.11,635.73,1187104
2026-01-28 21:00:00+00:00,635.75,637.21,633.15,636.69,486067
2026-01-28 22:00:00+00:00,636.39,636.9,636.13,636.83,11051
2026-01-28 23:00:00+00:00,636.93,636.93,634.81,634.91,15173
2026-01-29 00:00:00+00:00,634.79,634.95,633.85,634.84,17668
2026-01-29 09:00:00+00:00,637.41,637.79,636.93,636.97,3231
2026-01-29 10:00:00+00:00,636.86,637.12,636.49,636.49,2530
2026-01-29 11:00:00+00:00,636.53,637.13,636.2,636.96,4584
2026-01-29 12:00:00+00:00,636.95,637.29,636.51,636.83,11910
2026-01-29 13:00:00+00:00,637.03,637.75,636.5,637.39,43576
2026-01-29 14:00:00+00:00,637.24,637.24,632.09,632.14,951154
2026-01-29 15:00:00+00:00,632.2,632.24,626.37,627.12,2378437
2026-01-29 16:00:00+00:00,627.16,629.88,626.01,629.57,1061739
2026-01-29 17:00:00+00:00,629.52,632.29,629.5,629.72,1092852
2026-01-29 18:00:00+00:00,629.72,632.39,629.57,631.29,541787
2026-01-29 19:00:00+00:00,631.27,632.78,630.96,631.75,727743
2026-01-29 20:00:00+00:00,631.79,635.14,631.72,634.38,1327674
2026-01-29 21:00:00+00:00,634.38,635.37,633.97,634.5,372606
2026-01-29 22:00:00+00:00,634.22,634.77,634.15,634.34,12740
2026-01-29 23:00:00+00:00,634.37,634.71,632.46,634.05,16609
2026-01-30 00:00:00+00:00,634.12,634.2,633.01,633.2,5990
2026-01-30 09:00:00+00:00,630.96,630.96,628.07,629.05,9142
2026-01-30 10:00:00+00:00,629.36,630.33,629.03,629.96,5840
2026-01-30 11:00:00+00:00,630.39,632.75,630.35,632.69,10552
2026-01-30 12:00:00+00:00,632.73,633.23,631.58,631.95,14454
2026-01-30 13:00:00+00:00,632.75,633.25,628.11,631.66,72300
2026-01-30 14:00:00+00:00,631.48,634.17,631.45,632.3,739879
2026-01-30 15:00:00+00:00,632.28,634.59,631.58,632.65,924685
2026-01-30 16:00:00+00:00,632.69,633.21,631.0,631.4,689320
2026-01-30 17:00:00+00:00,631.34,632.08,629.63,629.99,679143
2026-01-30 18:00:00+00:00,629.94,632.63,628.13,631.98,793332
2026-01-30 19:00:00+00:00,632.0,633.23,631.15,631.25,794755
2026-01-30 20:00:00+00:00,631.27,633.3,630.17,632.5,1565378
2026-01-30 21:00:00+00:00,632.49,632.96,631.6,632.05,241012
2026-01-30 22:00:00+00:00,631.99,632.07,631.52,631.61,4549
2026-01-30 23:00:00+00:00,631.98,631.98,631.17,631.38,4573
2026-01-31 00:00:00+00:00,631.41,631.52,631.16,631.21,3407
2026-02-02 09:00:00+00:00,628.34,628.97,627.29,628.86,10766
2026-02-02 10:00:00+00:00,628.93,629.09,627.96,628.18,8613
2026-02-02 11:00:00+00:00,628.07,629.81,628.01,629.28,9908
2026-02-02 12:00:00+00:00,629.37,630.5,629.37,629.7,34737
2026-02-02 13:00:00+00:00,629.9,630.52,623.42,630.35,73825
2026-02-02 14:00:00+00:00,630.22,634.25,630.2,633.2,1316908
2026-02-02 15:00:00+00:00,633.17,636.01,632.95,635.09,1280261
2026-02-02 16:00:00+00:00,635.06,636.12,634.36,636.01,1222346
2026-02-02 17:00:00+00:00,636.01,637.09,635.92,636.6,631127
2026-02-02 18:00:00+00:00,636.62,636.94,635.97,636.71,485309
2026-02-02 19:00:00+00:00,636.69,637.05,635.69,635.76,656098
2026-02-02 20:00:00+00:00,635.78,636.67,635.35,635.76,1714952
2026-02-02 21:00:00+00:00,635.78,636.16,635.31,635.91,1689336
2026-02-02 22:00:00+00:00,635.82,636.12,635.79,636.03,3496
2026-02-02 23:00:00+00:00,636.1,637.45,635.81,636.95,34481
2026-02-03 00:00:00+00:00,636.83,637.56,636.54,637.17,7063
2026-02-03 09:00:00+00:00,637.43,637.62,636.78,636.78,7934
2026-02-03 10:00:00+00:00,637.21,637.21,636.56,636.71,2416
2026-02-03 11:00:00+00:00,636.44,636.63,636.38,636.42,1625
2026-02-03 12:00:00+00:00,636.69,637.62,636.42,637.43,12483
2026-02-03 13:00:00+00:00,637.1,637.99,635.82,637.1,247220
2026-02-03 14:00:00+00:00,636.99,637.13,633.83,633.97,1119795
2026-02-03 15:00:00+00:00,633.91,634.14,631.49,633.63,1628121
2026-02-03 16:00:00+00:00,633.59,633.67,630.99,631.34,799009
2026-02-03 17:00:00+00:00,631.31,631.42,628.37,628.65,996466
2026-02-03 18:00:00+00:00,628.61,629.37,626.04,626.08,975233
2026-02-03 19:00:00+00:00,626.01,628.19,625.3,627.85,1168241
2026-02-03 20:00:00+00:00,627.83,630.54,627.35,630.24,1506577
2026-02-03 21:00:00+00:00,630.27,630.72,629.47,629.79,1197737
2026-02-03 22:00:00+00:00,630.17,630.22,629.68,629.82,4588
2026-02-03 23:00:00+00:00,629.68,630.49,629.57,630.48,10279
2026-02-04 00:00:00+00:00,630.49,630.49,629.67,629.67,7894
2026-02-04 09:00:00+00:00,630.51,631.14,629.75,630.25,4509
2026-02-04 10:00:00+00:00,630.17,631.33,630.17,631.24,5626
2026-02-04 11:00:00+00:00,631.27,632.4,630.99,632.33,6386
2026-02-04 12:00:00+00:00,632.09,632.34,631.15,631.28,4579
2026-02-04 13:00:00+00:00,631.96,632.44,630.36,630.86,617871
2026-02-04 14:00:00+00:00,630.72,632.08,628.78,629.05,960220
2026-02-04 15:00:00+00:00,628.99,631.5,627.56,629.42,1665582
2026-02-04 16:00:00+00:00,629.45,629.7,625.58,627.63,1536308
2026-02-04 17:00:00+00:00,627.57,628.09,623.21,624.95,1274205
2026-02-04 18:00:00+00:00,624.92,626.6,623.77,625.76,875164
2026-02-04 19:00:00+00:00,625.89,629.33,624.7,629.18,943610
2026-02-04 20:00:00+00:00,629.12,629.34,626.79,627.18,1543498
2026-02-04 21:00:00+00:00,627.21,630.28,625.93,629.34,1849653
2026-02-04 22:00:00+00:00,629.35,629.59,627.98,628.01,10380
2026-02-04 23:00:00+00:00,628.05,629.18,627.85,627.85,7674
2026-02-05 00:00:00+00:00,627.88,629.22,627.68,628.83,6804
2026-02-05 09:00:00+00:00,626.8,628.25,626.39,627.23,7394
2026-02-05 10:00:00+00:00,627.19,628.28,627.06,627.29,7207
2026-02-05 11:00:00+00:00,627.5,628.12,627.1,627.8,4787
2026-02-05 12:00:00+00:00,627.7,628.48,622.76,623.87,43741
2026-02-05 13:00:00+00:00,628.14,628.68,622.62,622.92,101327
2026-02-05 14:00:00+00:00,622.71,624.95,620.47,622.16,1333718
2026-02-05 15:00:00+00:00,622.02,622.83,617.87,619.16,2258184
2026-02-05 16:00:00+00:00,619.18,622.99,617.74,622.76,1623474
2026-02-05 17:00:00+00:00,622.71,623.96,620.68,621.99,993677
2026-02-05 18:00:00+00:00,622.0,622.78,619.47,620.05,1165355
2026-02-05 19:00:00+00:00,620.03,622.94,619.8,620.77,1353770
2026-02-05 20:00:00+00:00,620.77,622.4,618.12,619.26,1523448
2026-02-05 21:00:00+00:00,619.27,620.15,616.3,616.92,1149967
2026-02-05 22:00:00+00:00,616.93,616.96,615.66,615.98,53175
2026-02-05 23:00:00+00:00,616.01,617.0,614.51,615.06,45667
2026-02-06 00:00:00+00:00,614.95,616.02,613.27,616.02,43477
2026-02-06 09:00:00+00:00,619.26,622.22,618.04,621.76,27367
2026-02-06 10:00:00+00:00,621.71,622.33,621.12,622.33,12061
2026-02-06 11:00:00+00:00,622.59,624.09,622.59,623.82,17618
2026-02-06 12:00:00+00:00,623.81,623.82,622.05,622.42,25340
2026-02-06 13:00:00+00:00,623.46,623.86,616.4,622.97,653784
2026-02-06 14:00:00+00:00,622.85,627.56,622.42,626.02,1306844
2026-02-06 15:00:00+00:00,626.06,628.03,624.46,626.91,1244682
2026-02-06 16:00:00+00:00,626.89,628.93,626.57,628.42,919588
2026-02-06 17:00:00+00:00,628.44,630.32,628.16,629.8,729500
2026-02-06 18:00:00+00:00,629.88,630.44,629.51,629.88,881759
2026-02-06 19:00:00+00:00,629.89,630.55,629.63,630.17,606799
2026-02-06 20:00:00+00:00,630.15,632.87,629.96,631.39,2366542
2026-02-06 21:00:00+00:00,631.36,631.64,630.82,631.23,4175059
2026-02-06 22:00:00+00:00,630.88,631.14,630.57,630.85,6468
2026-02-06 23:00:00+00:00,630.93,631.14,630.72,631.14,2078
2026-02-07 00:00:00+00:00,631.01,631.4,631.01,631.39,2789
2026-02-09 09:00:00+00:00,632.13,632.3,630.77,630.91,13955
2026-02-09 10:00:00+00:00,630.91,630.91,628.91,630.29,15878
2026-02-09 11:00:00+00:00,630.33,630.58,629.84,630.22,10666
2026-02-09 12:00:00+00:00,630.23,631.16,629.67,631.16,14377
2026-02-09 13:00:00+00:00,632.1,632.85,628.91,630.57,657445
2026-02-09 14:00:00+00:00,630.48,632.24,629.28,631.15,1135844
2026-02-09 15:00:00+00:00,631.09,634.84,630.98,634.63,1236840
2026-02-09 16:00:00+00:00,634.65,635.87,634.47,635.69,1704288
2026-02-09 17:00:00+00:00,635.67,635.93,634.87,634.96,633016
2026-02-09 18:00:00+00:00,634.95,635.52,634.02,635.05,741548
2026-02-09 19:00:00+00:00,635.04,636.12,634.88,635.73,557384
2026-02-09 20:00:00+00:00,635.71,635.98,634.31,634.37,1289307
2026-02-09 21:00:00+00:00,634.35,634.87,634.35,634.6,873673
2026-02-09 22:00:00+00:00,634.52,635.04,634.52,634.73,3169
2026-02-09 23:00:00+00:00,634.96,635.14,634.02,634.02,4835
2026-02-10 00:00:00+00:00,634.15,634.24,633.78,634.24,3004
2026-02-10 09:00:00+00:00,634.93,635.89,634.93,635.19,4782
2026-02-10 10:00:00+00:00,634.96,635.45,634.95,635.2,2004
2026-02-10 11:00:00+00:00,634.94,635.5,634.85,635.5,2500
2026-02-10 12:00:00+00:00,635.43,635.82,634.21,634.21,11982
2026-02-10 13:00:00+00:00,635.53,635.86,633.62,634.74,39356
2026-02-10 14:00:00+00:00,634.72,636.4,633.95,636.04,1223927
2026-02-10 15:00:00+00:00,636.03,636.75,635.11,635.72,807953
2026-02-10 16:00:00+00:00,635.68,635.86,634.52,635.1,594513
2026-02-10 17:00:00+00:00,635.13,636.06,634.61,635.73,606400
2026-02-10 18:00:00+00:00,635.74,635.74,633.36,634.08,699938
2026-02-10 19:00:00+00:00,634.12,634.54,633.65,634.22,545931
2026-02-10 20:00:00+00:00,634.17,634.39,632.24,632.64,3671584
2026-02-10 21:00:00+00:00,632.6,634.85,632.51,633.49,5392222
2026-02-10 22:00:00+00:00,633.4,633.65,633.25,633.43,2603
2026-02-10 23:00:00+00:00,633.44,633.94,633.35,633.81,5756
2026-02-11 00:00:00+00:00,633.97,634.17,633.77,634.17,4386
2026-02-11 09:00:00+00:00,633.82,634.17,633.15,633.15,5470
2026-02-11 10:00:00+00:00,633.17,633.17,632.13,632.83,9175
2026-02-11 11:00:00+00:00,633.12,633.75,632.99,632.99,8901
2026-02-11 12:00:00+00:00,633.01,633.63,633.01,633.3,5360
2026-02-11 13:00:00+00:00,632.97,636.83,632.17,636.73,76468
2026-02-11 14:00:00+00:00,636.62,637.28,634.22,634.44,793365
2026-02-11 15:00:00+00:00,634.54,635.07,630.01,632.9,1297444
2026-02-11 16:00:00+00:00,632.88,633.91,632.01,632.64,666077
2026-02-11 17:00:00+00:00,632.63,634.37,632.03,633.28,422795
2026-02-11 18:00:00+00:00,633.29,633.5,632.06,633.23,595766
2026-02-11 19:00:00+00:00,633.23,634.37,632.72,633.44,419736
2026-02-11 20:00:00+00:00,633.41,633.57,632.25,632.49,853184
2026-02-11 21:00:00+00:00,632.5,633.34,632.49,632.97,128260
2026-02-11 22:00:00+00:00,633.13,633.2,632.75,633.07,1708
2026-02-11 23:00:00+00:00,633.12,633.12,631.96,632.49,7475
2026-02-12 00:00:00+00:00,632.55,632.95,632.13,632.95,3314
2026-02-12 09:00:00+00:00,634.62,634.97,633.75,634.86,4146
2026-02-12 10:00:00+00:00,634.98,634.98,634.24,634.3,1163
2026-02-12 11:00:00+00:00,634.57,634.89,634.34,634.89,5782
2026-02-12 12:00:00+00:00,634.78,635.08,634.43,634.56,7317
2026-02-12 13:00:00+00:00,634.62,635.5,633.91,635.17,52411
2026-02-12 14:00:00+00:00,634.93,635.66,632.9,633.33,735560
2026-02-12 15:00:00+00:00,633.31,634.15,629.46,629.52,768164
2026-02-12 16:00:00+00:00,629.51,629.65,624.82,625.86,1798595
2026-02-12 17:00:00+00:00,625.85,626.7,624.31,624.35,1013910
2026-02-12 18:00:00+00:00,624.35,626.47,623.66,625.92,959319
2026-02-12 19:00:00+00:00,625.94,627.04,624.95,626.31,741568
2026-02-12 20:00:00+00:00,626.35,626.6,621.98,622.81,1302122
2026-02-12 21:00:00+00:00,622.78,624.07,622.5,623.91,1495120
2026-02-12 22:00:00+00:00,623.88,624.09,623.61,623.79,10964
2026-02-12 23:00:00+00:00,624.01,624.2,622.53,623.84,18806
2026-02-13 00:00:00+00:00,623.53,624.31,621.9,622.28,25055
2026-02-13 01:00:00+00:00,622.29,622.29,622.29,622.29,184
2026-02-13 09:00:00+00:00,622.66,623.36,621.99,622.66,8178
2026-02-13 10:00:00+00:00,622.91,623.35,622.05,622.05,8348
2026-02-13 11:00:00+00:00,621.68,621.72,620.25,621.72,11386
2026-02-13 12:00:00+00:00,621.79,622.5,621.1,621.6,25070
2026-02-13 13:00:00+00:00,621.86,624.21,620.43,623.55,139812
2026-02-13 14:00:00+00:00,623.59,624.18,619.35,621.43,1343902
2026-02-13 15:00:00+00:00,621.54,625.79,621.47,623.94,1785937
2026-02-13 16:00:00+00:00,623.98,626.65,623.29,625.96,840713
2026-02-13 17:00:00+00:00,625.97,627.36,625.73,626.27,626110
2026-02-13 18:00:00+00:00,626.3,627.34,625.37,625.94,631067
2026-02-13 19:00:00+00:00,625.89,626.51,623.67,623.83,842148
2026-02-13 20:00:00+00:00,623.79,624.6,621.46,623.07,1742408
2026-02-13 21:00:00+00:00,623.09,623.6,622.69,622.71,1259047
2026-02-13 22:00:00+00:00,622.74,623.24,622.74,623.24,4994
2026-02-13 23:00:00+00:00,623.22,623.31,622.67,622.67,4973
2026-02-14 00:00:00+00:00,622.61,623.11,622.46,622.46,3884
2026-02-17 09:00:00+00:00,621.52,622.83,621.35,622.26,10090
2026-02-17 10:00:00+00:00,622.29,622.29,620.73,620.88,4928
2026-02-17 11:00:00+00:00,620.98,621.45,620.62,621.18,6479
2026-02-17 12:00:00+00:00,621.46,622.05,620.23,620.66,16286
2026-02-17 13:00:00+00:00,621.49,622.58,619.15,621.01,102209
2026-02-17 14:00:00+00:00,620.9,624.16,618.4,618.54,1419162
2026-02-17 15:00:00+00:00,618.38,621.38,617.75,620.34,1478687
2026-02-17 16:00:00+00:00,620.31,624.56,620.2,623.84,917109
2026-02-17 17:00:00+00:00,623.84,623.92,620.83,622.57,1129200
2026-02-17 18:00:00+00:00,622.59,625.93,621.51,625.36,1079456
2026-02-17 19:00:00+00:00,625.31,626.12,624.73,624.89,629082
2026-02-17 20:00:00+00:00,624.87,625.35,623.4,624.13,1003644
2026-02-17 21:00:00+00:00,624.18,624.67,623.8,624.22,886077
2026-02-17 22:00:00+00:00,623.96,624.37,623.96,623.97,1385
2026-02-17 23:00:00+00:00,624.21,624.21,623.01,623.27,7777
2026-02-18 00:00:00+00:00,623.39,623.71,623.1,623.18,3438
2026-02-18 09:00:00+00:00,626.19,627.9,626.19,627.28,8050
2026-02-18 10:00:00+00:00,627.36,627.86,627.23,627.5,7489
2026-02-18 11:00:00+00:00,627.42,627.42,626.69,626.72,3927
2026-02-18 12:00:00+00:00,626.71,627.54,625.41,626.32,22840
2026-02-18 13:00:00+00:00,626.68,627.76,625.07,625.22,43260
2026-02-18 14:00:00+00:00,625.36,627.46,624.21,627.25,1221875
2026-02-18 15:00:00+00:00,627.29,629.59,627.19,629.4,792873
2026-02-18 16:00:00+00:00,629.44,629.81,628.46,628.51,518886
2026-02-18 17:00:00+00:00,628.57,629.75,628.36,629.36,320421
2026-02-18 18:00:00+00:00,629.37,629.97,627.14,627.95,509733
2026-02-18 19:00:00+00:00,627.97,628.35,625.33,625.83,660502
2026-02-18 20:00:00+00:00,625.81,628.19,625.21,627.32,1483553
2026-02-18 21:00:00+00:00,627.34,627.41,626.85,627.07,3524685
2026-02-18 22:00:00+00:00,627.03,627.19,626.86,627.19,1486
2026-02-18 23:00:00+00:00,627.39,627.88,627.3,627.41,4671
2026-02-19 00:00:00+00:00,627.32,627.32,626.63,626.93,3432
2026-02-19 09:00:00+00:00,627.39,627.39,625.33,626.04,14520
2026-02-19 10:00:00+00:00,625.75,625.92,624.81,625.31,11873
2026-02-19 11:00:00+00:00,625.1,625.85,625.1,625.79,6501
2026-02-19 12:00:00+00:00,625.89,626.46,624.93,626.04,15378
2026-02-19 13:00:00+00:00,625.11,628.78,624.46,625.23,594861
2026-02-19 14:00:00+00:00,625.27,626.94,623.91,626.18,758017
2026-02-19 15:00:00+00:00,626.19,627.27,625.0,626.52,681635
2026-02-19 16:00:00+00:00,626.47,626.95,624.13,624.84,585377
2026-02-19 17:00:00+00:00,624.91,625.97,623.57,623.85,484856
2026-02-19 18:00:00+00:00,623.79,625.16,623.02,625.06,463142
2026-02-19 19:00:00+00:00,625.02,625.32,623.34,623.97,494087
2026-02-19 20:00:00+00:00,623.95,625.8,623.94,625.77,769929
2026-02-19 21:00:00+00:00,625.77,626.19,625.29,625.31,292795
2026-02-19 22:00:00+00:00,625.06,625.55,625.06,625.32,2359
2026-02-19 23:00:00+00:00,625.28,626.16,625.28,625.81,3535
2026-02-20 00:00:00+00:00,625.7,626.64,625.7,626.64,7796
2026-02-20 09:00:00+00:00,627.63,628.38,627.37,627.37,6792
2026-02-20 10:00:00+00:00,627.41,627.46,626.67,626.67,2450
2026-02-20 11:00:00+00:00,626.19,626.23,624.99,625.19,8204
2026-02-20 12:00:00+00:00,625.16,625.53,624.56,625.17,16535
2026-02-20 13:00:00+00:00,625.23,628.16,623.63,624.38,50728
2026-02-20 14:00:00+00:00,624.54,626.48,623.24,626.0,807621
2026-02-20 15:00:00+00:00,626.23,630.18,625.46,629.7,2222576
2026-02-20 16:00:00+00:00,629.72,630.07,627.02,629.47,712770
2026-02-20 17:00:00+00:00,629.46,629.73,625.36,628.49,684581
2026-02-20 18:00:00+00:00,628.39,630.75,626.87,630.09,1427665
2026-02-20 19:00:00+00:00,630.17,630.57,628.81,629.0,565628
2026-02-20 20:00:00+00:00,628.97,630.26,628.97,630.21,784015
2026-02-20 21:00:00+00:00,630.2,630.55,629.99,630.21,100960
2026-02-20 22:00:00+00:00,630.21,630.21,629.77,630.02,6317
2026-02-20 23:00:00+00:00,630.06,630.21,630.04,630.21,3022
2026-02-21 00:00:00+00:00,630.27,630.44,630.22,630.24,2247
2026-02-23 09:00:00+00:00,627.27,628.81,627.18,628.8,8786
2026-02-23 10:00:00+00:00,628.73,629.14,628.11,628.51,9735
2026-02-23 11:00:00+00:00,628.68,628.9,627.42,627.64,3231
2026-02-23 12:00:00+00:00,627.76,628.08,626.87,627.01,13781
2026-02-23 13:00:00+00:00,627.58,628.66,625.15,627.98,605258
2026-02-23 14:00:00+00:00,628.14,630.78,627.41,627.59,1495382
2026-02-23 15:00:00+00:00,627.54,628.18,623.62,623.69,1245360
2026-02-23 16:00:00+00:00,623.69,624.43,621.97,623.4,943959
2026-02-23 17:00:00+00:00,623.43,623.87,622.18,623.51,632982
2026-02-23 18:00:00+00:00,623.49,625.24,623.34,623.48,468432
2026-02-23 19:00:00+00:00,623.49,623.72,622.13,622.6,608270
2026-02-23 20:00:00+00:00,622.57,623.86,622.22,623.83,1808175
2026-02-23 21:00:00+00:00,623.86,624.27,623.59,624.14,3119219
2026-02-23 22:00:00+00:00,624.27,624.3,624.01,624.1,4685
2026-02-23 23:00:00+00:00,624.26,624.72,624.03,624.19,8897
2026-02-24 00:00:00+00:00,624.06,624.63,623.82,624.5,10300
2026-02-24 09:00:00+00:00,624.18,625.12,624.14,625.06,6574
2026-02-24 10:00:00+00:00,625.32,625.32,624.76,624.76,2314
2026-02-24 11:00:00+00:00,625.13,625.26,624.49,624.78,5577
2026-02-24 12:00:00+00:00,624.94,625.49,623.19,623.66,16593
2026-02-24 13:00:00+00:00,624.68,625.79,623.2,624.78,583979
2026-02-24 14:00:00+00:00,624.72,626.63,621.62,624.64,1088911
2026-02-24 15:00:00+00:00,624.47,627.61,623.52,626.55,851737
2026-02-24 16:00:00+00:00,626.54,627.91,626.36,627.55,631095
2026-02-24 17:00:00+00:00,627.56,628.76,627.51,628.38,559815
2026-02-24 18:00:00+00:00,628.35,629.03,627.97,628.46,513973
2026-02-24 19:00:00+00:00,628.44,628.68,627.73,628.16,541625
2026-02-24 20:00:00+00:00,628.17,629.26,627.55,628.36,845918
2026-02-24 21:00:00+00:00,628.36,628.47,628.04,628.08,89543
2026-02-24 22:00:00+00:00,628.17,628.38,628.05,628.28,2575
2026-02-24 23:00:00+00:00,628.2,628.56,627.77,628.56,7373
2026-02-25 00:00:00+00:00,628.31,628.97,628.13,628.88,8897
2026-02-25 09:00:00+00:00,629.22,629.52,629.01,629.52,4059
2026-02-25 10:00:00+00:00,629.57,629.69,629.2,629.28,5731
2026-02-25 11:00:00+00:00,629.28,630.33,629.27,630.33,6369
2026-02-25 12:00:00+00:00,630.31,630.69,630.04,630.56,12151
2026-02-25 13:00:00+00:00,630.17,630.81,628.4,630.67,42741
2026-02-25 14:00:00+00:00,630.83,632.59,630.63,631.98,1010768
2026-02-25 15:00:00+00:00,632.04,632.22,630.94,631.55,833343
2026-02-25 16:00:00+00:00,631.52,632.96,631.42,632.69,679453
2026-02-25 17:00:00+00:00,632.66,633.14,632.43,633.1,537903
2026-02-25 18:00:00+00:00,633.11,633.24,632.81,633.08,666620
2026-02-25 19:00:00+00:00,633.06,633.81,633.06,633.61,564969
2026-02-25 20:00:00+00:00,633.6,634.15,633.3,633.65,3047262
2026-02-25 21:00:00+00:00,633.65,635.64,633.23,635.05,4754477
2026-02-25 22:00:00+00:00,634.76,635.07,633.61,633.72,13762
2026-02-25 23:00:00+00:00,633.75,634.37,632.07,632.62,22423
2026-02-26 00:00:00+00:00,632.52,633.05,632.52,632.78,7178
2026-02-26 09:00:00+00:00,633.01,633.95,633.01,633.83,7693
2026-02-26 10:00:00+00:00,633.61,633.76,633.0,633.0,2922
2026-02-26 11:00:00+00:00,633.22,633.58,633.05,633.55,6385
2026-02-26 12:00:00+00:00,633.49,634.16,633.49,634.02,13380
2026-02-26 13:00:00+00:00,633.85,634.65,632.45,634.4,45411
2026-02-26 14:00:00+00:00,634.29,634.44,631.17,631.37,1857054
2026-02-26 15:00:00+00:00,631.38,631.67,625.63,628.67,1826943
2026-02-26 16:00:00+00:00,628.67,629.96,627.14,627.33,922906
2026-02-26 17:00:00+00:00,627.35,628.1,626.21,626.66,771198
2026-02-26 18:00:00+00:00,626.63,629.11,625.94,628.4,801799
2026-02-26 19:00:00+00:00,628.34,630.47,628.18,629.89,813684
2026-02-26 20:00:00+00:00,629.86,630.6,629.51,630.13,1380319
2026-02-26 21:00:00+00:00,630.17,630.22,628.58,628.58,784491
2026-02-26 22:00:00+00:00,628.04,628.16,627.09,627.35,5891
2026-02-26 23:00:00+00:00,627.52,628.25,626.78,627.44,29619
2026-02-27 00:00:00+00:00,627.55,628.1,626.72,627.38,9263
2026-02-27 09:00:00+00:00,628.5,629.82,628.5,628.62,10369
2026-02-27 10:00:00+00:00,628.15,628.6,627.33,627.83,8349
2026-02-27 11:00:00+00:00,627.91,627.93,626.57,627.12,7961
2026-02-27 12:00:00+00:00,627.14,627.81,626.18,626.33,20480
2026-02-27 13:00:00+00:00,627.15,629.72,624.09,625.47,77089
2026-02-27 14:00:00+00:00,625.2,625.48,623.15,624.33,1318037
2026-02-27 15:00:00+00:00,624.23,627.17,624.09,626.42,1217613
2026-02-27 16:00:00+00:00,626.43,627.38,625.84,626.06,919337
2026-02-27 17:00:00+00:00,626.07,627.39,624.65,625.64,1022560
2026-02-27 18:00:00+00:00,625.64,625.92,624.44,625.26,757921
2026-02-27 19:00:00+00:00,625.25,626.19,624.37,624.71,937712
2026-02-27 20:00:00+00:00,624.7,627.87,624.69,627.31,2389888
2026-02-27 21:00:00+00:00,627.36,627.37,626.0,626.19,1856946
2026-02-27 22:00:00+00:00,626.36,626.7,625.94,625.94,7287
2026-02-27 23:00:00+00:00,625.95,626.22,625.35,625.72,5338
2026-02-28 00:00:00+00:00,625.62,626.19,625.2,625.2,5298
2026-03-02 09:00:00+00:00,619.48,620.97,618.21,620.59,23530
2026-03-02 10:00:00+00:00,620.73,621.79,620.7,621.42,16811
2026-03-02 11:00:00+00:00,621.26,622.22,620.73,621.16,8320
2026-03-02 12:00:00+00:00,621.27,621.42,620.03,620.52,28818
2026-03-02 13:00:00+00:00,621.29,622.41,616.64,620.11,175665
2026-03-02 14:00:00+00:00,620.15,624.7,619.67,624.36,1683944
2026-03-02 15:00:00+00:00,624.28,626.52,623.43,625.46,1585400
2026-03-02 16:00:00+00:00,625.47,628.0,624.3,627.33,1108249
2026-03-02 17:00:00+00:00,627.32,628.3,626.89,628.24,449958
2026-03-02 18:00:00+00:00,628.25,628.41,626.41,626.46,492779
2026-03-02 19:00:00+00:00,626.44,629.51,626.38,629.14,612460
2026-03-02 20:00:00+00:00,629.11,629.24,626.1,627.47,1930586
2026-03-02 21:00:00+00:00,627.44,627.58,626.7,627.06,1176656
2026-03-02 22:00:00+00:00,627.09,627.37,626.81,627.19,3899
2026-03-02 23:00:00+00:00,627.19,627.27,625.99,626.44,8758
2026-03-03 00:00:00+00:00,626.59,626.59,625.54,625.54,6153
2026-03-03 09:00:00+00:00,617.58,618.96,616.53,616.66,44084
2026-03-03 10:00:00+00:00,616.65,617.14,615.19,616.29,50719
2026-03-03 11:00:00+00:00,616.04,617.7,614.57,617.17,36195
2026-03-03 12:00:00+00:00,617.26,619.53,617.04,618.94,48628
2026-03-03 13:00:00+00:00,621.13,623.16,615.51,616.72,787985
2026-03-03 14:00:00+00:00,616.7,618.95,614.27,614.65,2740873
2026-03-03 15:00:00+00:00,614.64,616.06,612.16,614.28,2994257
2026-03-03 16:00:00+00:00,614.26,620.21,614.07,619.39,1949424
2026-03-03 17:00:00+00:00,619.37,620.24,618.05,619.27,1396363
2026-03-03 18:00:00+00:00,619.24,623.36,619.24,622.78,1918945
2026-03-03 19:00:00+00:00,622.79,624.0,620.98,622.77,2876979
2026-03-03 20:00:00+00:00,622.77,623.41,620.9,621.89,2020935
2026-03-03 21:00:00+00:00,621.89,621.94,620.43,620.73,1604789
2026-03-03 22:00:00+00:00,620.51,621.02,620.5,620.83,4420
2026-03-03 23:00:00+00:00,620.7,621.52,620.17,620.52,25531
2026-03-04 00:00:00+00:00,620.56,622.41,620.04,621.23,18882
2026-03-04 09:00:00+00:00,620.6,621.89,619.77,621.84,21427
2026-03-04 10:00:00+00:00,621.92,623.93,621.68,623.42,42501
2026-03-04 11:00:00+00:00,623.77,624.54,622.64,623.03,14185
2026-03-04 12:00:00+00:00,622.5,623.38,620.89,622.15,29975
2026-03-04 13:00:00+00:00,620.22,624.6,617.21,623.99,653054
2026-03-04 14:00:00+00:00,623.91,624.83,621.29,622.77,995253
2026-03-04 15:00:00+00:00,622.97,627.42,622.47,627.02,1457433
2026-03-04 16:00:00+00:00,627.07,627.7,625.5,626.95,965073
2026-03-04 17:00:00+00:00,626.94,627.52,625.85,627.33,605633
2026-03-04 18:00:00+00:00,627.33,627.93,626.57,627.63,544924
2026-03-04 19:00:00+00:00,627.68,628.14,627.52,627.87,630134
2026-03-04 20:00:00+00:00,627.88,628.04,626.32,626.33,2268016
2026-03-04 21:00:00+00:00,626.34,627.08,625.7,626.6,5259504
2026-03-04 22:00:00+00:00,626.7,627.09,626.36,626.99,3014
2026-03-04 23:00:00+00:00,627.13,627.66,626.98,627.38,13848
2026-03-05 00:00:00+00:00,627.25,628.68,627.24,628.01,17603
2026-03-05 09:00:00+00:00,625.1,628.18,624.97,626.12,28069
2026-03-05 10:00:00+00:00,626.2,626.67,625.63,626.31,7693
2026-03-05 11:00:00+00:00,626.21,626.91,625.69,625.98,21151
2026-03-05 12:00:00+00:00,625.81,627.01,624.9,625.34,20904
2026-03-05 13:00:00+00:00,625.51,627.0,623.49,623.88,597096
2026-03-05 14:00:00+00:00,623.86,626.28,623.0,626.26,1239823
2026-03-05 15:00:00+00:00,626.28,626.69,621.01,623.46,1551250
2026-03-05 16:00:00+00:00,623.61,623.8,620.72,622.59,827741
2026-03-05 17:00:00+00:00,622.65,623.85,617.99,618.39,1177294
2026-03-05 18:00:00+00:00,618.34,620.01,617.79,618.54,924807
2026-03-05 19:00:00+00:00,618.57,619.56,617.65,618.97,790634
2026-03-05 20:00:00+00:00,618.9,623.32,618.33,622.94,1959887
2026-03-05 21:00:00+00:00,622.96,623.02,621.7,621.92,3116171
2026-03-05 22:00:00+00:00,622.07,622.09,621.77,621.94,4085
2026-03-05 23:00:00+00:00,621.97,623.55,621.84,623.54,13951
2026-03-06 00:00:00+00:00,623.66,624.23,623.48,623.51,8589
2026-03-06 09:00:00+00:00,623.43,623.43,619.82,620.23,18951
2026-03-06 10:00:00+00:00,620.46,621.82,620.46,621.29,11383
2026-03-06 11:00:00+00:00,621.26,621.43,618.97,619.24,22554
2026-03-06 12:00:00+00:00,619.37,619.85,618.48,618.89,34034
2026-03-06 13:00:00+00:00,619.6,624.46,614.41,614.91,174644
2026-03-06 14:00:00+00:00,614.76,616.2,612.28,613.3,1814353
2026-03-06 15:00:00+00:00,613.29,617.88,613.22,617.01,1392234
2026-03-06 16:00:00+00:00,617.04,617.98,615.58,617.02,1369221
2026-03-06 17:00:00+00:00,617.04,617.81,614.35,615.32,1154145
2026-03-06 18:00:00+00:00,615.29,618.06,615.21,616.21,673545
2026-03-06 19:00:00+00:00,616.23,617.62,615.95,617.06,646411
2026-03-06 20:00:00+00:00,617.03,617.94,613.49,614.74,2369454
2026-03-06 21:00:00+00:00,614.74,614.95,613.6,614.37,114682
2026-03-06 22:00:00+00:00,614.58,614.8,614.12,614.27,39593
2026-03-06 23:00:00+00:00,614.27,614.58,613.92,614.15,9955
2026-03-07 00:00:00+00:00,614.27,614.27,613.95,614.11,5546
2026-03-09 08:00:00+00:00,606.95,607.31,604.97,607.06,27727
2026-03-09 09:00:00+00:00,607.05,610.94,606.31,609.39,28546
2026-03-09 10:00:00+00:00,609.43,609.43,607.4,607.95,19102
2026-03-09 11:00:00+00:00,607.92,608.71,607.34,607.98,41797
2026-03-09 12:00:00+00:00,607.93,610.72,602.67,608.12,119148
2026-03-09 13:00:00+00:00,608.18,610.29,605.79,607.06,2199522
2026-03-09 14:00:00+00:00,607.02,610.9,605.52,610.27,2029790
2026-03-09 15:00:00+00:00,610.27,612.39,610.27,611.95,1106022
2026-03-09 16:00:00+00:00,611.99,614.53,611.72,613.62,1127158
2026-03-09 17:00:00+00:00,613.67,613.71,610.72,611.38,787148
2026-03-09 18:00:00+00:00,611.38,613.64,611.38,612.54,770661
2026-03-09 19:00:00+00:00,612.57,621.54,612.39,620.06,2730376
2026-03-09 20:00:00+00:00,620.05,620.64,618.24,619.3,3014401
2026-03-09 21:00:00+00:00,619.4,619.73,618.91,619.42,15539
2026-03-09 22:00:00+00:00,619.43,619.73,617.61,617.87,24110
2026-03-09 23:00:00+00:00,617.75,618.35,616.93,617.37,15743
2026-03-10 08:00:00+00:00,621.22,622.98,621.22,621.72,22600
2026-03-10 09:00:00+00:00,621.92,622.87,621.79,621.89,12670
2026-03-10 10:00:00+00:00,621.62,621.64,620.27,621.22,9560
2026-03-10 11:00:00+00:00,621.22,622.06,618.91,619.35,42194
2026-03-10 12:00:00+00:00,619.08,622.76,617.2,618.53,618777
2026-03-10 13:00:00+00:00,618.97,620.51,617.52,617.82,1071547
2026-03-10 14:00:00+00:00,617.85,622.71,616.88,622.67,990753
2026-03-10 15:00:00+00:00,622.65,623.38,621.88,622.9,1404196
2026-03-10 16:00:00+00:00,622.83,623.29,621.36,622.96,831190
2026-03-10 17:00:00+00:00,622.94,624.7,622.25,623.51,862985
2026-03-10 18:00:00+00:00,623.52,623.64,619.22,620.27,1530499
2026-03-10 19:00:00+00:00,620.28,621.17,618.19,618.92,1260527
2026-03-10 20:00:00+00:00,618.95,620.04,618.89,619.78,6975441
2026-03-10 21:00:00+00:00,619.75,620.03,619.52,619.71,1749
2026-03-10 22:00:00+00:00,619.7,619.7,618.48,618.61,10478
2026-03-10 23:00:00+00:00,618.88,619.93,618.88,619.83,3803
2026-03-11 08:00:00+00:00,619.77,620.04,617.87,618.52,20769
2026-03-11 09:00:00+00:00,618.02,618.48,617.25,617.36,9397
2026-03-11 10:00:00+00:00,617.4,620.03,617.4,619.83,10598
2026-03-11 11:00:00+00:00,620.14,620.4,617.77,618.52,31870
2026-03-11 12:00:00+00:00,619.53,621.99,616.88,617.46,54447
2026-03-11 13:00:00+00:00,617.7,620.24,617.69,619.72,1036346
2026-03-11 14:00:00+00:00,619.7,621.65,617.23,619.82,1538045
2026-03-11 15:00:00+00:00,619.87,620.38,615.82,616.32,968538
2026-03-11 16:00:00+00:00,616.37,618.26,615.73,618.17,518189
2026-03-11 17:00:00+00:00,618.2,618.67,615.56,617.04,499545
2026-03-11 18:00:00+00:00,617.02,617.76,615.89,617.32,984374
2026-03-11 19:00:00+00:00,617.38,618.51,616.45,618.26,648400
2026-03-11 20:00:00+00:00,618.3,618.32,617.25,617.25,91351
2026-03-11 21:00:00+00:00,617.41,617.84,617.31,617.31,1226
2026-03-11 22:00:00+00:00,617.44,617.44,614.27,614.86,27854
2026-03-11 23:00:00+00:00,614.9,614.9,612.46,613.61,68426
2026-03-12 08:00:00+00:00,615.2,616.07,614.37,615.56,10039
2026-03-12 09:00:00+00:00,615.27,616.25,614.27,616.21,10934
2026-03-12 10:00:00+00:00,616.3,616.47,615.44,615.54,12867
2026-03-12 11:00:00+00:00,615.26,616.5,614.87,614.94,19775
2026-03-12 12:00:00+00:00,615.36,616.45,611.98,614.39,71446
2026-03-12 13:00:00+00:00,614.4,614.75,610.81,611.41,1409792
2026-03-12 14:00:00+00:00,611.41,613.57,609.99,611.12,1131821
2026-03-12 15:00:00+00:00,611.12,612.73,609.66,611.85,1258385
2026-03-12 16:00:00+00:00,611.93,613.67,610.34,611.42,1015883
2026-03-12 17:00:00+00:00,611.34,612.75,609.99,610.8,754136
2026-03-12 18:00:00+00:00,610.8,611.75,609.93,610.04,649291
2026-03-12 19:00:00+00:00,610.02,611.24,608.74,608.85,1264901
2026-03-12 20:00:00+00:00,608.87,609.85,608.48,609.66,4662708
2026-03-12 21:00:00+00:00,609.69,609.79,609.32,609.49,6056
2026-03-12 22:00:00+00:00,609.45,610.29,609.03,610.15,19371
2026-03-12 23:00:00+00:00,610.16,610.43,609.26,609.26,11051
2026-03-13 08:00:00+00:00,607.28,608.8,605.87,608.54,40272
2026-03-13 09:00:00+00:00,608.51,609.69,608.5,608.96,9153
2026-03-13 10:00:00+00:00,609.29,610.65,609.26,610.5,6009
2026-03-13 11:00:00+00:00,610.69,611.78,610.45,611.78,15236
2026-03-13 12:00:00+00:00,606.56,613.47,605.89,612.13,553309
2026-03-13 13:00:00+00:00,612.01,614.6,611.49,613.05,1108489
2026-03-13 14:00:00+00:00,613.11,613.61,607.89,608.09,1236789
2026-03-13 15:00:00+00:00,608.12,609.65,606.15,606.42,1912113
2026-03-13 16:00:00+00:00,606.38,608.08,606.17,606.37,1202715
2026-03-13 17:00:00+00:00,606.44,607.95,605.24,605.71,1099778
2026-03-13 18:00:00+00:00,605.76,607.72,605.57,607.18,880764
2026-03-13 19:00:00+00:00,607.15,607.15,604.57,605.41,2186129
2026-03-13 20:00:00+00:00,605.41,605.48,604.39,604.48,15359753
2026-03-13 21:00:00+00:00,604.6,605.38,604.53,605.35,8361
2026-03-13 22:00:00+00:00,605.4,605.92,605.35,605.6,6079
2026-03-13 23:00:00+00:00,605.72,606.1,605.41,606.1,7050
2026-03-16 08:00:00+00:00,608.6,609.3,607.6,608.2,29208
2026-03-16 09:00:00+00:00,608.18,608.18,606.97,607.24,36566
2026-03-16 10:00:00+00:00,607.25,609.94,607.25,609.65,30801
2026-03-16 11:00:00+00:00,609.83,610.3,609.1,610.1,66339
2026-03-16 12:00:00+00:00,608.04,611.59,607.36,610.66,587691
2026-03-16 13:00:00+00:00,610.79,613.28,610.36,613.19,1264257
2026-03-16 14:00:00+00:00,613.22,613.74,610.26,612.3,1238719
2026-03-16 15:00:00+00:00,612.34,613.05,611.07,611.09,740475
2026-03-16 16:00:00+00:00,611.08,611.71,609.83,611.02,533963
2026-03-16 17:00:00+00:00,611.06,612.25,610.64,611.34,622618
2026-03-16 18:00:00+00:00,611.32,612.74,611.24,612.12,528361
2026-03-16 19:00:00+00:00,612.12,614.35,611.03,611.5,1489740
2026-03-16 20:00:00+00:00,611.5,611.81,610.91,611.12,1230937
2026-03-16 21:00:00+00:00,610.87,611.32,610.87,611.32,2459
2026-03-16 22:00:00+00:00,611.16,611.16,610.69,610.71,6237
2026-03-16 23:00:00+00:00,610.9,611.27,610.77,611.16,5395
2026-03-17 08:00:00+00:00,609.03,609.76,608.74,609.0,10140
2026-03-17 09:00:00+00:00,609.71,611.04,609.71,610.84,20023
2026-03-17 10:00:00+00:00,610.66,610.82,610.46,610.79,4198
2026-03-17 11:00:00+00:00,610.91,611.39,610.57,610.64,31089
2026-03-17 12:00:00+00:00,610.56,613.36,608.29,613.13,72032
2026-03-17 13:00:00+00:00,613.24,616.52,613.18,616.04,771833
2026-03-17 14:00:00+00:00,616.03,616.07,613.91,615.24,906913
2026-03-17 15:00:00+00:00,615.25,615.46,612.78,613.46,665904
2026-03-17 16:00:00+00:00,613.41,613.96,612.55,613.38,529263
2026-03-17 17:00:00+00:00,613.37,614.28,613.37,614.04,362034
2026-03-17 18:00:00+00:00,614.09,614.57,613.17,613.49,441902
2026-03-17 19:00:00+00:00,613.5,613.93,612.88,613.16,879253
2026-03-17 20:00:00+00:00,613.15,613.5,612.99,613.28,4134688
2026-03-17 21:00:00+00:00,613.28,613.47,613.27,613.39,1513
2026-03-17 22:00:00+00:00,613.32,613.32,612.62,612.71,6042
2026-03-17 23:00:00+00:00,612.88,613.07,612.65,612.65,2811
2026-03-18 08:00:00+00:00,616.05,616.66,616.01,616.43,9035
2026-03-18 09:00:00+00:00,616.22,616.6,616.09,616.26,5230
2026-03-18 10:00:00+00:00,616.24,616.77,616.07,616.08,9309
2026-03-18 11:00:00+00:00,616.02,616.35,614.74,615.11,39581
2026-03-18 12:00:00+00:00,616.11,616.93,609.8,610.06,194540
2026-03-18 13:00:00+00:00,610.12,612.17,609.7,611.79,743237
2026-03-18 14:00:00+00:00,611.8,611.92,608.51,609.87,1339509
2026-03-18 15:00:00+00:00,609.84,610.65,609.19,609.75,499550
2026-03-18 16:00:00+00:00,609.75,610.26,608.67,609.33,511620
2026-03-18 17:00:00+00:00,609.34,609.61,608.18,609.49,517705
2026-03-18 18:00:00+00:00,609.63,610.14,606.36,606.42,696131
2026-03-18 19:00:00+00:00,606.47,607.63,604.46,604.75,1160082
2026-03-18 20:00:00+00:00,604.76,604.86,602.82,603.63,8590565
2026-03-18 21:00:00+00:00,603.64,604.68,603.64,604.53,13083
2026-03-18 22:00:00+00:00,604.33,604.33,603.03,603.59,22908
2026-03-18 23:00:00+00:00,603.58,604.53,603.53,604.27,13524
2026-03-19 08:00:00+00:00,604.87,604.87,602.18,602.99,40189
2026-03-19 09:00:00+00:00,603.33,605.24,602.04,604.73,87369
2026-03-19 10:00:00+00:00,604.57,604.79,603.71,603.98,23017
2026-03-19 11:00:00+00:00,603.93,604.46,602.34,603.08,33078
2026-03-19 12:00:00+00:00,603.83,605.32,600.06,600.5,186385
2026-03-19 13:00:00+00:00,600.65,602.34,598.9,602.03,1593714
2026-03-19 14:00:00+00:00,601.97,602.82,599.75,601.29,1020635
2026-03-19 15:00:00+00:00,601.28,603.04,599.81,601.4,846711
2026-03-19 16:00:00+00:00,601.39,602.42,600.21,600.73,790731
2026-03-19 17:00:00+00:00,600.77,601.38,599.31,600.82,728289
2026-03-19 18:00:00+00:00,600.82,602.22,599.96,601.88,601421
2026-03-19 19:00:00+00:00,601.91,606.01,601.88,603.08,1928291
2026-03-19 20:00:00+00:00,603.07,604.42,601.89,604.04,2339174
2026-03-19 21:00:00+00:00,604.02,604.48,604.02,604.48,4482
2026-03-19 22:00:00+00:00,604.53,604.89,603.92,604.67,11061
2026-03-19 23:00:00+00:00,604.71,604.94,604.19,604.33,26565
2026-03-20 08:00:00+00:00,604.33,604.8,603.62,603.96,6265
2026-03-20 09:00:00+00:00,603.53,603.87,600.55,600.98,40459
2026-03-20 10:00:00+00:00,600.88,600.88,598.81,600.17,50646
2026-03-20 11:00:00+00:00,600.24,601.57,600.06,601.1,40919
2026-03-20 12:00:00+00:00,601.32,604.55,598.85,601.99,106705
2026-03-20 13:00:00+00:00,601.89,602.22,598.58,598.74,2228303
2026-03-20 14:00:00+00:00,598.66,599.3,596.92,597.79,5905785
2026-03-20 15:00:00+00:00,597.91,599.55,597.2,598.51,778127
2026-03-20 16:00:00+00:00,598.55,599.45,597.61,598.38,669219
2026-03-20 17:00:00+00:00,598.38,598.78,596.37,597.12,1041530
2026-03-20 18:00:00+00:00,597.15,597.35,593.65,594.05,1574648
2026-03-20 19:00:00+00:00,594.07,594.59,590.98,594.43,2667166
2026-03-20 20:00:00+00:00,594.41,597.13,594.0,596.69,2620216
2026-03-20 21:00:00+00:00,596.37,599.77,595.68,599.75,35794
2026-03-20 22:00:00+00:00,599.62,600.56,598.36,599.54,23134
2026-03-20 23:00:00+00:00,599.51,599.61,598.71,599.07,18087
2026-03-23 08:00:00+00:00,588.8,591.09,588.8,590.82,33351
2026-03-23 09:00:00+00:00,590.64,591.31,588.88,589.64,15065
2026-03-23 10:00:00+00:00,589.67,590.64,588.17,589.57,43635
2026-03-23 11:00:00+00:00,589.65,611.14,589.64,601.57,525610
2026-03-23 12:00:00+00:00,601.32,611.12,587.55,605.83,741294
2026-03-23 13:00:00+00:00,606.31,606.69,601.35,605.14,1485783
2026-03-23 14:00:00+00:00,605.13,607.03,603.68,605.91,1529112
2026-03-23 15:00:00+00:00,605.94,607.33,601.17,601.3,1131261
2026-03-23 16:00:00+00:00,601.32,602.8,599.42,600.92,1012571
2026-03-23 17:00:00+00:00,601.04,603.35,599.76,603.2,859100
2026-03-23 18:00:00+00:00,603.2,604.65,601.77,603.98,862729
2026-03-23 19:00:00+00:00,603.99,604.01,600.71,600.71,1435159
2026-03-23 20:00:00+00:00,600.7,601.42,599.81,600.83,14414704
2026-03-23 21:00:00+00:00,600.96,601.34,600.84,601.17,4295
2026-03-23 22:00:00+00:00,601.09,602.57,600.18,602.57,12448
2026-03-23 23:00:00+00:00,602.41,602.41,601.34,601.83,9058
2026-03-24 08:00:00+00:00,601.72,602.52,599.82,599.82,24956
2026-03-24 09:00:00+00:00,599.85,601.1,598.57,600.89,14865
2026-03-24 10:00:00+00:00,600.84,601.1,599.89,600.57,9517
2026-03-24 11:00:00+00:00,600.83,600.95,598.49,600.45,19196
2026-03-24 12:00:00+00:00,600.76,602.76,596.56,597.96,541321
2026-03-24 13:00:00+00:00,598.01,598.6,595.7,597.16,1376192
2026-03-24 14:00:00+00:00,597.15,601.23,596.98,599.43,1449057
2026-03-24 15:00:00+00:00,599.48,602.25,599.43,600.43,1190342
2026-03-24 16:00:00+00:00,600.4,601.5,599.53,600.53,597194
2026-03-24 17:00:00+00:00,600.52,600.74,598.0,599.73,1337843
2026-03-24 18:00:00+00:00,599.73,601.84,598.78,600.26,928849
2026-03-24 19:00:00+00:00,600.25,601.0,598.13,598.73,1018452
2026-03-24 20:00:00+00:00,598.74,605.29,598.59,602.54,9888733
2026-03-24 21:00:00+00:00,602.64,603.33,601.96,602.93,12176
2026-03-24 22:00:00+00:00,602.61,603.49,601.96,603.11,15616
2026-03-24 23:00:00+00:00,603.15,603.46,602.6,602.79,10629
2026-03-25 08:00:00+00:00,603.33,605.42,603.06,603.34,28353
2026-03-25 09:00:00+00:00,603.38,604.23,602.69,603.48,31819
2026-03-25 10:00:00+00:00,603.56,604.22,603.13,603.63,12625
2026-03-25 11:00:00+00:00,603.48,604.97,603.3,604.54,22267
2026-03-25 12:00:00+00:00,603.34,605.32,601.63,603.68,497672
2026-03-25 13:00:00+00:00,603.68,605.76,601.69,601.77,1403927
2026-03-25 14:00:00+00:00,601.79,604.27,601.01,603.77,895446
2026-03-25 15:00:00+00:00,603.82,604.06,599.71,602.24,920595
2026-03-25 16:00:00+00:00,602.17,603.42,601.3,602.91,636534
2026-03-25 17:00:00+00:00,602.96,604.4,602.15,603.11,826925
2026-03-25 18:00:00+00:00,603.09,603.59,600.98,601.8,464666
2026-03-25 19:00:00+00:00,601.68,602.53,600.92,602.04,833240
2026-03-25 20:00:00+00:00,601.96,602.37,601.47,601.68,16761121
2026-03-25 21:00:00+00:00,601.74,601.86,601.45,601.73,6245
2026-03-25 22:00:00+00:00,601.63,601.63,600.83,600.85,5875
2026-03-25 23:00:00+00:00,600.97,601.11,600.16,600.95,7979
2026-03-26 08:00:00+00:00,599.95,600.19,597.75,598.52,13566
2026-03-26 09:00:00+00:00,598.35,598.53,596.62,597.53,24616
2026-03-26 10:00:00+00:00,597.4,598.41,597.2,597.85,14258
2026-03-26 11:00:00+00:00,597.85,598.14,596.42,596.47,20360
2026-03-26 12:00:00+00:00,598.16,601.61,596.05,597.07,497872
2026-03-26 13:00:00+00:00,597.25,600.03,596.46,599.91,909475
2026-03-26 14:00:00+00:00,599.99,600.26,596.54,597.83,966177
2026-03-26 15:00:00+00:00,597.85,598.47,596.6,597.2,776071
2026-03-26 16:00:00+00:00,597.18,597.35,594.79,595.52,848464
2026-03-26 17:00:00+00:00,595.51,595.91,592.56,592.76,790834
2026-03-26 18:00:00+00:00,592.73,593.65,592.6,593.48,670154
2026-03-26 19:00:00+00:00,593.49,593.57,591.09,591.36,1757346
2026-03-26 20:00:00+00:00,591.32,597.87,590.82,592.6,476423
2026-03-26 21:00:00+00:00,592.85,593.33,592.65,592.72,11706
2026-03-26 22:00:00+00:00,593.0,593.71,592.58,593.45,16871
2026-03-26 23:00:00+00:00,593.69,594.06,593.08,593.88,8411
2026-03-27 08:00:00+00:00,593.57,593.58,591.51,591.73,8578
2026-03-27 09:00:00+00:00,591.61,592.03,590.28,591.09,13568
2026-03-27 10:00:00+00:00,590.71,591.31,589.03,589.15,26518
2026-03-27 11:00:00+00:00,589.24,590.08,588.59,589.58,35519
2026-03-27 12:00:00+00:00,589.27,595.58,588.29,588.67,93864
2026-03-27 13:00:00+00:00,588.7,589.11,585.37,585.73,1711004
2026-03-27 14:00:00+00:00,585.7,587.4,585.15,586.83,1630544
2026-03-27 15:00:00+00:00,586.86,588.6,585.68,586.91,1034021
2026-03-27 16:00:00+00:00,586.94,587.04,584.91,585.48,963877
2026-03-27 17:00:00+00:00,585.48,586.61,582.93,583.12,1301397
2026-03-27 18:00:00+00:00,583.1,583.6,582.19,582.41,1224221
2026-03-27 19:00:00+00:00,582.41,582.68,580.34,581.19,2498510
2026-03-27 20:00:00+00:00,581.19,581.62,579.78,580.49,1218426
2026-03-27 21:00:00+00:00,580.68,581.2,580.26,580.7,17688
2026-03-27 22:00:00+00:00,580.66,580.96,580.31,580.4,28162
2026-03-27 23:00:00+00:00,580.5,580.69,580.05,580.21,26828
2026-03-30 08:00:00+00:00,583.61,584.72,581.36,584.72,47777
2026-03-30 09:00:00+00:00,584.71,585.0,583.6,583.87,10732
2026-03-30 10:00:00+00:00,583.78,584.34,583.58,584.22,8416
2026-03-30 11:00:00+00:00,584.3,587.77,584.1,585.1,175286
2026-03-30 12:00:00+00:00,585.17,586.53,584.58,586.38,370277
2026-03-30 13:00:00+00:00,586.49,586.96,581.72,582.07,1446854
2026-03-30 14:00:00+00:00,582.06,584.39,581.78,584.32,2048121
2026-03-30 15:00:00+00:00,584.4,585.47,582.53,584.17,1083280
2026-03-30 16:00:00+00:00,584.18,584.3,582.04,582.29,660370
2026-03-30 17:00:00+00:00,582.3,582.71,579.95,580.71,1414793
2026-03-30 18:00:00+00:00,580.7,580.88,578.77,579.06,1037522
2026-03-30 19:00:00+00:00,579.08,579.85,576.78,579.24,2303042
2026-03-30 20:00:00+00:00,579.29,579.29,578.4,578.86,1289724
2026-03-30 21:00:00+00:00,578.82,579.21,578.74,578.9,10012
2026-03-30 22:00:00+00:00,579.16,579.74,579.01,579.01,14729
2026-03-30 23:00:00+00:00,578.81,578.81,577.48,577.79,25671
2026-03-31 08:00:00+00:00,585.45,585.47,582.53,584.31,44761
2026-03-31 09:00:00+00:00,584.26,584.93,584.03,584.15,5079
2026-03-31 10:00:00+00:00,584.07,584.45,582.66,583.74,6767
2026-03-31 11:00:00+00:00,583.7,586.43,583.4,585.36,95485
2026-03-31 12:00:00+00:00,585.54,586.78,584.04,585.53,345341
2026-03-31 13:00:00+00:00,585.44,589.08,585.08,589.05,1384763
2026-03-31 14:00:00+00:00,589.06,589.3,584.8,585.41,1792459
2026-03-31 15:00:00+00:00,585.4,588.67,585.4,586.41,792143
2026-03-31 16:00:00+00:00,586.32,595.27,586.17,592.68,1650541
2026-03-31 17:00:00+00:00,592.7,594.46,592.23,592.46,1373954
2026-03-31 18:00:00+00:00,592.61,594.77,592.58,594.55,934041
2026-03-31 19:00:00+00:00,594.51,597.11,593.96,596.0,1964144
2026-03-31 20:00:00+00:00,595.96,596.6,595.27,595.76,2031546
2026-03-31 21:00:00+00:00,595.86,596.01,595.52,595.57,9804
2026-03-31 22:00:00+00:00,595.57,596.56,595.26,596.24,34677
2026-03-31 23:00:00+00:00,596.28,597.8,595.96,597.8,71487
2026-04-01 08:00:00+00:00,598.46,600.74,597.01,599.01,77223
2026-04-01 09:00:00+00:00,598.96,599.41,597.57,599.02,24490
2026-04-01 10:00:00+00:00,599.01,600.27,598.72,600.27,21897
2026-04-01 11:00:00+00:00,600.25,601.48,600.1,601.26,75281
2026-04-01 12:00:00+00:00,601.28,602.28,598.26,598.39,126076
2026-04-01 13:00:00+00:00,598.43,601.35,597.94,599.72,1984949
2026-04-01 14:00:00+00:00,599.73,602.05,599.17,601.8,1856515
2026-04-01 15:00:00+00:00,601.79,603.2,601.23,602.96,1340481
2026-04-01 16:00:00+00:00,602.95,603.21,602.05,602.95,805740
2026-04-01 17:00:00+00:00,602.95,603.59,602.0,602.02,975015
2026-04-01 18:00:00+00:00,601.99,602.15,599.15,599.8,1314966
2026-04-01 19:00:00+00:00,599.79,601.94,599.68,600.57,2547543
2026-04-01 20:00:00+00:00,600.54,600.87,600.26,600.31,243720
2026-04-01 21:00:00+00:00,600.61,600.79,600.31,600.31,10235
2026-04-01 22:00:00+00:00,600.35,600.55,599.78,600.02,14593
2026-04-01 23:00:00+00:00,599.96,600.48,599.75,600.11,8519
2026-04-02 08:00:00+00:00,594.07,594.57,591.89,593.77,49717
2026-04-02 09:00:00+00:00,594.02,594.11,593.54,593.65,4811
2026-04-02 10:00:00+00:00,593.62,593.77,592.62,593.16,7069
2026-04-02 11:00:00+00:00,593.3,593.57,591.0,591.0,61689
2026-04-02 12:00:00+00:00,590.82,592.23,590.43,591.5,478896
2026-04-02 13:00:00+00:00,591.65,595.63,591.31,595.44,1194009
2026-04-02 14:00:00+00:00,595.47,603.03,594.47,600.75,1539328
2026-04-02 15:00:00+00:00,600.76,601.19,598.69,599.42,582067
2026-04-02 16:00:00+00:00,599.47,600.3,597.8,599.09,484450
2026-04-02 17:00:00+00:00,599.06,600.38,598.18,598.75,424182
2026-04-02 18:00:00+00:00,598.78,600.39,598.78,599.87,429676
2026-04-02 19:00:00+00:00,599.88,601.39,599.54,601.15,1073905
2026-04-02 20:00:00+00:00,601.25,601.58,600.86,601.25,6508608
2026-04-02 21:00:00+00:00,601.2,601.47,601.02,601.15,5789
2026-04-02 22:00:00+00:00,601.07,601.31,600.87,601.21,11392
2026-04-02 23:00:00+00:00,600.95,601.41,600.95,601.2,13231
2026-04-06 08:00:00+00:00,600.55,603.66,600.41,603.27,22102
2026-04-06 09:00:00+00:00,603.23,603.72,602.45,602.45,11915
2026-04-06 10:00:00+00:00,602.5,603.04,601.05,602.14,23762
2026-04-06 11:00:00+00:00,601.94,602.06,601.4,601.63,15086
2026-04-06 12:00:00+00:00,601.56,602.34,600.61,601.8,39161
2026-04-06 13:00:00+00:00,601.84,603.53,600.86,603.53,1385532
2026-04-06 14:00:00+00:00,603.21,604.68,601.37,602.65,1058941
2026-04-06 15:00:00+00:00,602.64,603.11,601.61,603.0,532478
2026-04-06 16:00:00+00:00,603.04,603.54,602.44,603.1,463205
2026-04-06 17:00:00+00:00,603.05,603.1,600.86,601.76,614401
2026-04-06 18:00:00+00:00,601.76,603.7,601.5,603.42,490223
2026-04-06 19:00:00+00:00,603.44,603.98,602.92,603.91,787987
2026-04-06 20:00:00+00:00,603.94,604.02,603.43,603.67,991156
2026-04-06 21:00:00+00:00,603.65,603.95,603.65,603.74,3071
2026-04-06 22:00:00+00:00,603.79,604.48,603.1,603.12,12608
2026-04-06 23:00:00+00:00,603.13,603.65,603.13,603.26,3595
2026-04-07 08:00:00+00:00,601.95,604.55,600.73,604.29,25958
2026-04-07 09:00:00+00:00,604.28,605.21,604.13,604.89,17245
2026-04-07 10:00:00+00:00,604.74,604.74,600.57,600.98,33673
2026-04-07 11:00:00+00:00,600.88,601.95,600.25,600.95,287358
2026-04-07 12:00:00+00:00,600.85,602.77,599.5,601.53,154368
2026-04-07 13:00:00+00:00,601.3,602.76,599.45,599.55,1071666
2026-04-07 14:00:00+00:00,599.45,600.65,597.54,598.19,702471
2026-04-07 15:00:00+00:00,598.2,599.75,596.76,599.25,627867
2026-04-07 16:00:00+00:00,599.31,602.2,599.29,601.34,475321
2026-04-07 17:00:00+00:00,601.27,603.46,600.81,601.95,367780
2026-04-07 18:00:00+00:00,601.98,602.18,598.94,599.46,352952
2026-04-07 19:00:00+00:00,599.38,604.55,598.93,604.29,1186971
2026-04-07 20:00:00+00:00,604.31,605.8,603.81,604.97,971803
2026-04-07 21:00:00+00:00,604.93,606.03,604.81,605.93,11439
2026-04-07 22:00:00+00:00,606.17,616.57,602.25,616.45,319988
2026-04-07 23:00:00+00:00,616.55,618.86,615.81,617.42,174573
2026-04-08 08:00:00+00:00,618.5,620.64,618.5,620.19,58072
2026-04-08 09:00:00+00:00,620.44,620.94,619.93,620.28,15116
2026-04-08 10:00:00+00:00,620.28,620.64,619.84,620.45,7785
2026-04-08 11:00:00+00:00,620.27,621.6,619.84,620.82,448077
2026-04-08 12:00:00+00:00,620.92,621.35,619.35,620.19,97870
2026-04-08 13:00:00+00:00,620.31,620.68,617.78,618.44,1708026
2026-04-08 14:00:00+00:00,618.37,618.95,615.51,616.74,1141028
2026-04-08 15:00:00+00:00,616.86,618.83,616.39,618.6,710816
2026-04-08 16:00:00+00:00,618.6,619.81,618.23,619.66,544434
2026-04-08 17:00:00+00:00,619.67,619.99,618.5,619.4,627086
2026-04-08 18:00:00+00:00,619.4,620.15,616.73,616.81,623107
2026-04-08 19:00:00+00:00,616.73,619.65,616.7,619.54,1289448
2026-04-08 20:00:00+00:00,619.53,619.8,618.64,618.83,2568406
2026-04-08 21:00:00+00:00,618.78,618.88,618.63,618.75,3988
2026-04-08 22:00:00+00:00,618.78,619.39,618.43,618.75,9361
2026-04-08 23:00:00+00:00,618.7,619.14,618.4,618.4,7766
2026-04-09 08:00:00+00:00,618.32,618.82,616.8,616.9,15767
2026-04-09 09:00:00+00:00,616.81,617.58,616.81,617.58,3752
2026-04-09 10:00:00+00:00,617.68,617.75,617.19,617.21,5115
2026-04-09 11:00:00+00:00,617.04,618.07,616.9,617.82,397971
2026-04-09 12:00:00+00:00,617.94,618.62,617.47,617.98,19738
2026-04-09 13:00:00+00:00,618.04,619.42,617.8,618.91,650845
2026-04-09 14:00:00+00:00,618.99,619.28,617.6,619.02,645788
2026-04-09 15:00:00+00:00,619.0,622.28,618.35,622.21,977227
2026-04-09 16:00:00+00:00,622.29,623.96,622.22,623.17,664280
2026-04-09 17:00:00+00:00,623.19,624.35,623.0,623.78,564320
2026-04-09 18:00:00+00:00,623.78,623.84,621.89,622.49,506224
2026-04-09 19:00:00+00:00,622.48,623.91,622.33,623.18,713063
2026-04-09 20:00:00+00:00,623.2,623.29,622.68,622.8,306884
2026-04-09 21:00:00+00:00,622.87,623.09,622.05,622.6,5477
2026-04-09 22:00:00+00:00,622.79,623.1,622.34,622.34,6462
2026-04-09 23:00:00+00:00,622.31,622.74,622.18,622.74,3893
2026-04-10 08:00:00+00:00,623.34,623.65,622.36,622.4,12979
2026-04-10 09:00:00+00:00,622.41,623.7,622.4,623.33,13015
2026-04-10 10:00:00+00:00,623.07,623.63,623.07,623.62,3173
2026-04-10 11:00:00+00:00,623.55,624.12,623.47,623.53,12320
2026-04-10 12:00:00+00:00,623.54,625.39,623.4,624.08,44646
2026-04-10 13:00:00+00:00,624.02,625.08,623.44,624.02,619274
2026-04-10 14:00:00+00:00,623.94,625.07,623.33,624.57,623656
2026-04-10 15:00:00+00:00,624.52,625.17,622.5,622.79,678596
2026-04-10 16:00:00+00:00,622.83,623.39,621.91,622.85,792095
2026-04-10 17:00:00+00:00,622.86,622.88,621.91,622.82,385290
2026-04-10 18:00:00+00:00,622.83,623.05,622.27,622.72,493278
2026-04-10 19:00:00+00:00,622.7,623.3,622.09,622.7,894933
2026-04-10 20:00:00+00:00,622.73,623.32,622.39,623.32,104935
2026-04-10 21:00:00+00:00,623.18,623.28,623.03,623.14,3384
2026-04-10 22:00:00+00:00,623.05,623.34,622.95,623.22,10409
2026-04-10 23:00:00+00:00,623.32,623.71,622.97,623.71,5696
2026-04-13 08:00:00+00:00,619.4,619.5,618.08,619.07,28907
2026-04-13 09:00:00+00:00,619.2,619.51,618.98,619.0,7412
2026-04-13 10:00:00+00:00,619.02,619.64,618.82,619.64,5837
2026-04-13 11:00:00+00:00,619.75,620.55,618.17,618.28,40573
2026-04-13 12:00:00+00:00,618.13,619.91,618.0,619.79,28275
2026-04-13 13:00:00+00:00,619.79,623.07,619.77,623.07,937248
2026-04-13 14:00:00+00:00,623.04,623.89,621.84,623.77,992299
2026-04-13 15:00:00+00:00,623.77,623.79,622.6,622.84,653008
2026-04-13 16:00:00+00:00,622.84,625.91,622.42,625.41,654175
2026-04-13 17:00:00+00:00,625.43,625.9,625.03,625.29,520239
2026-04-13 18:00:00+00:00,625.29,626.5,625.29,626.34,433448
2026-04-13 19:00:00+00:00,626.36,629.07,626.1,628.78,814617
2026-04-13 20:00:00+00:00,628.78,629.36,628.58,629.23,103564
2026-04-13 21:00:00+00:00,629.32,629.35,628.99,629.12,11789
2026-04-13 22:00:00+00:00,629.12,629.46,629.12,629.37,15785
2026-04-13 23:00:00+00:00,629.29,629.67,629.15,629.22,11846
2026-04-14 08:00:00+00:00,629.87,630.55,628.63,630.52,19903
2026-04-14 09:00:00+00:00,630.59,630.75,629.92,629.92,3471
2026-04-14 10:00:00+00:00,630.19,630.24,629.57,629.77,10501
2026-04-14 11:00:00+00:00,629.57,630.99,629.53,630.51,44791
2026-04-14 12:00:00+00:00,630.55,631.19,630.27,630.5,39590
2026-04-14 13:00:00+00:00,630.46,632.45,630.32,632.01,1108962
2026-04-14 14:00:00+00:00,631.99,634.02,631.99,633.9,766148
2026-04-14 15:00:00+00:00,633.9,635.5,633.33,635.12,650765
2026-04-14 16:00:00+00:00,635.06,635.9,635.04,635.18,522437
2026-04-14 17:00:00+00:00,635.2,636.21,635.2,635.91,495280
2026-04-14 18:00:00+00:00,635.89,636.08,634.46,635.01,399055
2026-04-14 19:00:00+00:00,634.99,636.67,634.95,636.5,863376
2026-04-14 20:00:00+00:00,636.54,636.57,635.95,636.3,157168
2026-04-14 21:00:00+00:00,636.33,636.5,636.23,636.25,9585
2026-04-14 22:00:00+00:00,636.24,636.65,636.16,636.47,11651
2026-04-14 23:00:00+00:00,636.42,637.14,636.42,636.78,13920
2026-04-15 08:00:00+00:00,636.86,637.14,636.01,636.73,16539
2026-04-15 09:00:00+00:00,636.85,636.93,636.09,636.1,9630
2026-04-15 10:00:00+00:00,636.07,636.36,635.26,636.17,14775
2026-04-15 11:00:00+00:00,636.21,637.56,636.16,636.91,27116
2026-04-15 12:00:00+00:00,636.83,637.04,636.25,636.84,24788
2026-04-15 13:00:00+00:00,636.68,638.3,636.38,637.63,846000
2026-04-15 14:00:00+00:00,637.73,639.0,637.07,638.69,682099
2026-04-15 15:00:00+00:00,638.67,639.43,638.39,638.9,662821
2026-04-15 16:00:00+00:00,638.89,639.64,637.74,638.49,455247
2026-04-15 17:00:00+00:00,638.51,639.82,638.39,639.36,490115
2026-04-15 18:00:00+00:00,639.35,641.49,639.09,641.34,619709
2026-04-15 19:00:00+00:00,641.33,641.92,640.98,641.51,933633
2026-04-15 20:00:00+00:00,641.51,641.68,641.01,641.38,369535
2026-04-15 21:00:00+00:00,641.4,641.4,641.14,641.18,7570
2026-04-15 22:00:00+00:00,641.17,641.93,640.94,641.89,74722
2026-04-15 23:00:00+00:00,641.92,642.33,641.86,642.24,12942
2026-04-16 08:00:00+00:00,642.67,643.2,641.83,642.27,18882
2026-04-16 09:00:00+00:00,642.41,642.44,642.19,642.23,1429
2026-04-16 10:00:00+00:00,642.48,642.48,641.6,641.97,3630
2026-04-16 11:00:00+00:00,642.02,642.44,641.93,642.36,19552
2026-04-16 12:00:00+00:00,642.38,642.7,642.13,642.4,15111
2026-04-16 13:00:00+00:00,642.63,642.87,640.29,641.16,928040
2026-04-16 14:00:00+00:00,641.16,641.8,640.43,641.62,1072848
2026-04-16 15:00:00+00:00,641.59,643.81,641.59,643.71,1259450
2026-04-16 16:00:00+00:00,643.73,644.19,641.85,642.38,524089
2026-04-16 17:00:00+00:00,642.4,643.05,641.51,642.21,367933
2026-04-16 18:00:00+00:00,642.34,642.75,641.18,642.29,407793
2026-04-16 19:00:00+00:00,642.33,643.41,642.23,643.05,625646
2026-04-16 20:00:00+00:00,643.09,643.32,642.91,643.32,617808
2026-04-16 21:00:00+00:00,643.21,643.42,643.03,643.03,4461
2026-04-16 22:00:00+00:00,643.03,643.69,643.03,643.57,7968
2026-04-16 23:00:00+00:00,643.63,643.81,643.5,643.66,4791
2026-04-17 08:00:00+00:00,643.63,644.45,643.23,644.45,11316
2026-04-17 09:00:00+00:00,644.57,644.79,644.42,644.78,2948
2026-04-17 10:00:00+00:00,644.7,644.97,644.37,644.7,7743
2026-04-17 11:00:00+00:00,644.62,645.6,644.59,645.53,26122
2026-04-17 12:00:00+00:00,645.49,648.57,645.43,648.57,72310
2026-04-17 13:00:00+00:00,648.61,649.67,646.98,649.28,1261833
2026-04-17 14:00:00+00:00,649.36,652.07,649.14,651.26,1597022
2026-04-17 15:00:00+00:00,651.29,652.05,650.72,651.48,910615
2026-04-17 16:00:00+00:00,651.52,652.98,651.36,652.6,551600
2026-04-17 17:00:00+00:00,652.58,652.8,649.92,651.09,634579
2026-04-17 18:00:00+00:00,651.09,651.25,650.04,650.51,523411
2026-04-17 19:00:00+00:00,650.5,651.15,649.9,650.83,803036
2026-04-17 20:00:00+00:00,650.86,651.27,650.79,651.08,1489910
2026-04-17 21:00:00+00:00,650.97,651.6,650.9,651.45,7215
2026-04-17 22:00:00+00:00,651.3,651.6,651.2,651.37,6662
2026-04-17 23:00:00+00:00,651.32,651.58,651.32,651.49,6683
2026-04-20 08:00:00+00:00,647.27,648.11,645.97,648.08,36031
2026-04-20 09:00:00+00:00,648.1,648.24,647.85,647.98,5538
2026-04-20 10:00:00+00:00,647.9,648.51,647.77,647.86,7021
2026-04-20 11:00:00+00:00,647.8,648.03,647.29,647.88,476572
2026-04-20 12:00:00+00:00,647.99,648.91,647.85,648.69,29012
2026-04-20 13:00:00+00:00,648.58,650.7,648.51,650.52,1075722
2026-04-20 14:00:00+00:00,650.52,650.55,647.6,648.17,819810
2026-04-20 15:00:00+00:00,648.36,649.42,647.28,648.65,723785
2026-04-20 16:00:00+00:00,648.6,649.09,648.1,648.66,544719
2026-04-20 17:00:00+00:00,648.66,649.35,648.33,648.75,444502
2026-04-20 18:00:00+00:00,648.76,649.56,648.53,649.25,562104
2026-04-20 19:00:00+00:00,649.27,649.71,648.65,649.62,893830
2026-04-20 20:00:00+00:00,649.64,650.69,649.45,650.0,841422
2026-04-20 21:00:00+00:00,650.06,650.21,649.71,649.91,4368
2026-04-20 22:00:00+00:00,649.98,650.75,649.98,650.54,7253
2026-04-20 23:00:00+00:00,650.53,650.59,650.26,650.34,8327
2026-04-21 08:00:00+00:00,650.65,651.4,650.47,651.4,13157
2026-04-21 09:00:00+00:00,651.03,651.64,650.75,651.55,11298
2026-04-21 10:00:00+00:00,651.6,652.33,651.6,652.26,8250
2026-04-21 11:00:00+00:00,652.25,652.92,651.8,652.32,281051
2026-04-21 12:00:00+00:00,652.3,652.48,651.06,651.15,203387
2026-04-21 13:00:00+00:00,651.27,651.6,649.66,651.47,856847
2026-04-21 14:00:00+00:00,651.52,651.96,648.53,648.61,639602
2026-04-21 15:00:00+00:00,648.62,649.18,647.22,647.81,914435
2026-04-21 16:00:00+00:00,647.81,648.84,646.71,646.76,456456
2026-04-21 17:00:00+00:00,646.8,648.41,645.17,646.98,779884
2026-04-21 18:00:00+00:00,647.01,647.9,646.03,647.46,548269
2026-04-21 19:00:00+00:00,647.51,648.89,644.06,645.45,987257
2026-04-21 20:00:00+00:00,645.39,648.93,644.64,647.5,2860845
2026-04-21 21:00:00+00:00,647.66,647.91,647.17,647.78,14623
2026-04-21 22:00:00+00:00,647.65,648.05,647.49,647.53,7642
2026-04-21 23:00:00+00:00,647.85,648.16,647.66,648.1,13840
2026-04-22 08:00:00+00:00,649.3,649.58,648.11,648.66,23550
2026-04-22 09:00:00+00:00,648.99,649.64,648.61,648.61,11858
2026-04-22 10:00:00+00:00,649.0,649.37,648.82,649.04,6406
2026-04-22 11:00:00+00:00,649.08,649.41,648.71,649.37,297854
2026-04-22 12:00:00+00:00,649.51,650.61,649.11,649.11,168876
2026-04-22 13:00:00+00:00,649.1,650.35,648.94,650.25,626494
2026-04-22 14:00:00+00:00,650.26,651.46,649.7,650.87,675377
2026-04-22 15:00:00+00:00,650.87,651.3,650.09,650.49,506999
2026-04-22 16:00:00+00:00,650.53,650.94,649.75,649.86,407664
2026-04-22 17:00:00+00:00,649.85,651.2,649.82,650.82,372099
2026-04-22 18:00:00+00:00,650.81,651.0,650.12,650.5,332451
2026-04-22 19:00:00+00:00,650.51,652.29,650.1,651.99,779670
2026-04-22 20:00:00+00:00,651.99,652.05,650.6,651.39,384923
2026-04-22 21:00:00+00:00,651.4,651.7,651.1,651.59,6007
2026-04-22 22:00:00+00:00,651.25,651.25,650.91,651.06,5775
2026-04-22 23:00:00+00:00,651.01,651.28,651.01,651.25,3117
2026-04-23 08:00:00+00:00,647.96,649.74,647.88,648.61,19627
2026-04-23 09:00:00+00:00,648.36,649.04,648.0,648.81,6072
2026-04-23 10:00:00+00:00,648.69,649.45,648.28,649.3,10422
2026-04-23 11:00:00+00:00,649.42,651.06,648.75,650.81,23572
2026-04-23 12:00:00+00:00,651.05,651.92,649.04,650.31,474468
2026-04-23 13:00:00+00:00,650.43,652.01,649.5,651.02,739218
2026-04-23 14:00:00+00:00,651.0,652.71,650.08,652.42,534529
2026-04-23 15:00:00+00:00,652.5,653.0,651.47,651.86,840565
2026-04-23 16:00:00+00:00,651.85,651.98,651.11,651.65,741618
2026-04-23 17:00:00+00:00,651.67,651.83,643.79,647.8,1182218
2026-04-23 18:00:00+00:00,647.75,650.31,647.37,648.22,528010
2026-04-23 19:00:00+00:00,648.08,649.85,647.57,649.38,799805
2026-04-23 20:00:00+00:00,649.41,649.61,648.27,648.5,260537
2026-04-23 21:00:00+00:00,648.58,649.6,648.52,649.6,3727
2026-04-23 22:00:00+00:00,649.35,649.9,649.35,649.77,3238
2026-04-23 23:00:00+00:00,649.71,650.41,649.71,650.34,3711
2026-04-24 08:00:00+00:00,649.65,651.1,649.36,649.8,33963
2026-04-24 09:00:00+00:00,649.93,650.05,649.11,649.66,19144
2026-04-24 10:00:00+00:00,649.93,650.54,649.66,650.51,18708
2026-04-24 11:00:00+00:00,650.46,653.82,650.45,652.29,74970
2026-04-24 12:00:00+00:00,652.37,652.9,650.81,651.42,452693
2026-04-24 13:00:00+00:00,651.57,652.22,649.93,650.77,536184
2026-04-24 14:00:00+00:00,650.7,652.3,650.04,652.15,539072
2026-04-24 15:00:00+00:00,652.24,654.62,651.93,654.29,645880
2026-04-24 16:00:00+00:00,654.31,654.47,653.45,654.15,433576
2026-04-24 17:00:00+00:00,654.15,654.86,653.32,654.18,471764
2026-04-24 18:00:00+00:00,654.2,654.32,653.56,654.08,345709
2026-04-24 19:00:00+00:00,654.09,654.91,654.02,654.46,1160142
2026-04-24 20:00:00+00:00,654.48,654.62,653.2,654.52,124132
2026-04-24 21:00:00+00:00,654.48,654.82,654.19,654.34,9786
2026-04-24 22:00:00+00:00,654.47,654.58,654.27,654.49,3757
2026-04-24 23:00:00+00:00,654.46,654.68,654.46,654.68,3009
2026-04-27 08:00:00+00:00,654.44,655.38,653.47,654.08,16710
2026-04-27 09:00:00+00:00,654.16,654.18,654.02,654.04,3323
2026-04-27 10:00:00+00:00,654.01,654.53,653.88,654.49,10640
2026-04-27 11:00:00+00:00,654.5,654.88,654.49,654.75,17024
2026-04-27 12:00:00+00:00,654.74,654.74,653.74,653.9,28783
2026-04-27 13:00:00+00:00,654.11,654.84,653.19,654.57,1228430
2026-04-27 14:00:00+00:00,654.46,654.91,653.66,654.18,1113641
2026-04-27 15:00:00+00:00,654.2,654.31,652.94,653.9,530009
2026-04-27 16:00:00+00:00,653.96,654.78,653.76,654.63,314831
2026-04-27 17:00:00+00:00,654.63,655.61,654.41,655.3,812165
2026-04-27 18:00:00+00:00,655.29,655.63,655.19,655.3,403552
2026-04-27 19:00:00+00:00,655.28,655.99,655.13,655.58,698989
2026-04-27 20:00:00+00:00,655.6,655.62,654.57,655.45,210512
2026-04-27 21:00:00+00:00,655.41,655.92,655.41,655.58,5542
2026-04-27 22:00:00+00:00,655.69,656.76,655.69,656.49,12472
2026-04-27 23:00:00+00:00,656.53,656.69,656.33,656.49,7807
2026-04-28 08:00:00+00:00,655.54,656.21,654.04,655.06,17394
2026-04-28 09:00:00+00:00,655.12,655.12,654.01,654.43,9274
2026-04-28 10:00:00+00:00,654.38,654.38,653.8,654.08,5060
2026-04-28 11:00:00+00:00,654.07,654.24,651.08,651.25,42360
2026-04-28 12:00:00+00:00,651.3,652.32,650.34,652.3,485506
2026-04-28 13:00:00+00:00,652.22,653.49,651.51,652.31,1115238
2026-04-28 14:00:00+00:00,652.3,653.0,650.12,651.27,943957
2026-04-28 15:00:00+00:00,651.34,651.8,650.27,650.82,543058
2026-04-28 16:00:00+00:00,650.82,651.36,650.28,650.98,426716
2026-04-28 17:00:00+00:00,650.97,651.87,650.37,651.79,333087
2026-04-28 18:00:00+00:00,651.81,652.36,651.54,652.24,390138
2026-04-28 19:00:00+00:00,652.23,652.83,651.95,652.37,802180
2026-04-28 20:00:00+00:00,652.36,652.8,652.05,652.46,490222
2026-04-28 21:00:00+00:00,652.53,652.54,652.34,652.47,4197
2026-04-28 22:00:00+00:00,652.55,652.91,652.55,652.79,1989
2026-04-28 23:00:00+00:00,652.75,653.1,652.68,653.1,3957
2026-04-29 08:00:00+00:00,652.88,653.95,652.1,652.74,13480
2026-04-29 09:00:00+00:00,652.41,652.89,652.16,652.24,4160
2026-04-29 10:00:00+00:00,652.16,653.28,652.1,652.95,7504
2026-04-29 11:00:00+00:00,652.96,653.18,652.34,652.7,16833
2026-04-29 12:00:00+00:00,652.7,652.7,651.73,652.23,411790
2026-04-29 13:00:00+00:00,652.3,652.62,650.54,651.55,849759
2026-04-29 14:00:00+00:00,651.53,652.82,651.09,652.13,474418
2026-04-29 15:00:00+00:00,652.2,652.21,650.11,650.86,897399
2026-04-29 16:00:00+00:00,650.88,651.5,649.86,650.53,387108
2026-04-29 17:00:00+00:00,650.61,651.51,650.13,651.33,424657
2026-04-29 18:00:00+00:00,651.4,651.4,649.37,651.37,536943
2026-04-29 19:00:00+00:00,651.48,652.3,650.82,652.28,752349
2026-04-29 20:00:00+00:00,652.35,654.1,648.91,649.79,1533382
2026-04-29 21:00:00+00:00,649.78,651.5,649.29,651.1,9875
2026-04-29 22:00:00+00:00,650.74,654.59,650.52,653.68,51537
2026-04-29 23:00:00+00:00,653.64,654.29,653.23,654.26,13395
2026-04-30 08:00:00+00:00,650.38,652.37,649.61,651.96,51993
2026-04-30 09:00:00+00:00,652.18,653.68,651.48,652.46,12216
2026-04-30 10:00:00+00:00,652.58,653.91,652.58,653.05,17624
2026-04-30 11:00:00+00:00,653.44,655.09,653.43,654.6,26858
2026-04-30 12:00:00+00:00,654.63,656.09,652.34,655.48,418991
2026-04-30 13:00:00+00:00,655.65,655.89,651.56,651.99,687873
2026-04-30 14:00:00+00:00,651.99,654.62,651.25,654.49,718443
2026-04-30 15:00:00+00:00,654.49,655.48,654.02,655.06,665974
2026-04-30 16:00:00+00:00,655.08,655.78,654.42,654.82,391322
2026-04-30 17:00:00+00:00,654.83,657.41,654.82,657.33,406298
2026-04-30 18:00:00+00:00,657.29,658.91,657.29,658.51,462747
2026-04-30 19:00:00+00:00,658.48,659.85,658.42,658.55,1586677
2026-04-30 20:00:00+00:00,658.55,659.72,658.55,659.33,551653
2026-04-30 21:00:00+00:00,659.11,660.07,658.46,659.81,8171
2026-04-30 22:00:00+00:00,659.96,660.66,659.38,659.5,13825
2026-04-30 23:00:00+00:00,659.59,660.19,659.56,659.88,7029
2026-05-01 08:00:00+00:00,660.81,660.81,659.71,659.79,13134
2026-05-01 09:00:00+00:00,659.56,660.11,659.56,660.11,3698
2026-05-01 10:00:00+00:00,660.14,660.25,659.92,660.08,1557
2026-05-01 11:00:00+00:00,660.23,660.43,659.83,660.4,9067
2026-05-01 12:00:00+00:00,660.57,661.69,660.27,660.6,69753
2026-05-01 13:00:00+00:00,660.61,664.02,660.61,663.86,958415
2026-05-01 14:00:00+00:00,663.91,664.48,662.15,662.56,800678
2026-05-01 15:00:00+00:00,662.43,664.04,661.92,663.15,597854
2026-05-01 16:00:00+00:00,663.17,663.32,661.38,661.76,458083
2026-05-01 17:00:00+00:00,661.72,662.94,661.72,662.58,440618
2026-05-01 18:00:00+00:00,662.63,662.69,660.74,661.09,524677
2026-05-01 19:00:00+00:00,661.06,662.37,660.46,660.64,936148
2026-05-01 20:00:00+00:00,660.6,660.65,659.08,659.74,702006
2026-05-01 21:00:00+00:00,659.83,660.61,659.64,660.08,6117
2026-05-01 22:00:00+00:00,660.49,660.49,660.08,660.4,8908
2026-05-01 23:00:00+00:00,660.31,660.33,660.08,660.08,3838
2026-05-04 08:00:00+00:00,660.83,662.13,660.56,661.17,39731
2026-05-04 09:00:00+00:00,661.06,661.65,661.06,661.46,6401
2026-05-04 10:00:00+00:00,661.03,661.03,656.92,659.84,51442
2026-05-04 11:00:00+00:00,659.78,660.24,658.9,659.58,35337
2026-05-04 12:00:00+00:00,659.61,660.51,659.61,659.82,443503
2026-05-04 13:00:00+00:00,659.92,660.73,659.05,660.73,896977
2026-05-04 14:00:00+00:00,660.68,661.92,659.92,660.85,735357
2026-05-04 15:00:00+00:00,660.88,661.3,657.27,657.78,799873
2026-05-04 16:00:00+00:00,657.78,658.0,655.48,656.85,829815
2026-05-04 17:00:00+00:00,656.85,658.75,656.79,658.47,478006
2026-05-04 18:00:00+00:00,658.46,659.09,657.12,657.66,390901
2026-05-04 19:00:00+00:00,657.76,658.39,657.41,658.23,843451
2026-05-04 20:00:00+00:00,658.2,658.21,657.58,657.79,522154
2026-05-04 21:00:00+00:00,657.83,658.08,657.75,658.08,8849
2026-05-04 22:00:00+00:00,658.37,658.63,657.88,657.99,4876
2026-05-04 23:00:00+00:00,657.9,658.13,657.74,658.03,5770
2026-05-05 08:00:00+00:00,659.48,660.63,659.17,660.53,17073
2026-05-05 09:00:00+00:00,660.28,660.64,660.24,660.53,4137
2026-05-05 10:00:00+00:00,660.43,661.12,660.42,660.55,5605
2026-05-05 11:00:00+00:00,660.57,660.9,660.01,660.88,15794
2026-05-05 12:00:00+00:00,660.77,661.68,660.74,661.26,17347
2026-05-05 13:00:00+00:00,661.23,662.57,661.23,662.36,1268982
2026-05-05 14:00:00+00:00,662.31,663.35,661.63,662.89,720666
2026-05-05 15:00:00+00:00,662.91,663.36,662.69,662.79,500935
2026-05-05 16:00:00+00:00,662.8,663.5,662.76,663.19,486020
2026-05-05 17:00:00+00:00,663.2,663.85,662.87,663.69,476711
2026-05-05 18:00:00+00:00,663.69,664.32,663.68,663.98,423267
2026-05-05 19:00:00+00:00,663.98,664.61,662.99,663.37,693391
2026-05-05 20:00:00+00:00,663.37,664.95,663.27,664.58,414277
2026-05-05 21:00:00+00:00,664.2,664.64,664.2,664.48,3977
2026-05-05 22:00:00+00:00,664.44,666.4,664.1,666.15,72532
2026-05-05 23:00:00+00:00,666.13,666.39,665.78,665.98,15074
2026-05-06 08:00:00+00:00,665.54,668.65,664.85,667.97,52530
2026-05-06 09:00:00+00:00,667.9,668.6,666.93,668.6,14595
2026-05-06 10:00:00+00:00,668.54,670.56,668.48,670.06,31301
2026-05-06 11:00:00+00:00,670.04,670.7,668.95,669.05,54334
2026-05-06 12:00:00+00:00,669.06,669.06,667.22,668.34,61318
2026-05-06 13:00:00+00:00,667.98,669.03,667.21,668.88,895107
2026-05-06 14:00:00+00:00,668.94,671.19,668.03,671.17,895351
2026-05-06 15:00:00+00:00,671.16,671.47,670.07,670.72,671350
2026-05-06 16:00:00+00:00,670.69,671.06,669.7,670.09,482700
2026-05-06 17:00:00+00:00,670.12,671.14,669.81,671.14,558590
2026-05-06 18:00:00+00:00,671.14,672.35,671.07,671.9,800492
2026-05-06 19:00:00+00:00,671.89,673.38,671.87,672.66,1094146
2026-05-06 20:00:00+00:00,672.7,673.29,672.46,672.55,893451
2026-05-06 21:00:00+00:00,672.58,673.04,672.0,672.0,9016
2026-05-06 22:00:00+00:00,671.99,672.26,671.78,671.83,8742
2026-05-06 23:00:00+00:00,671.79,672.06,671.79,671.89,4642
2026-05-07 08:00:00+00:00,673.34,674.58,673.01,673.56,22514
2026-05-07 09:00:00+00:00,673.44,673.77,673.2,673.26,1115
2026-05-07 10:00:00+00:00,673.29,673.72,672.99,673.64,4748
2026-05-07 11:00:00+00:00,673.52,673.75,673.24,673.67,15551
2026-05-07 12:00:00+00:00,673.52,674.13,672.21,674.05,53566
2026-05-07 13:00:00+00:00,674.0,674.09,672.47,672.83,889250
2026-05-07 14:00:00+00:00,672.84,674.78,672.77,674.76,1118624
2026-05-07 15:00:00+00:00,674.78,674.79,672.69,672.83,561865
2026-05-07 16:00:00+00:00,672.85,672.85,670.68,671.03,1061035
2026-05-07 17:00:00+00:00,671.1,671.6,669.0,670.82,561924
2026-05-07 18:00:00+00:00,670.84,671.21,668.97,670.23,430219
2026-05-07 19:00:00+00:00,670.26,670.91,669.22,670.63,834059
2026-05-07 20:00:00+00:00,670.61,671.92,669.5,669.5,311183
2026-05-07 21:00:00+00:00,669.84,669.84,667.69,668.25,24808
2026-05-07 22:00:00+00:00,668.39,670.16,668.23,669.31,58793
2026-05-07 23:00:00+00:00,669.25,670.45,669.25,670.45,8415
2026-05-08 08:00:00+00:00,672.84,673.59,671.9,673.51,21543
2026-05-08 09:00:00+00:00,673.64,674.24,673.25,673.58,8350
2026-05-08 10:00:00+00:00,673.74,673.85,673.5,673.5,9169
2026-05-08 11:00:00+00:00,673.73,674.24,673.73,674.09,14606
2026-05-08 12:00:00+00:00,674.05,675.21,673.66,673.76,460024
2026-05-08 13:00:00+00:00,673.84,675.3,673.13,675.3,701263
2026-05-08 14:00:00+00:00,675.33,676.13,674.79,675.73,589227
2026-05-08 15:00:00+00:00,675.67,675.94,674.75,675.5,519739
2026-05-08 16:00:00+00:00,675.54,676.28,675.46,675.51,340873
2026-05-08 17:00:00+00:00,675.48,676.43,675.43,675.79,320144
2026-05-08 18:00:00+00:00,675.77,676.56,674.79,675.06,467424
2026-05-08 19:00:00+00:00,675.05,676.17,675.05,676.08,886910
2026-05-08 20:00:00+00:00,676.11,676.39,675.71,675.96,77913
2026-05-08 21:00:00+00:00,675.92,676.13,675.91,676.05,7292
2026-05-08 22:00:00+00:00,676.01,676.48,676.01,676.33,12647
2026-05-08 23:00:00+00:00,676.33,676.65,676.13,676.13,8023
2026-05-11 08:00:00+00:00,675.88,675.88,674.99,675.66,23043
2026-05-11 09:00:00+00:00,675.62,676.03,675.57,675.6,5542
2026-05-11 10:00:00+00:00,675.62,675.63,675.23,675.3,3466
2026-05-11 11:00:00+00:00,675.33,675.97,675.22,675.41,41153
2026-05-11 12:00:00+00:00,675.46,675.62,674.54,675.01,478017
2026-05-11 13:00:00+00:00,675.02,677.57,674.85,677.15,1509843
2026-05-11 14:00:00+00:00,677.16,678.29,676.18,678.05,791926
2026-05-11 15:00:00+00:00,678.05,678.64,677.42,678.56,558533
2026-05-11 16:00:00+00:00,678.56,678.75,677.31,677.77,474575
2026-05-11 17:00:00+00:00,677.84,679.08,677.34,678.54,455133
2026-05-11 18:00:00+00:00,678.52,678.94,677.0,677.0,497482
2026-05-11 19:00:00+00:00,677.04,677.63,676.66,677.62,802669
2026-05-11 20:00:00+00:00,677.62,677.71,676.6,677.34,163620
2026-05-11 21:00:00+00:00,677.52,677.55,677.17,677.47,8168
2026-05-11 22:00:00+00:00,677.37,678.09,677.37,677.92,9548
2026-05-11 23:00:00+00:00,677.87,677.94,677.61,677.63,6014
2026-05-12 08:00:00+00:00,675.86,676.75,674.54,675.02,16388
2026-05-12 09:00:00+00:00,675.06,675.67,675.06,675.2,1282
2026-05-12 10:00:00+00:00,675.32,675.65,674.94,675.25,2692
2026-05-12 11:00:00+00:00,675.36,675.49,674.47,675.08,30944
2026-05-12 12:00:00+00:00,674.99,676.07,674.15,675.92,460304
2026-05-12 13:00:00+00:00,675.93,676.05,673.61,673.86,751814
2026-05-12 14:00:00+00:00,673.96,675.01,672.43,672.65,812337
2026-05-12 15:00:00+00:00,672.69,672.89,670.86,671.47,720135
2026-05-12 16:00:00+00:00,671.45,672.35,670.85,671.11,750289
2026-05-12 17:00:00+00:00,671.2,673.92,671.03,673.85,616109
2026-05-12 18:00:00+00:00,673.83,675.16,673.48,674.67,714872
2026-05-12 19:00:00+00:00,674.66,677.29,674.63,676.72,990027
2026-05-12 20:00:00+00:00,676.7,676.76,673.71,676.09,200287
2026-05-12 21:00:00+00:00,676.27,676.27,675.73,675.81,6489
2026-05-12 22:00:00+00:00,676.25,676.66,676.24,676.24,4932
2026-05-12 23:00:00+00:00,676.11,676.2,675.29,675.29,11049
2026-05-13 08:00:00+00:00,677.83,679.17,677.36,678.52,19056
2026-05-13 09:00:00+00:00,678.48,678.56,677.9,678.56,4238
2026-05-13 10:00:00+00:00,678.57,678.7,677.99,678.21,3907
2026-05-13 11:00:00+00:00,678.13,678.25,677.82,678.03,15586
2026-05-13 12:00:00+00:00,678.33,678.33,675.89,676.23,38877
2026-05-13 13:00:00+00:00,676.33,677.42,674.24,675.52,884852
2026-05-13 14:00:00+00:00,675.54,677.42,675.43,677.27,492295
2026-05-13 15:00:00+00:00,677.3,678.57,677.18,678.12,876181
2026-05-13 16:00:00+00:00,678.07,680.46,677.95,680.21,476622
2026-05-13 17:00:00+00:00,680.29,681.01,680.29,680.31,377793
2026-05-13 18:00:00+00:00,680.35,681.92,680.35,680.78,416253
2026-05-13 19:00:00+00:00,680.8,681.74,680.41,680.47,892232
2026-05-13 20:00:00+00:00,680.43,681.3,680.42,681.11,475605
2026-05-13 21:00:00+00:00,681.22,681.42,680.96,681.15,2940
2026-05-13 22:00:00+00:00,681.07,681.63,680.92,681.46,6815
2026-05-13 23:00:00+00:00,681.52,681.81,681.31,681.59,7175
2026-05-14 08:00:00+00:00,681.49,682.61,680.86,682.36,18718
2026-05-14 09:00:00+00:00,682.33,682.5,681.28,682.09,5727
2026-05-14 10:00:00+00:00,682.22,683.01,682.01,682.51,8934
2026-05-14 11:00:00+00:00,682.34,682.99,682.19,682.9,16244
2026-05-14 12:00:00+00:00,682.82,683.35,682.27,682.5,26551
2026-05-14 13:00:00+00:00,682.31,683.74,681.67,682.42,733736
2026-05-14 14:00:00+00:00,682.4,685.27,682.29,684.95,649742
2026-05-14 15:00:00+00:00,684.99,686.88,684.9,686.84,615885
2026-05-14 16:00:00+00:00,686.88,687.1,684.94,685.53,637949
2026-05-14 17:00:00+00:00,685.58,685.96,684.18,685.51,496337
2026-05-14 18:00:00+00:00,685.39,686.04,684.48,685.97,444676
2026-05-14 19:00:00+00:00,685.97,686.32,685.47,685.73,656694
2026-05-14 20:00:00+00:00,685.75,686.12,684.99,685.36,1122603
2026-05-14 21:00:00+00:00,685.72,685.73,685.3,685.69,4331
2026-05-14 22:00:00+00:00,685.72,685.8,685.34,685.65,13624
2026-05-14 23:00:00+00:00,685.79,686.0,685.26,685.32,4231
2026-05-15 08:00:00+00:00,682.1,684.12,677.89,679.02,40099
2026-05-15 09:00:00+00:00,679.01,679.54,677.99,678.72,13322
2026-05-15 10:00:00+00:00,678.98,680.9,678.49,680.39,9244
2026-05-15 11:00:00+00:00,680.53,680.82,678.92,678.92,28514
2026-05-15 12:00:00+00:00,678.77,678.77,677.35,678.03,493517
2026-05-15 13:00:00+00:00,678.03,680.21,676.47,677.58,1410337
2026-05-15 14:00:00+00:00,677.59,680.82,677.39,679.28,995525
2026-05-15 15:00:00+00:00,679.3,680.16,677.56,678.62,666882
2026-05-15 16:00:00+00:00,678.64,679.92,678.08,679.25,456593
2026-05-15 17:00:00+00:00,679.16,681.1,678.98,681.1,365731
2026-05-15 18:00:00+00:00,681.22,681.54,678.78,679.85,524696
2026-05-15 19:00:00+00:00,679.84,679.95,677.03,677.5,1175026
2026-05-15 20:00:00+00:00,677.49,677.51,675.53,676.44,365391
2026-05-15 21:00:00+00:00,676.06,676.74,676.06,676.5,8001
2026-05-15 22:00:00+00:00,676.69,677.38,676.53,676.65,7361
2026-05-15 23:00:00+00:00,676.65,676.75,675.91,675.98,14774
2026-05-18 08:00:00+00:00,674.24,676.15,672.73,676.15,44368
2026-05-18 09:00:00+00:00,676.16,676.25,675.36,675.47,3883
2026-05-18 10:00:00+00:00,675.59,675.59,674.33,674.57,3260
2026-05-18 11:00:00+00:00,674.66,677.51,673.73,675.83,38052
2026-05-18 12:00:00+00:00,676.27,679.46,676.0,679.29,443419
2026-05-18 13:00:00+00:00,679.14,679.63,676.12,678.85,1636952
2026-05-18 14:00:00+00:00,678.75,679.13,675.1,676.88,1125964
2026-05-18 15:00:00+00:00,676.91,677.43,673.95,674.96,656648
2026-05-18 16:00:00+00:00,675.04,676.46,673.07,675.14,494456
2026-05-18 17:00:00+00:00,675.06,675.97,674.66,675.66,381714
2026-05-18 18:00:00+00:00,675.68,675.7,672.29,672.49,567741
2026-05-18 19:00:00+00:00,672.56,677.2,672.49,676.91,1155996
2026-05-18 20:00:00+00:00,677.07,677.16,676.19,676.51,1029809
2026-05-18 21:00:00+00:00,676.53,676.75,676.36,676.64,4033
2026-05-18 22:00:00+00:00,677.02,678.08,676.97,677.76,14784
2026-05-18 23:00:00+00:00,677.83,678.13,677.14,677.14,6187
2026-05-19 08:00:00+00:00,675.53,677.58,674.09,676.23,14851
2026-05-19 09:00:00+00:00,675.66,675.67,673.42,674.56,2474
2026-05-19 10:00:00+00:00,674.53,674.82,673.38,674.82,17322
2026-05-19 11:00:00+00:00,674.7,675.15,673.83,673.83,12022
2026-05-19 12:00:00+00:00,673.82,675.13,673.54,674.85,20128
2026-05-19 13:00:00+00:00,675.0,675.01,672.0,674.05,994987
2026-05-19 14:00:00+00:00,674.02,674.07,670.6,672.09,865147
2026-05-19 15:00:00+00:00,672.09,672.81,670.77,671.87,549529
2026-05-19 16:00:00+00:00,671.97,674.95,671.34,674.8,470629
2026-05-19 17:00:00+00:00,674.79,676.18,674.65,675.4,443569
2026-05-19 18:00:00+00:00,675.42,675.86,673.04,673.29,422867
2026-05-19 19:00:00+00:00,673.23,674.78,671.53,672.65,1116435
2026-05-19 20:00:00+00:00,672.64,672.96,671.95,672.11,774766
2026-05-19 21:00:00+00:00,672.53,673.05,672.32,672.34,3836
2026-05-19 22:00:00+00:00,672.34,672.87,671.88,672.39,18932
2026-05-19 23:00:00+00:00,672.45,674.08,672.4,673.03,22632
2026-05-20 08:00:00+00:00,672.89,675.03,671.54,674.71,16988
2026-05-20 09:00:00+00:00,674.72,675.22,674.3,674.98,2454
2026-05-20 10:00:00+00:00,675.13,675.83,674.87,674.87,6015
2026-05-20 11:00:00+00:00,674.91,675.52,674.53,674.86,13957
2026-05-20 12:00:00+00:00,674.77,676.25,674.77,675.4,414538
2026-05-20 13:00:00+00:00,675.07,675.8,673.12,674.79,559965
2026-05-20 14:00:00+00:00,674.81,677.88,672.78,677.6,853199
2026-05-20 15:00:00+00:00,677.64,680.02,677.06,678.61,685282
2026-05-20 16:00:00+00:00,678.56,678.83,676.99,677.79,421581
2026-05-20 17:00:00+00:00,677.83,679.02,677.24,678.23,525906
2026-05-20 18:00:00+00:00,678.19,679.13,677.74,678.48,407516
2026-05-20 19:00:00+00:00,678.52,679.81,678.37,679.56,771873
2026-05-20 20:00:00+00:00,679.54,679.74,677.53,678.03,842627
2026-05-20 21:00:00+00:00,678.37,678.48,677.47,678.16,6991
2026-05-20 22:00:00+00:00,678.22,678.22,675.69,676.55,21327
2026-05-20 23:00:00+00:00,676.68,677.22,676.37,676.89,5918
2026-05-21 08:00:00+00:00,679.13,681.02,677.35,679.92,21909
2026-05-21 09:00:00+00:00,679.74,680.69,679.74,680.07,4648
2026-05-21 10:00:00+00:00,679.96,679.97,676.53,676.96,17594
2026-05-21 11:00:00+00:00,677.03,678.25,676.76,677.72,20793
2026-05-21 12:00:00+00:00,677.76,678.14,676.67,676.77,435355
2026-05-21 13:00:00+00:00,676.81,678.52,676.02,678.2,659847
2026-05-21 14:00:00+00:00,678.17,678.9,676.08,677.37,657715
2026-05-21 15:00:00+00:00,677.43,678.15,675.65,677.68,721568
2026-05-21 16:00:00+00:00,677.71,678.33,676.66,677.39,500274
2026-05-21 17:00:00+00:00,677.43,682.84,677.43,681.72,704716
2026-05-21 18:00:00+00:00,681.72,682.14,678.46,679.29,1095268
2026-05-21 19:00:00+00:00,679.25,681.26,679.25,680.81,794046
2026-05-21 20:00:00+00:00,680.84,681.23,680.76,681.09,1742599
2026-05-21 21:00:00+00:00,681.05,681.22,681.05,681.17,3678
2026-05-21 22:00:00+00:00,681.02,682.1,681.02,682.1,12487
2026-05-21 23:00:00+00:00,682.06,682.51,681.95,682.15,9231
2026-05-22 08:00:00+00:00,683.57,684.21,682.88,683.45,21007
2026-05-22 09:00:00+00:00,682.74,683.02,682.0,683.02,4911
2026-05-22 10:00:00+00:00,682.53,682.66,681.7,682.16,2897
2026-05-22 11:00:00+00:00,682.13,683.11,681.97,682.62,17340
2026-05-22 12:00:00+00:00,682.78,684.66,682.52,684.49,43303
2026-05-22 13:00:00+00:00,684.28,685.86,683.59,685.3,724491
2026-05-22 14:00:00+00:00,685.3,685.3,682.49,684.34,606828
2026-05-22 15:00:00+00:00,684.42,685.76,684.31,685.36,487808
2026-05-22 16:00:00+00:00,685.4,685.49,684.69,685.05,346976
2026-05-22 17:00:00+00:00,685.1,686.58,684.52,685.12,620957
2026-05-22 18:00:00+00:00,685.17,685.42,684.64,684.91,405532
2026-05-22 19:00:00+00:00,684.92,685.05,682.91,683.59,610829
2026-05-22 20:00:00+00:00,683.54,683.85,682.86,682.86,497892
2026-05-22 21:00:00+00:00,682.91,683.24,682.74,683.12,5928
2026-05-22 22:00:00+00:00,683.16,683.31,682.57,682.77,8289
2026-05-22 23:00:00+00:00,682.96,682.97,682.11,682.11,10641
2026-05-26 08:00:00+00:00,686.71,688.43,686.71,687.39,24054
2026-05-26 09:00:00+00:00,687.42,688.0,687.3,687.97,13047
2026-05-26 10:00:00+00:00,687.95,689.07,687.95,688.4,13827
2026-05-26 11:00:00+00:00,688.34,688.49,687.57,688.11,39960
2026-05-26 12:00:00+00:00,688.15,688.9,687.72,688.49,57407
2026-05-26 13:00:00+00:00,688.52,688.59,686.76,688.28,1132647
2026-05-26 14:00:00+00:00,688.3,689.5,688.06,688.82,685463
2026-05-26 15:00:00+00:00,688.86,688.9,686.08,686.57,777184
2026-05-26 16:00:00+00:00,686.6,687.59,686.29,686.62,410643
2026-05-26 17:00:00+00:00,686.62,687.04,686.19,686.68,422666
2026-05-26 18:00:00+00:00,686.7,687.57,686.45,686.73,390999
2026-05-26 19:00:00+00:00,686.76,688.34,686.54,687.99,820223
2026-05-26 20:00:00+00:00,688.01,688.07,687.33,687.47,1039118
2026-05-26 21:00:00+00:00,687.55,688.0,687.1,687.77,4301
2026-05-26 22:00:00+00:00,687.58,687.68,687.26,687.47,5554
2026-05-26 23:00:00+00:00,687.49,688.48,687.49,688.33,9991
2026-05-27 08:00:00+00:00,688.77,689.87,687.97,689.82,20749
2026-05-27 09:00:00+00:00,689.77,690.02,689.65,690.01,2474
2026-05-27 10:00:00+00:00,690.15,690.44,689.99,690.22,4125
2026-05-27 11:00:00+00:00,690.15,690.57,689.32,689.39,19743
2026-05-27 12:00:00+00:00,689.13,691.01,688.71,689.29,42693
2026-05-27 13:00:00+00:00,689.36,689.44,686.85,687.99,959850
2026-05-27 14:00:00+00:00,688.05,688.77,686.91,687.26,781168
2026-05-27 15:00:00+00:00,687.25,687.7,686.05,686.73,928508
2026-05-27 16:00:00+00:00,686.74,688.1,686.24,687.34,389161
2026-05-27 17:00:00+00:00,687.35,687.6,685.92,687.29,408157
2026-05-27 18:00:00+00:00,687.27,688.54,686.94,688.3,790674
2026-05-27 19:00:00+00:00,688.32,688.59,687.64,687.98,915995
2026-05-27 20:00:00+00:00,687.98,689.49,687.8,689.27,2186412
2026-05-27 21:00:00+00:00,689.03,689.49,688.82,688.82,6124
2026-05-27 22:00:00+00:00,689.32,689.52,688.24,688.64,11634
2026-05-27 23:00:00+00:00,688.71,688.83,687.5,687.55,16629
2026-05-28 08:00:00+00:00,687.16,687.62,685.15,687.3,26200
2026-05-28 09:00:00+00:00,687.76,687.76,687.2,687.56,1817
2026-05-28 10:00:00+00:00,687.37,687.37,686.01,686.25,12740
2026-05-28 11:00:00+00:00,686.31,686.7,686.1,686.5,21478
2026-05-28 12:00:00+00:00,686.5,688.69,686.48,688.07,441119
2026-05-28 13:00:00+00:00,688.09,688.51,686.85,687.74,751362
2026-05-28 14:00:00+00:00,687.72,691.21,687.54,690.18,1314216
2026-05-28 15:00:00+00:00,690.21,691.49,690.12,691.31,491439
2026-05-28 16:00:00+00:00,691.32,692.0,690.95,691.88,500657
2026-05-28 17:00:00+00:00,691.9,692.08,691.32,691.87,424994
2026-05-28 18:00:00+00:00,691.86,692.04,691.4,691.45,398235
2026-05-28 19:00:00+00:00,691.46,692.27,691.33,691.78,683951
2026-05-28 20:00:00+00:00,691.89,692.6,691.76,692.39,3479860
2026-05-28 21:00:00+00:00,692.38,692.67,692.03,692.53,5428
2026-05-28 22:00:00+00:00,692.6,692.75,692.18,692.19,7527
2026-05-28 23:00:00+00:00,692.21,692.57,692.07,692.21,10361
2026-05-29 08:00:00+00:00,692.83,693.09,692.08,692.53,16204
2026-05-29 09:00:00+00:00,692.59,693.39,692.59,692.98,5739
2026-05-29 10:00:00+00:00,692.77,692.98,692.47,692.87,2358
2026-05-29 11:00:00+00:00,692.9,693.45,692.51,693.16,19723
2026-05-29 12:00:00+00:00,693.14,693.24,692.5,693.13,23113
2026-05-29 13:00:00+00:00,692.98,694.83,692.62,694.75,855806
2026-05-29 14:00:00+00:00,694.75,694.98,691.88,693.13,775762
2026-05-29 15:00:00+00:00,693.11,694.39,692.98,693.46,515960
2026-05-29 16:00:00+00:00,693.48,694.73,693.38,693.82,493127
2026-05-29 17:00:00+00:00,693.84,694.02,692.37,692.43,518386
2026-05-29 18:00:00+00:00,692.42,693.79,692.35,692.6,569837
2026-05-29 19:00:00+00:00,692.64,694.56,692.48,693.47,976254
2026-05-29 20:00:00+00:00,693.46,693.8,691.82,693.1,221193
2026-05-29 21:00:00+00:00,693.08,693.34,692.71,692.78,10634
2026-05-29 22:00:00+00:00,692.87,692.97,692.7,692.82,7737
2026-05-29 23:00:00+00:00,692.97,693.19,692.77,692.94,9402
2026-06-01 08:00:00+00:00,695.18,695.67,694.64,695.31,20929
2026-06-01 09:00:00+00:00,695.39,695.51,694.92,694.92,7702
2026-06-01 10:00:00+00:00,695.07,695.6,695.01,695.51,2036
2026-06-01 11:00:00+00:00,695.49,696.04,695.33,695.39,25812
2026-06-01 12:00:00+00:00,695.23,695.31,694.58,694.86,26772
2026-06-01 13:00:00+00:00,694.81,694.93,691.92,692.78,1606784
2026-06-01 14:00:00+00:00,692.74,693.72,692.43,692.74,1162152
2026-06-01 15:00:00+00:00,692.82,694.4,692.58,693.73,997894
2026-06-01 16:00:00+00:00,693.75,694.95,692.95,694.88,639362
2026-06-01 17:00:00+00:00,694.88,697.03,694.04,696.38,827929
2026-06-01 18:00:00+00:00,696.36,696.65,696.12,696.31,539562
2026-06-01 19:00:00+00:00,696.35,696.52,695.01,695.28,1271428
2026-06-01 20:00:00+00:00,695.31,695.68,694.67,694.79,3072453
2026-06-01 21:00:00+00:00,694.92,695.23,694.66,695.23,4786
2026-06-01 22:00:00+00:00,694.88,694.88,693.38,693.59,11604
2026-06-01 23:00:00+00:00,693.62,693.87,693.39,693.59,10163
2026-06-02 08:00:00+00:00,693.98,694.98,692.58,694.73,20115
2026-06-02 09:00:00+00:00,694.47,694.66,694.08,694.46,8197
2026-06-02 10:00:00+00:00,694.22,694.41,694.11,694.14,3132
2026-06-02 11:00:00+00:00,694.03,694.36,693.78,693.9,20251
2026-06-02 12:00:00+00:00,693.85,694.41,693.77,693.85,17069
2026-06-02 13:00:00+00:00,693.98,694.68,693.08,694.52,669986
2026-06-02 14:00:00+00:00,694.57,696.51,694.22,696.49,761406
2026-06-02 15:00:00+00:00,696.52,697.12,696.18,696.46,457926
2026-06-02 16:00:00+00:00,696.47,696.74,695.94,696.63,381808
2026-06-02 17:00:00+00:00,696.62,696.72,695.62,695.71,561520
2026-06-02 18:00:00+00:00,695.71,696.13,695.47,695.86,424091
2026-06-02 19:00:00+00:00,695.88,696.44,695.87,696.26,1007361
2026-06-02 20:00:00+00:00,696.23,696.82,696.23,696.78,480499
2026-06-02 21:00:00+00:00,696.85,696.85,696.26,696.64,4349
2026-06-02 22:00:00+00:00,696.47,696.59,696.17,696.2,8426
2026-06-02 23:00:00+00:00,695.97,696.37,694.32,696.35,31946
2026-06-03 08:00:00+00:00,696.47,696.56,695.71,695.95,14362
2026-06-03 09:00:00+00:00,695.89,696.17,695.54,695.64,2198
2026-06-03 10:00:00+00:00,695.23,696.04,695.22,695.6,3329
2026-06-03 11:00:00+00:00,695.6,696.07,695.6,695.69,19432
2026-06-03 12:00:00+00:00,695.77,695.93,694.63,694.85,459481
2026-06-03 13:00:00+00:00,694.86,695.62,691.92,693.0,921235
2026-06-03 14:00:00+00:00,693.01,693.98,692.86,693.22,600642
2026-06-03 15:00:00+00:00,693.24,693.53,691.96,692.35,575327
2026-06-03 16:00:00+00:00,692.35,692.58,690.84,692.26,464683
2026-06-03 17:00:00+00:00,692.24,692.85,691.23,692.63,372488
2026-06-03 18:00:00+00:00,692.69,693.11,692.14,692.7,521424
2026-06-03 19:00:00+00:00,692.67,692.67,691.11,691.46,1261201
2026-06-03 20:00:00+00:00,691.35,691.49,688.78,689.12,810415
2026-06-03 21:00:00+00:00,689.35,689.75,687.5,688.17,25496
2026-06-03 22:00:00+00:00,688.09,689.04,687.8,688.73,21601
2026-06-03 23:00:00+00:00,688.86,688.89,687.59,688.03,16834
2026-06-04 08:00:00+00:00,689.96,690.31,688.64,688.69,16354
2026-06-04 09:00:00+00:00,688.54,689.6,688.1,689.44,6340
2026-06-04 10:00:00+00:00,689.4,689.4,687.87,688.05,11423
2026-06-04 11:00:00+00:00,688.2,689.27,687.55,688.99,23749
2026-06-04 12:00:00+00:00,689.15,689.76,688.58,689.56,22631
2026-06-04 13:00:00+00:00,689.63,690.95,688.89,690.45,2127360
2026-06-04 14:00:00+00:00,690.45,691.44,689.61,691.41,640688
2026-06-04 15:00:00+00:00,691.42,693.04,691.42,692.4,917856
2026-06-04 16:00:00+00:00,692.45,693.91,692.3,693.8,537959
2026-06-04 17:00:00+00:00,693.79,694.67,693.61,694.61,282185
2026-06-04 18:00:00+00:00,694.62,694.92,694.44,694.58,532192
2026-06-04 19:00:00+00:00,694.59,695.18,693.93,694.03,665620
2026-06-04 20:00:00+00:00,694.04,694.16,692.98,693.13,720035
2026-06-04 21:00:00+00:00,693.13,693.68,692.98,693.17,4641
2026-06-04 22:00:00+00:00,693.12,693.14,692.39,692.82,12265
2026-06-04 23:00:00+00:00,692.88,692.88,691.77,691.77,8026
2026-06-05 08:00:00+00:00,690.45,691.52,689.88,690.84,16312
2026-06-05 09:00:00+00:00,690.79,692.42,690.79,691.53,11498
2026-06-05 10:00:00+00:00,691.59,691.99,691.58,691.6,3150
2026-06-05 11:00:00+00:00,691.52,691.79,690.69,691.03,25049
2026-06-05 12:00:00+00:00,691.09,691.38,689.61,689.93,463070
2026-06-05 13:00:00+00:00,689.83,690.17,686.37,686.37,863059
2026-06-05 14:00:00+00:00,686.36,688.4,685.96,687.45,798750
2026-06-05 15:00:00+00:00,687.44,687.71,684.06,684.4,904041
2026-06-05 16:00:00+00:00,684.39,684.4,680.63,682.54,864243
2026-06-05 17:00:00+00:00,682.55,683.21,680.95,682.66,778265
2026-06-05 18:00:00+00:00,682.65,682.79,676.99,677.66,1337422
2026-06-05 19:00:00+00:00,677.67,678.18,674.29,676.02,2538282
2026-06-05 20:00:00+00:00,676.03,676.07,672.5,673.23,2299633
2026-06-05 21:00:00+00:00,673.27,675.03,672.84,674.07,39532
2026-06-05 22:00:00+00:00,674.09,675.87,674.04,675.77,31944
2026-06-05 23:00:00+00:00,675.88,675.97,673.92,673.99,42129
2026-06-08 08:00:00+00:00,678.25,678.52,675.06,677.24,32609
2026-06-08 09:00:00+00:00,677.69,678.91,677.64,678.69,20298
2026-06-08 10:00:00+00:00,678.58,679.5,677.76,678.85,17727
2026-06-08 11:00:00+00:00,678.79,681.44,678.32,680.52,54460
2026-06-08 12:00:00+00:00,680.6,682.43,680.54,681.69,71458
2026-06-08 13:00:00+00:00,681.76,682.7,679.15,679.16,1948744
2026-06-08 14:00:00+00:00,679.13,683.04,678.97,683.04,885289
2026-06-08 15:00:00+00:00,682.96,683.3,680.12,680.86,914143
2026-06-08 16:00:00+00:00,680.96,682.03,679.8,680.17,631707
2026-06-08 17:00:00+00:00,680.16,680.55,678.48,679.44,570361
2026-06-08 18:00:00+00:00,679.45,680.62,679.06,679.28,474698
2026-06-08 19:00:00+00:00,679.27,679.46,676.73,677.74,1154807
2026-06-08 20:00:00+00:00,677.69,677.99,677.01,677.53,2161264
2026-06-08 21:00:00+00:00,677.56,677.67,677.33,677.6,27965
2026-06-08 22:00:00+00:00,677.51,677.76,675.68,677.43,30784
2026-06-08 23:00:00+00:00,677.23,677.92,676.79,677.26,22393
2026-06-09 08:00:00+00:00,679.52,680.83,679.03,680.2,17634
2026-06-09 09:00:00+00:00,680.53,681.02,680.52,681.0,2158
2026-06-09 10:00:00+00:00,680.93,681.51,679.63,681.12,20840
2026-06-09 11:00:00+00:00,681.02,681.32,680.33,680.46,30241
2026-06-09 12:00:00+00:00,680.34,681.56,680.27,681.39,18471
2026-06-09 13:00:00+00:00,681.42,684.77,680.96,682.45,942583
2026-06-09 14:00:00+00:00,682.43,683.02,673.48,676.34,2160055
2026-06-09 15:00:00+00:00,676.36,676.92,668.24,668.33,1756764
2026-06-09 16:00:00+00:00,668.36,669.72,662.39,666.1,2252652
2026-06-09 17:00:00+00:00,666.22,672.83,665.88,671.53,1045794
2026-06-09 18:00:00+00:00,671.63,675.75,671.19,675.42,543789
2026-06-09 19:00:00+00:00,675.45,676.24,671.57,675.69,1293548
2026-06-09 20:00:00+00:00,675.71,676.23,674.93,675.39,6171530
2026-06-09 21:00:00+00:00,675.11,675.5,674.02,674.63,6543
2026-06-09 22:00:00+00:00,674.71,675.07,673.18,673.34,22873
2026-06-09 23:00:00+00:00,673.74,674.45,673.24,674.36,7978
2026-06-10 08:00:00+00:00,673.66,674.47,670.38,670.57,21944
2026-06-10 09:00:00+00:00,670.53,671.24,669.16,670.83,14182
2026-06-10 10:00:00+00:00,670.75,671.46,669.85,671.0,10074
2026-06-10 11:00:00+00:00,671.42,671.48,668.0,669.5,89273
2026-06-10 12:00:00+00:00,669.43,675.03,669.19,672.0,74993
2026-06-10 13:00:00+00:00,671.99,675.65,670.63,674.52,835278
2026-06-10 14:00:00+00:00,674.54,676.9,671.3,671.82,903593
2026-06-10 15:00:00+00:00,671.84,673.24,667.84,671.03,905866
2026-06-10 16:00:00+00:00,671.06,671.49,668.72,669.59,499549
2026-06-10 17:00:00+00:00,669.6,670.47,667.26,669.85,566268
2026-06-10 18:00:00+00:00,669.84,670.81,666.45,666.86,617604
2026-06-10 19:00:00+00:00,666.87,667.48,664.94,665.02,1215738
2026-06-10 20:00:00+00:00,665.03,665.11,663.27,664.4,10712848
2026-06-10 21:00:00+00:00,664.37,664.74,663.96,664.04,17398
2026-06-10 22:00:00+00:00,663.88,664.2,662.15,662.17,52007
2026-06-10 23:00:00+00:00,662.07,663.71,661.09,662.84,48526
2026-06-11 08:00:00+00:00,669.7,670.76,667.01,670.76,19537
2026-06-11 09:00:00+00:00,670.69,670.74,670.25,670.54,7749
2026-06-11 10:00:00+00:00,670.58,670.63,670.0,670.28,7026
2026-06-11 11:00:00+00:00,670.07,670.36,669.09,670.27,25887
2026-06-11 12:00:00+00:00,670.28,670.46,666.47,668.88,475074
2026-06-11 13:00:00+00:00,668.69,670.65,665.86,669.0,737540
2026-06-11 14:00:00+00:00,669.03,670.64,664.72,665.13,773857
2026-06-11 15:00:00+00:00,665.07,668.68,664.07,667.42,692140
2026-06-11 16:00:00+00:00,667.41,669.49,665.99,666.05,527829
2026-06-11 17:00:00+00:00,665.98,675.26,664.86,673.75,1277130
2026-06-11 18:00:00+00:00,673.77,675.0,671.55,674.49,689749
2026-06-11 19:00:00+00:00,674.48,678.4,674.12,676.25,1638318
2026-06-11 20:00:00+00:00,676.26,677.46,675.83,676.65,9579634
2026-06-11 21:00:00+00:00,676.96,676.96,676.26,676.46,16339
2026-06-11 22:00:00+00:00,676.58,678.03,676.58,677.72,28320
2026-06-11 23:00:00+00:00,677.68,678.18,676.87,678.02,36918
2026-06-12 08:00:00+00:00,677.13,679.33,674.73,678.28,31024
2026-06-12 09:00:00+00:00,678.61,681.42,678.6,680.46,14676
2026-06-12 10:00:00+00:00,680.57,680.87,678.81,679.19,11602
2026-06-12 11:00:00+00:00,679.16,681.24,679.02,680.78,30826
2026-06-12 12:00:00+00:00,680.92,680.92,677.1,677.27,43597
2026-06-12 13:00:00+00:00,677.34,679.23,673.85,675.39,1061108
2026-06-12 14:00:00+00:00,675.41,680.81,675.19,680.54,952164
2026-06-12 15:00:00+00:00,680.62,682.45,676.95,677.39,945727
2026-06-12 16:00:00+00:00,677.31,680.45,676.75,679.81,663686
2026-06-12 17:00:00+00:00,679.88,681.15,679.26,679.62,447158
2026-06-12 18:00:00+00:00,679.63,680.58,678.8,679.35,462687
2026-06-12 19:00:00+00:00,679.34,680.43,678.5,679.94,1453635
2026-06-12 20:00:00+00:00,679.97,680.92,679.91,680.34,310808
2026-06-12 21:00:00+00:00,680.21,680.85,680.21,680.62,6483
2026-06-12 22:00:00+00:00,680.62,680.92,680.38,680.79,6769
2026-06-12 23:00:00+00:00,680.62,680.92,680.52,680.52,7115
2026-06-15 08:00:00+00:00,688.27,688.99,686.5,688.45,50321
2026-06-15 09:00:00+00:00,688.74,688.84,687.82,688.18,7711
2026-06-15 10:00:00+00:00,688.2,688.55,688.2,688.49,3556
2026-06-15 11:00:00+00:00,688.56,689.5,688.48,689.03,61669
2026-06-15 12:00:00+00:00,688.94,689.24,688.19,688.88,34113
2026-06-15 13:00:00+00:00,688.78,691.37,688.64,690.68,1431904
2026-06-15 14:00:00+00:00,690.65,691.66,689.91,691.42,945361
2026-06-15 15:00:00+00:00,691.5,693.35,691.49,693.24,590710
2026-06-15 16:00:00+00:00,693.26,693.73,692.68,692.94,493774
2026-06-15 17:00:00+00:00,692.93,693.43,692.23,692.35,558859
2026-06-15 18:00:00+00:00,692.36,692.58,691.62,692.16,537329
2026-06-15 19:00:00+00:00,692.19,692.38,690.75,691.83,941983
2026-06-15 20:00:00+00:00,691.87,691.95,691.45,691.55,6885816
2026-06-15 21:00:00+00:00,691.64,691.88,691.49,691.81,4812
2026-06-15 22:00:00+00:00,691.88,691.88,690.51,690.92,12778
2026-06-15 23:00:00+00:00,690.87,691.24,690.63,691.14,10461
2026-06-16 08:00:00+00:00,691.48,691.9,690.82,691.71,14032
2026-06-16 09:00:00+00:00,691.67,691.96,691.08,691.16,9607
2026-06-16 10:00:00+00:00,691.19,692.07,691.19,692.07,3436
2026-06-16 11:00:00+00:00,692.05,692.48,691.9,692.2,18706
2026-06-16 12:00:00+00:00,692.12,692.5,691.31,691.79,21429
2026-06-16 13:00:00+00:00,691.62,692.55,691.25,691.27,825751
2026-06-16 14:00:00+00:00,691.36,692.33,689.67,690.25,709937
2026-06-16 15:00:00+00:00,690.28,691.03,689.13,690.15,1144168
2026-06-16 16:00:00+00:00,690.14,691.23,689.69,690.08,511070
2026-06-16 17:00:00+00:00,690.08,690.15,688.9,689.5,479494
2026-06-16 18:00:00+00:00,689.44,689.71,689.04,689.18,448172
2026-06-16 19:00:00+00:00,689.17,689.26,687.44,687.72,1425874
2026-06-16 20:00:00+00:00,687.91,687.93,687.06,687.49,7782619
2026-06-16 21:00:00+00:00,687.55,688.49,687.41,688.02,10661
2026-06-16 22:00:00+00:00,687.75,688.79,687.75,688.69,13671
2026-06-16 23:00:00+00:00,688.46,688.6,688.2,688.22,6082
2026-06-17 08:00:00+00:00,689.77,690.09,688.75,689.08,14611
2026-06-17 09:00:00+00:00,689.12,689.24,688.27,688.27,5524
2026-06-17 10:00:00+00:00,688.0,688.94,687.89,688.49,5938
2026-06-17 11:00:00+00:00,688.39,688.88,687.76,687.97,17287
2026-06-17 12:00:00+00:00,688.1,688.82,688.1,688.7,498058
2026-06-17 13:00:00+00:00,688.66,689.18,687.46,687.46,846269
2026-06-17 14:00:00+00:00,687.46,689.52,685.58,686.72,668506
2026-06-17 15:00:00+00:00,686.7,688.4,686.3,688.17,447822
2026-06-17 16:00:00+00:00,688.26,688.54,687.52,687.6,329580
2026-06-17 17:00:00+00:00,687.6,688.38,686.32,688.38,361154
2026-06-17 18:00:00+00:00,688.3,688.3,681.59,683.9,1787639
2026-06-17 19:00:00+00:00,683.89,684.86,677.67,679.35,1913415
2026-06-17 20:00:00+00:00,679.35,681.36,679.28,681.02,8189406
2026-06-17 21:00:00+00:00,681.32,681.42,680.27,681.2,7254
2026-06-17 22:00:00+00:00,681.02,682.44,680.52,682.33,24595
2026-06-17 23:00:00+00:00,682.3,683.61,682.28,683.61,12031
2026-06-18 08:00:00+00:00,685.71,686.57,684.11,684.85,102172
2026-06-18 09:00:00+00:00,684.73,686.13,684.73,686.08,3574
2026-06-18 10:00:00+00:00,685.97,686.2,685.15,685.22,12021
2026-06-18 11:00:00+00:00,685.34,685.39,683.27,684.21,26850
2026-06-18 12:00:00+00:00,684.15,686.18,684.06,685.85,511108
2026-06-18 13:00:00+00:00,685.7,687.7,683.71,684.39,762177
2026-06-18 14:00:00+00:00,684.45,686.83,684.04,686.43,4506873
2026-06-18 15:00:00+00:00,686.47,686.58,684.11,685.89,1358215
2026-06-18 16:00:00+00:00,685.87,686.78,685.45,686.25,1121794
2026-06-18 17:00:00+00:00,686.22,687.58,686.0,686.57,865887
2026-06-18 18:00:00+00:00,686.58,686.64,685.78,686.02,859404
2026-06-18 19:00:00+00:00,685.97,687.51,684.93,686.14,2320226
2026-06-18 20:00:00+00:00,686.1,687.91,685.9,687.01,5366713
2026-06-18 21:00:00+00:00,687.11,687.72,687.11,687.35,7215
2026-06-18 22:00:00+00:00,687.54,687.55,686.0,686.21,9792
2026-06-18 23:00:00+00:00,686.25,686.64,686.06,686.55,5557
2026-06-22 08:00:00+00:00,686.67,687.0,683.13,685.69,39231
2026-06-22 09:00:00+00:00,685.66,686.22,685.61,685.63,9674
2026-06-22 10:00:00+00:00,685.7,686.38,685.69,685.85,85357
2026-06-22 11:00:00+00:00,685.82,687.43,685.82,686.14,26500
2026-06-22 12:00:00+00:00,686.32,687.47,686.32,686.74,19941
2026-06-22 13:00:00+00:00,686.76,689.24,686.76,689.18,894620
2026-06-22 14:00:00+00:00,689.19,689.49,683.05,684.42,1136807
2026-06-22 15:00:00+00:00,684.45,685.88,683.7,684.38,993779
2026-06-22 16:00:00+00:00,684.52,685.02,683.45,684.71,923091
2026-06-22 17:00:00+00:00,684.71,685.02,683.79,684.46,416328
2026-06-22 18:00:00+00:00,684.48,685.39,683.45,683.51,444294
2026-06-22 19:00:00+00:00,683.57,684.53,683.01,684.0,759290
2026-06-22 20:00:00+00:00,684.11,684.77,684.09,684.23,7652322
2026-06-22 21:00:00+00:00,684.3,684.71,684.19,684.28,3730
2026-06-22 22:00:00+00:00,684.45,684.78,683.4,683.6,15038
2026-06-22 23:00:00+00:00,683.57,683.57,683.08,683.36,10794
2026-06-23 08:00:00+00:00,674.98,681.65,673.68,674.37,59582
2026-06-23 09:00:00+00:00,674.68,675.72,674.51,675.54,7779
2026-06-23 10:00:00+00:00,675.95,676.05,674.49,675.03,8721
2026-06-23 11:00:00+00:00,674.99,676.49,674.69,676.32,34671
2026-06-23 12:00:00+00:00,676.33,676.53,674.34,674.59,42960
2026-06-23 13:00:00+00:00,674.59,677.58,673.06,677.54,1081178
2026-06-23 14:00:00+00:00,677.49,679.75,676.97,677.34,1187097
2026-06-23 15:00:00+00:00,677.41,677.72,674.84,676.41,720188
2026-06-23 16:00:00+00:00,676.42,678.25,676.33,677.77,620121
2026-06-23 17:00:00+00:00,677.78,678.32,676.21,676.23,611478
2026-06-23 18:00:00+00:00,676.28,676.96,674.02,674.66,645590
2026-06-23 19:00:00+00:00,674.61,676.06,674.2,674.37,1418910
2026-06-23 20:00:00+00:00,674.36,675.46,674.12,675.43,10907664
2026-06-23 21:00:00+00:00,675.57,675.81,675.03,675.43,21799
2026-06-23 22:00:00+00:00,675.55,675.92,673.98,674.5,17852
2026-06-23 23:00:00+00:00,674.24,675.84,673.23,675.53,18407
2026-06-24 08:00:00+00:00,675.46,676.76,674.95,675.53,20955
2026-06-24 09:00:00+00:00,675.75,675.75,675.01,675.36,2644
2026-06-24 10:00:00+00:00,675.57,676.61,675.33,675.81,6495
2026-06-24 11:00:00+00:00,676.03,677.2,675.44,677.08,12236
2026-06-24 12:00:00+00:00,676.93,677.49,675.84,676.03,500186
2026-06-24 13:00:00+00:00,676.07,678.0,674.89,676.44,823116
2026-06-24 14:00:00+00:00,676.44,679.85,674.72,679.74,740110
2026-06-24 15:00:00+00:00,679.85,680.09,678.14,678.65,560294
2026-06-24 16:00:00+00:00,678.6,679.1,675.99,676.14,543213
2026-06-24 17:00:00+00:00,676.14,676.89,672.14,672.65,633222
2026-06-24 18:00:00+00:00,672.69,675.2,672.09,672.7,648284
2026-06-24 19:00:00+00:00,672.8,673.98,671.72,673.77,1022961
2026-06-24 20:00:00+00:00,673.8,678.6,673.62,678.17,4182005
2026-06-24 21:00:00+00:00,678.33,678.47,677.4,678.25,12399
2026-06-24 22:00:00+00:00,678.27,678.91,677.1,677.12,32961
2026-06-24 23:00:00+00:00,677.13,678.03,676.91,677.53,29684
2026-06-25 08:00:00+00:00,678.13,679.55,677.03,678.58,14531
2026-06-25 09:00:00+00:00,678.42,678.9,678.42,678.62,6665
2026-06-25 10:00:00+00:00,678.72,679.23,678.72,678.82,4341
2026-06-25 11:00:00+00:00,679.0,679.24,677.97,678.25,18618
2026-06-25 12:00:00+00:00,678.25,680.02,677.93,679.22,34961
2026-06-25 13:00:00+00:00,679.25,679.56,670.63,670.85,811234
2026-06-25 14:00:00+00:00,670.76,678.17,670.76,675.77,871212
2026-06-25 15:00:00+00:00,675.69,676.89,672.62,674.75,564776
2026-06-25 16:00:00+00:00,674.73,676.69,672.4,673.29,489683
2026-06-25 17:00:00+00:00,673.35,674.73,672.44,674.11,469303
2026-06-25 18:00:00+00:00,674.12,676.46,672.19,674.43,632167
2026-06-25 19:00:00+00:00,674.39,674.44,672.16,673.91,1166525
2026-06-25 20:00:00+00:00,673.93,676.25,673.64,674.58,21263984
2026-06-25 21:00:00+00:00,674.78,675.08,674.02,674.33,16263
2026-06-25 22:00:00+00:00,674.05,674.05,673.04,673.63,9846
2026-06-25 23:00:00+00:00,673.95,676.17,673.2,673.51,14401
2026-06-26 08:00:00+00:00,673.41,673.41,668.63,670.54,35383
2026-06-26 09:00:00+00:00,670.43,671.31,669.98,670.86,15447
2026-06-26 10:00:00+00:00,669.86,670.66,669.59,670.32,3521
2026-06-26 11:00:00+00:00,670.41,671.077,669.75,670.27,17046
2026-06-26 12:00:00+00:00,670.3447,672.0,669.99,670.2601,20823
2026-06-26 13:00:00+00:00,670.15,672.16,668.1,671.785,956894
2026-06-26 14:00:00+00:00,671.61,674.83,671.55,673.23,766629
2026-06-26 15:00:00+00:00,673.305,676.955,672.43,675.93,535123
2026-06-26 16:00:00+00:00,675.89,676.0412,673.46,675.0699,450295
2026-06-26 17:00:00+00:00,675.04,676.32,674.1,674.33,395403
2026-06-26 18:00:00+00:00,674.4,675.1427,672.15,672.44,473520
2026-06-26 19:00:00+00:00,672.455,674.49,669.74,670.17,1679940
2026-06-26 20:00:00+00:00,670.17,673.629,669.66,671.69,728887
2026-06-26 21:00:00+00:00,671.3211,672.12,671.3,671.7,5479
2026-06-26 22:00:00+00:00,672.07,672.5,671.99,672.19,6851
2026-06-26 23:00:00+00:00,672.06,672.6,672.06,672.6,6942
